attempt_id,arm,constraint,exploration_m,holdout_env_stream,eval_seed,n_paths,latent_loc,scale,status,mean_terminal_log_wealth,cvar_log_loss,var_log_loss,max_drawdown_q95,q01_terminal_wealth,severe_loss_probability,executed_mean,executed_variance,boundary_mass_lower,boundary_mass_upper,completed_at_utc
0faf4c8312b74ad6d3e37114bcc5114b4e3979410dcccde3d8820217dab70369,ANALYTIC_MERTON,LONG_ONLY_CAP50,0.01,0,0,600,2.1181854882076263,0.4812934966175245,COMPLETED,0.010825123539801655,0.048363667473957365,0.03768176571612382,0.06682169195237528,0.9487939512549944,0.0,0.38224507480017267,0.010761079143780437,0.0,0.0,2026-09-21T07:08:21.420530+00:00
1978a16462e9a1b888c78b2cbf12c19278d230f0b90c5cd78593e470dbad94bb,ANALYTIC_MERTON,LONG_ONLY_FULL,0.01,0,0,600,2.1181854882076263,0.4812934966175245,COMPLETED,0.02033115453877386,0.10086073193198712,0.08083318149624868,0.13544040880522926,0.8992824889387919,0.0,0.8378903786673261,0.02185927656491353,0.0,0.0,2026-09-21T07:08:21.403376+00:00
7ef05081771f6759a826593e78b4a9f584e3943f79eb2c0381a280ce21c1a26f,ANALYTIC_MERTON,LONG_ONLY_CAP50,0.01,0,1,600,2.1181854882076263,0.4812934966175245,COMPLETED,0.011162809741389251,0.04543682093202331,0.0300086923645891,0.06686068666687013,0.94819256451072,0.0,0.38200047156388744,0.010780764483617573,0.0,0.0,2026-09-21T07:08:20.796353+00:00
a5be2167a3aa4c7666f76f85c99d56606d25b83f56fb5942e111920edeb31f1f,ANALYTIC_MERTON,LONG_ONLY_FULL,0.01,0,1,600,2.1181854882076263,0.4812934966175245,COMPLETED,0.021015193728274064,0.0940985726948081,0.060460618470249076,0.1381266457908425,0.8948123361382009,0.0,0.8374750452904169,0.021988836598992534,0.0,0.0,2026-09-21T07:08:20.780064+00:00
ae6144f854549e6cb843387895b1edcfd27704ef4d23fbd9dee5df4fce465fe1,ANALYTIC_MERTON,LONG_ONLY_CAP50,0.01,0,2,600,2.1181854882076263,0.4812934966175245,COMPLETED,0.01116418026580842,0.04083251158553727,0.027216723834908963,0.06506554384667426,0.9509798433849959,0.0,0.38022992873197303,0.010970852172631463,0.0,0.0,2026-09-21T07:08:21.258323+00:00
ffde4a713e88897227f1415126e93804aa898d4dcad7613ac6a07ca6a82d0064,ANALYTIC_MERTON,LONG_ONLY_FULL,0.01,0,2,600,2.1181854882076263,0.4812934966175245,COMPLETED,0.02082342282144523,0.08731317999124645,0.06054380597980721,0.13661840292740182,0.8980999803826292,0.0,0.8349919033711134,0.02241781778315642,0.0,0.0,2026-09-21T07:08:21.241014+00:00
65672e80fd63d0cd22a624958e1f2776907c3839c12c1be90badf518a40b0ac8,ANALYTIC_MERTON,LONG_ONLY_CAP50,0.01,0,3,600,2.1181854882076263,0.4812934966175245,COMPLETED,0.00943958860279523,0.04879113576014076,0.03410132140536227,0.06734813197129919,0.9443930259860346,0.0,0.38282976316597084,0.010723312088902674,0.0,0.0,2026-09-21T07:08:21.200074+00:00
84fc534450f43e60fe6f57769c2567f0f294b7845abdc14d222a478c41158930,ANALYTIC_MERTON,LONG_ONLY_FULL,0.01,0,3,600,2.1181854882076263,0.4812934966175245,COMPLETED,0.018258500750817166,0.10063787702516153,0.07158894245759953,0.14007791292459093,0.8897106579471467,0.0,0.8385825894245346,0.021921262136403684,0.0,0.0,2026-09-21T07:08:21.183764+00:00
80bfc9ed3ae9f9b7306cffbdc0f7815162d12c426e39989d56422aebd335598c,ANALYTIC_MERTON,LONG_ONLY_CAP50,0.01,0,4,600,2.1181854882076263,0.4812934966175245,COMPLETED,0.010047896297283311,0.04276669194121568,0.027781227473872027,0.06802299710720004,0.9511133251908798,0.0,0.3818192803172392,0.010749403642720366,0.0,0.0,2026-09-21T07:08:36.878419+00:00
f11be1ea490b63e925bab41d046a5ee2c14eaba0b6150fc13581b2431b054e64,ANALYTIC_MERTON,LONG_ONLY_FULL,0.01,0,4,600,2.1181854882076263,0.4812934966175245,COMPLETED,0.01923051523334216,0.09125957310837154,0.05953003251127946,0.1419154767626264,0.8958937917064981,0.0,0.8372964978382115,0.021856511324039995,0.0,0.0,2026-09-21T07:08:36.861955+00:00
7f9bf6b54d9cd7263b951dba30e6f0f6600081906851acd1aa597005bc63701f,ANALYTIC_MERTON,LONG_ONLY_CAP50,0.01,0,5,600,2.1181854882076263,0.4812934966175245,COMPLETED,0.011192528550366454,0.0431568018769011,0.029776003433464787,0.0679879821319642,0.9509302156941503,0.0,0.3815983088990796,0.010774179316681991,0.0,0.0,2026-09-21T07:08:35.786623+00:00
7d959176d362f7309c3e3de8104d4332a8289fa079423bea0a2316a7a4a952dd,ANALYTIC_MERTON,LONG_ONLY_FULL,0.01,0,5,600,2.1181854882076263,0.4812934966175245,COMPLETED,0.02230057592482919,0.09046270516436836,0.06059112877373924,0.13887007854062314,0.899958366081866,0.0,0.8369610703841117,0.021932998642632703,0.0,0.0,2026-09-21T07:08:35.770179+00:00
139c358d69ad023c75c8f8a3b991e3e52cfda1f3915f8225479fc4c8b018e9e7,ANALYTIC_MERTON,LONG_ONLY_CAP50,0.01,0,6,600,2.1181854882076263,0.4812934966175245,COMPLETED,0.0112860522070344,0.044835465188780524,0.02952690990414875,0.06732609217186225,0.9463653304480972,0.0,0.3815379049392923,0.01077790002594721,0.0,0.0,2026-09-21T07:08:36.698166+00:00
0f3a3410bb99f33166c509e20db7002be794aaccee899a1af16c779c79bd1abd,ANALYTIC_MERTON,LONG_ONLY_FULL,0.01,0,6,600,2.1181854882076263,0.4812934966175245,COMPLETED,0.021728366768969713,0.09698521680626022,0.06616839065010054,0.13978945085403707,0.8906481523370499,0.0,0.836861401243375,0.021976461698497027,0.0,0.0,2026-09-21T07:08:36.681195+00:00
b64dc31398057ab23b9087ad9aa28fae08ceb66920569d91147523daab347989,ANALYTIC_MERTON,LONG_ONLY_CAP50,0.01,0,7,600,2.1181854882076263,0.4812934966175245,COMPLETED,0.009897508127051697,0.046958418971146214,0.0339507041227764,0.06584376689522724,0.9485687452608846,0.0,0.38154704847925286,0.01080799113243319,0.0,0.0,2026-09-21T07:08:36.127870+00:00
7f675056a6aa165ade49c2903f24162d671409a7751ca3cea71465a3a66b30f2,ANALYTIC_MERTON,LONG_ONLY_FULL,0.01,0,7,600,2.1181854882076263,0.4812934966175245,COMPLETED,0.018710421034042937,0.09903551132704085,0.07157118830963512,0.14125021910162555,0.8920452145751899,0.0,0.8369025180168107,0.021997765808276153,0.0,0.0,2026-09-21T07:08:36.111390+00:00
36a3f97e82f3e81605ccb3de479b1b14117b00fb1bfd2efed03e62c5352535d0,ANALYTIC_MERTON,LONG_ONLY_CAP50,0.01,0,8,600,2.1181854882076263,0.4812934966175245,COMPLETED,0.010716050450352895,0.04054530741204856,0.026780343396371843,0.06549880056530441,0.9559072595936211,0.0,0.3814041739798258,0.010781036964945655,0.0,0.0,2026-09-21T07:08:52.122240+00:00
28d4626e8760001fc4986271550520db70dc0cd15123b455b85ef5762e1c2940,ANALYTIC_MERTON,LONG_ONLY_FULL,0.01,0,8,600,2.1181854882076263,0.4812934966175245,COMPLETED,0.020319171339795446,0.08568381885587607,0.05387135610206562,0.13482785102479425,0.904569193742697,0.0,0.8366575803960429,0.022009319263000326,0.0,0.0,2026-09-21T07:08:52.104444+00:00
0f787a3fe832254c8f640c1b7168a133988ab377a889548d9d42adf251783e13,ANALYTIC_MERTON,LONG_ONLY_CAP50,0.01,0,9,600,2.1181854882076263,0.4812934966175245,COMPLETED,0.009398008840504606,0.046862820387724345,0.034632087492174835,0.0671480400126534,0.9524277326849105,0.0,0.38222754468976,0.010674539611346743,0.0,0.0,2026-09-21T07:08:51.283844+00:00
36175ef28c9420b8a4994c3effeac01f460e269b396e077c3b62ef3318521a1e,ANALYTIC_MERTON,LONG_ONLY_FULL,0.01,0,9,600,2.1181854882076263,0.4812934966175245,COMPLETED,0.01792839102621839,0.10076509887476703,0.07636208729170382,0.1423707933879375,0.8967517408722715,0.0,0.8379203274082235,0.021652158113411736,0.0,0.0,2026-09-21T07:08:51.266694+00:00
9e8536d681da9313ed4c00e4e7153370d5873320aea5111edd8593cdfe4a96e4,ANALYTIC_MERTON,LONG_ONLY_CAP50,0.01,0,10,600,2.1181854882076263,0.4812934966175245,COMPLETED,0.009141331053529725,0.050057136869543516,0.033303711032119696,0.07338959267967371,0.9419095962243369,0.0,0.38237185666281365,0.010851307710266187,0.0,0.0,2026-09-21T07:08:51.714779+00:00
a2e168bfd507b5ed9e1ea78420692478bae78945627ec90905ab99ddbc10759c,ANALYTIC_MERTON,LONG_ONLY_FULL,0.01,0,10,600,2.1181854882076263,0.4812934966175245,COMPLETED,0.016943677279564414,0.10542478661758742,0.07062554734179971,0.1484202881236547,0.8812545009292191,0.0,0.8379102876272075,0.022208869477148216,0.0,0.0,2026-09-21T07:08:51.698284+00:00
b7d9e24cc60f123d5b8e27d2a278214f4497557db3ae6837faa067e9408e450c,ANALYTIC_MERTON,LONG_ONLY_CAP50,0.01,0,11,600,2.1181854882076263,0.4812934966175245,COMPLETED,0.008918514261790274,0.04673786934308764,0.034171369734444235,0.06966200411861537,0.9453896191478117,0.0,0.3816061645367088,0.010805082492900506,0.0,0.0,2026-09-21T07:08:51.417347+00:00
c1f65beb953df100a5321917635aca691cd78859419c6da09aca315c6e6e979f,ANALYTIC_MERTON,LONG_ONLY_FULL,0.01,0,11,600,2.1181854882076263,0.4812934966175245,COMPLETED,0.016675750272665577,0.09743599918596026,0.07402062173556594,0.14369974476385702,0.8854941915393135,0.0,0.836953084626341,0.022024849060710977,0.0,0.0,2026-09-21T07:08:51.400132+00:00
b0565f59bf8aa3804a4e21ab130ee6973161b1400bb85da1979667c3c4235b78,ANALYTIC_MERTON,LONG_ONLY_CAP50,0.01,0,12,600,2.1181854882076263,0.4812934966175245,COMPLETED,0.010940500060433938,0.044954163942459956,0.03233764519985207,0.07024560887090879,0.9505441091688972,0.0,0.3816090085403322,0.01097678065776851,0.0,0.0,2026-09-21T07:09:07.437866+00:00
4831a2f2a0dcfb7e81aec3b7f21e7575f65f03bcb8b6e5bce9164adb98baddb0,ANALYTIC_MERTON,LONG_ONLY_FULL,0.01,0,12,600,2.1181854882076263,0.4812934966175245,COMPLETED,0.02063798581591598,0.09502459582550254,0.07077027152438903,0.14287898845856187,0.8994778513092496,0.0,0.8368620801666437,0.02240982925807016,0.0,0.0,2026-09-21T07:09:07.421201+00:00
41d15ee78102d8874801e8e1cea8edd5f21517964ef729bd99d0ccadbd5ccf23,ANALYTIC_MERTON,LONG_ONLY_CAP50,0.01,0,13,600,2.1181854882076263,0.4812934966175245,COMPLETED,0.010223246768045915,0.04719192394476319,0.03172155211206935,0.06845188043505714,0.943590940034545,0.0,0.38193801654214926,0.010828427421293814,0.0,0.0,2026-09-21T07:09:06.348295+00:00
b0a380fa8bbc167d7c92646163147267ea12b20a0e429bf40be41a8920162cf6,ANALYTIC_MERTON,LONG_ONLY_FULL,0.01,0,13,600,2.1181854882076263,0.4812934966175245,COMPLETED,0.01899228632322987,0.09934328866274487,0.06484175107586812,0.1377098777006374,0.8884012693293595,0.0,0.8374181174298249,0.022041295606923767,0.0,0.0,2026-09-21T07:09:06.313572+00:00
db73f47acf2c741f1a25c1f33c1e58753808e7f657986d8da0009040a28652d1,ANALYTIC_MERTON,LONG_ONLY_CAP50,0.01,0,14,600,2.1181854882076263,0.4812934966175245,COMPLETED,0.010524914461763627,0.0499993454944399,0.03662797471184815,0.0674033616164551,0.9461401840138772,0.0,0.38211800748728375,0.010648297265772048,0.0,0.0,2026-09-21T07:09:07.108656+00:00
b0fa36fdcdd83dd1c8dfb7869dc90c7f79999a7912375655b1f145aa59ca59c5,ANALYTIC_MERTON,LONG_ONLY_FULL,0.01,0,14,600,2.1181854882076263,0.4812934966175245,COMPLETED,0.020438130353145567,0.10615928288215991,0.08475339747377442,0.1371549757923719,0.8870640038326334,0.0,0.8377781408565734,0.021595828830399823,0.0,0.0,2026-09-21T07:09:07.091950+00:00
f2a71aab8d8d4325b14ad6e534e4fa049b93f92e49fafb81c6b96fe9a1a7e679,ANALYTIC_MERTON,LONG_ONLY_CAP50,0.01,1,0,600,2.1181854882076263,0.4812934966175245,COMPLETED,0.009524273638752459,0.044602746293869476,0.03467247937316133,0.06576895274922945,0.9523916189706496,0.0,0.3810460503680311,0.010920884825466354,0.0,0.0,2026-09-21T07:09:06.669925+00:00
4b5daf3dc3e03b00e454090181874a63191ed2be2041d14194a936c7cfbbe287,ANALYTIC_MERTON,LONG_ONLY_FULL,0.01,1,0,600,2.1181854882076263,0.4812934966175245,COMPLETED,0.018209893806203355,0.0945699353234152,0.07411555724625975,0.13660028961147447,0.9027859135050589,0.0,0.8361448210103785,0.022291564775404147,0.0,0.0,2026-09-21T07:09:06.653622+00:00
079be530ddd6b0b38706262b304f5a371964811545417b06fb066b8c871468d1,ANALYTIC_MERTON,LONG_ONLY_CAP50,0.01,1,1,600,2.1181854882076263,0.4812934966175245,COMPLETED,0.00897475858335634,0.04780730101094794,0.032619332413853036,0.07018119855821912,0.9481495174651271,0.0,0.38109453096523155,0.010905527654218325,0.0,0.0,2026-09-21T07:09:22.261484+00:00
ca6ce79684eb26bae5498743733073f8cd649099460554187ed11fbdc60b2ffb,ANALYTIC_MERTON,LONG_ONLY_FULL,0.01,1,1,600,2.1181854882076263,0.4812934966175245,COMPLETED,0.017119705159264167,0.10256195842465451,0.07696721545274271,0.14299678787628817,0.8863683834003457,0.0,0.8362148928935733,0.022245662748201354,0.0,0.0,2026-09-21T07:09:22.245058+00:00
fd6a6f316f5204e5b1532c9f5d7510234768b643efdfa50ef3aff847242dce62,ANALYTIC_MERTON,LONG_ONLY_CAP50,0.01,1,2,600,2.1181854882076263,0.4812934966175245,COMPLETED,0.01114575918038606,0.041852783487371044,0.025732214334089523,0.0660594351074846,0.9497019137560166,0.0,0.38193656488611233,0.01071223602268631,0.0,0.0,2026-09-21T07:09:21.636523+00:00
cc9a9a5b030e6d470c54ebeb325b7d37d0e46c6924f5596bcbc7bf635767542b,ANALYTIC_MERTON,LONG_ONLY_FULL,0.01,1,2,600,2.1181854882076263,0.4812934966175245,COMPLETED,0.02155188985432067,0.08920502865538067,0.05255518836642171,0.13682632126667724,0.9020850194244934,0.0,0.8375050435059657,0.021726638018852853,0.0,0.0,2026-09-21T07:09:21.620155+00:00
d7dc74c436d3882a7e7bb63d75487ee163d8bb40a63c53ae2fb2e329871dde91,ANALYTIC_MERTON,LONG_ONLY_CAP50,0.01,1,3,600,2.1181854882076263,0.4812934966175245,COMPLETED,0.009909993205576256,0.04529613054362507,0.03361651302785111,0.06982689287883143,0.9516520124448301,0.0,0.3817203485249548,0.010887896636473238,0.0,0.0,2026-09-21T07:09:22.266899+00:00
4d9d23691319838cfe0b6da304f221c6697d1e122163bd69e56cdab0bb3e11da,ANALYTIC_MERTON,LONG_ONLY_FULL,0.01,1,3,600,2.1181854882076263,0.4812934966175245,COMPLETED,0.019120835754069296,0.09638434635975382,0.06873103005028378,0.14121484175080368,0.8993253484603102,0.0,0.8371682411775859,0.022081004537877775,0.0,0.0,2026-09-21T07:09:22.250449+00:00
f63b3c91abd78536cef01ecaf6af856129cffd91f1f17f8b0f33900d00ec7eb0,ANALYTIC_MERTON,LONG_ONLY_CAP50,0.01,1,4,600,2.1181854882076263,0.4812934966175245,COMPLETED,0.010323584932703663,0.04051574040691366,0.02774455218685043,0.06701610521113008,0.9495901398913831,0.0,0.3820004761243224,0.010714141183837672,0.0,0.0,2026-09-21T07:09:21.530188+00:00
e6c12820dcd90f474402d94267cce8a474cc12f44e03a68e3dcd54c2f8ac7f97,ANALYTIC_MERTON,LONG_ONLY_FULL,0.01,1,4,600,2.1181854882076263,0.4812934966175245,COMPLETED,0.020194662877549067,0.08607759318770919,0.057526740562633336,0.13913338467141262,0.8963930059527285,0.0,0.8375980054418639,0.021716860302863888,0.0,0.0,2026-09-21T07:09:21.513585+00:00
6673c54c64855b883923d8e7e5d8d6c4865189b81d073b94c86bb004cfc2145e,ANALYTIC_MERTON,LONG_ONLY_CAP50,0.01,1,5,600,2.1181854882076263,0.4812934966175245,COMPLETED,0.010146654575989678,0.046437409532554895,0.03308341900561711,0.0707315920648291,0.9456887996699647,0.0,0.38097938550207705,0.010901400204307996,0.0,0.0,2026-09-21T07:09:37.147754+00:00
adadeb4587d1ee397656bb6c1dde9e5b4b8ccaa89a7412239b12f49b3a6fe2dc,ANALYTIC_MERTON,LONG_ONLY_FULL,0.01,1,5,600,2.1181854882076263,0.4812934966175245,COMPLETED,0.01921669778607636,0.10044138453082756,0.07046259993644678,0.14502589492609924,0.8881622539456803,0.0,0.8360119829773108,0.022291820942555024,0.0,0.0,2026-09-21T07:09:37.131094+00:00
acc53ac568e5ab9ef62cbf252ed8ff603874e27aa9e2cf0af7a12259c45dabb7,ANALYTIC_MERTON,LONG_ONLY_CAP50,0.01,1,6,600,2.1181854882076263,0.4812934966175245,COMPLETED,0.010615968373573344,0.043340535744382826,0.03200611452971011,0.06404160768018446,0.9519904070933993,0.0,0.38218123703648044,0.010785636551023563,0.0,0.0,2026-09-21T07:09:36.966489+00:00
0f8797e80c2184f5ebc62c718748a4bbfef1802696a6f40edb1d3b29c3676c80,ANALYTIC_MERTON,LONG_ONLY_FULL,0.01,1,6,600,2.1181854882076263,0.4812934966175245,COMPLETED,0.02085337677239379,0.09270704800284799,0.06335959565275753,0.13563485023560182,0.8994518503496894,0.0,0.8377103446610595,0.022020537152231123,0.0,0.0,2026-09-21T07:09:36.949709+00:00
e21bb9fdbc319785eaf41d645a7b33ddb6d5f84609b611d33c83d96c61623da2,ANALYTIC_MERTON,LONG_ONLY_CAP50,0.01,1,7,600,2.1181854882076263,0.4812934966175245,COMPLETED,0.010080078394526187,0.04546395494702915,0.03354665929834178,0.06734458197951382,0.9469398541052384,0.0,0.38150106787002225,0.010753759008673636,0.0,0.0,2026-09-21T07:09:37.425987+00:00
5bb21e276d05951b36c91d645f6a13588f76a7c087a6da6f0e3718447cdb967a,ANALYTIC_MERTON,LONG_ONLY_FULL,0.01,1,7,600,2.1181854882076263,0.4812934966175245,COMPLETED,0.019290619844728428,0.09553103516912426,0.07191045465492442,0.13670742149353468,0.8984569691125699,0.0,0.8369301755947559,0.021780842936817785,0.0,0.0,2026-09-21T07:09:37.409028+00:00
512ad552f47194268937889d592c4409cc6da19087215cffcc9ad2d332f1462e,ANALYTIC_MERTON,LONG_ONLY_CAP50,0.01,1,8,600,2.1181854882076263,0.4812934966175245,COMPLETED,0.011031288236097652,0.04370671948632362,0.030279883950779442,0.06792257509464363,0.9508155459034917,0.0,0.38285630993909536,0.010681115460274868,0.0,0.0,2026-09-21T07:09:36.559029+00:00
1c55fef43dd92e530e955ad05ae723baf89bb5030fb749a49664c10910c33ea1,ANALYTIC_MERTON,LONG_ONLY_FULL,0.01,1,8,600,2.1181854882076263,0.4812934966175245,COMPLETED,0.020255712505646842,0.09376267043712909,0.06529495809834521,0.14111973813002787,0.8965021194502533,0.0,0.8387005180214718,0.02175617441692075,0.0,0.0,2026-09-21T07:09:36.542733+00:00
49be3bd18442e39f3b0c5b43a9180a82c3de28d490650fba2d2b2024c95eca52,ANALYTIC_MERTON,LONG_ONLY_CAP50,0.01,1,9,600,2.1181854882076263,0.4812934966175245,COMPLETED,0.011284798672725641,0.04187177751531548,0.029658096461654123,0.06415639605257187,0.9545133967366293,0.0,0.38114973816087877,0.010945128527168212,0.0,0.0,2026-09-21T07:09:52.108552+00:00
f8cdccc23da298e1d9c16471fa2141a72ee0a3083adea1808727dc5bf9083d3b,ANALYTIC_MERTON,LONG_ONLY_FULL,0.01,1,9,600,2.1181854882076263,0.4812934966175245,COMPLETED,0.022493720044011997,0.08829136811795647,0.05786635831102665,0.13504562703964032,0.9005090820495126,0.0,0.8362403885622752,0.022379375952048912,0.0,0.0,2026-09-21T07:09:52.091977+00:00
b9ff234e5cde8e100f822730467a9e7f5c541149cd37491d86588d8726afc39f,ANALYTIC_MERTON,LONG_ONLY_CAP50,0.01,1,10,600,2.1181854882076263,0.4812934966175245,COMPLETED,0.010133470346167609,0.043936735712753486,0.031176446848583377,0.07003529907077563,0.9480095116705831,0.0,0.3816145871966822,0.010813804364769744,0.0,0.0,2026-09-21T07:09:51.961636+00:00
b76a665d1965dc69bcba65e0975fd1fbb62264f14072db0b5815a3820aa11539,ANALYTIC_MERTON,LONG_ONLY_FULL,0.01,1,10,600,2.1181854882076263,0.4812934966175245,COMPLETED,0.019445698129253883,0.09063334284898197,0.06523313597334494,0.14122208272870593,0.9018749614841863,0.0,0.8369079648633281,0.02210998239496391,0.0,0.0,2026-09-21T07:09:51.943818+00:00
e68a1d81f0412d63d72083359ce74499440f4f673c81c38262bafce15e229640,ANALYTIC_MERTON,LONG_ONLY_CAP50,0.01,1,11,600,2.1181854882076263,0.4812934966175245,COMPLETED,0.009631199477545307,0.04150483077604129,0.029904816654993754,0.06709224297921754,0.9542543142272886,0.0,0.3813857068319575,0.010889907887165725,0.0,0.0,2026-09-21T07:09:52.784304+00:00
0c76fdc040b06b95805fec17ac4ef8372ba403a0e302f0bd00b15d4c1ad08944,ANALYTIC_MERTON,LONG_ONLY_FULL,0.01,1,11,600,2.1181854882076263,0.4812934966175245,COMPLETED,0.018572817980088883,0.08885481324887455,0.0645945931443487,0.13878994647503337,0.9023323915075597,0.0,0.8365651111662676,0.022290269218531868,0.0,0.0,2026-09-21T07:09:52.767648+00:00
03a1643ea006b9d29931ff1df7b0f69a3b99accedd89edf1fa29415af2cd1811,ANALYTIC_MERTON,LONG_ONLY_CAP50,0.01,1,12,600,2.1181854882076263,0.4812934966175245,COMPLETED,0.012773716257078498,0.043283615450223765,0.03259564514503736,0.06626708300192763,0.9525966091189283,0.0,0.38260060202073837,0.010730021854922943,0.0,0.0,2026-09-21T07:09:51.466706+00:00
643f75fecd0aa1bbc48a308218cdb03a399376e1552d0839b977ecf405807a05,ANALYTIC_MERTON,LONG_ONLY_FULL,0.01,1,12,600,2.1181854882076263,0.4812934966175245,COMPLETED,0.024245922795056267,0.09078578763835733,0.06749918881657237,0.13822202086416602,0.897027913568053,0.0,0.8383389025734534,0.02184254262273066,0.0,0.0,2026-09-21T07:09:51.450299+00:00
66a218ee53fbff83f79de4ceee5f9ee7960617b924efef39469476093ca6bbe9,ANALYTIC_MERTON,LONG_ONLY_CAP50,0.01,1,13,600,2.1181854882076263,0.4812934966175245,COMPLETED,0.009873876480237949,0.04425176495802331,0.031954765691071536,0.07120288949769568,0.9467637210439895,0.0,0.3821788125334279,0.01089317164046478,0.0,0.0,2026-09-21T07:10:06.976814+00:00
a779cc58f288ade502a9280eb5f19cddf79a222ad07af60d799ee49c9c22ce4a,ANALYTIC_MERTON,LONG_ONLY_FULL,0.01,1,13,600,2.1181854882076263,0.4812934966175245,COMPLETED,0.01850055872990752,0.09828913118975847,0.07427119948722233,0.1472373275868712,0.893511258336987,0.0,0.8376387398599211,0.022274944750748128,0.0,0.0,2026-09-21T07:10:06.960190+00:00
30cc2702f04efeb078a40d047a09ab68c00bb4a106c6dcd5e84122c43974612d,ANALYTIC_MERTON,LONG_ONLY_CAP50,0.01,1,14,600,2.1181854882076263,0.4812934966175245,COMPLETED,0.011100340716632824,0.041981766172866766,0.029990839255193275,0.06833112011961737,0.953034338582287,0.0,0.3807690341431688,0.010938896836915053,0.0,0.0,2026-09-21T07:10:06.888552+00:00
c9ef9e6aa56b43a09fff1f0178b8d86ff58615a2dbf8cf4fdfcf4b04456d15e3,ANALYTIC_MERTON,LONG_ONLY_FULL,0.01,1,14,600,2.1181854882076263,0.4812934966175245,COMPLETED,0.02103348055087901,0.09202889778205364,0.06814637325533861,0.1403807930469865,0.8999131204726906,0.0,0.8357664698371193,0.02229821306208808,0.0,0.0,2026-09-21T07:10:06.871841+00:00
42b081a41cb30e389fc091306ddac8f42120e0d306d9778f1a47b4c2950631af,ANALYTIC_MERTON,LONG_ONLY_CAP50,0.01,2,0,600,2.1181854882076263,0.4812934966175245,COMPLETED,0.009759621777566792,0.04730149326693858,0.03312638562530004,0.06845010143033271,0.950694317952912,0.0,0.3820866960269178,0.010727024700465809,0.0,0.0,2026-09-21T07:10:07.955641+00:00
73a9d221a6544444eebc1fa70915a70fcdd9698fd59487d288cd6e91bacee858,ANALYTIC_MERTON,LONG_ONLY_FULL,0.01,2,0,600,2.1181854882076263,0.4812934966175245,COMPLETED,0.01864752616537998,0.10188175464797977,0.07833740142247014,0.13910742405641724,0.8946494763712595,0.0,0.8377432422086363,0.02169950700675037,0.0,0.0,2026-09-21T07:10:07.937763+00:00
1cbb0f78b9ea33df849fca2c5f295b33279ebc47ea9ed65a6ed755a69687b17f,ANALYTIC_MERTON,LONG_ONLY_CAP50,0.01,2,1,600,2.1181854882076263,0.4812934966175245,COMPLETED,0.009562518452320666,0.04853884368296587,0.03496255024878818,0.06868899171709385,0.9451296276541349,0.0,0.3807960370711806,0.01093938702615956,0.0,0.0,2026-09-21T07:10:06.624468+00:00
258f1f6ce8409a45458823f43b5f0c98f371e3363889350d149254bfae80f923,ANALYTIC_MERTON,LONG_ONLY_FULL,0.01,2,1,600,2.1181854882076263,0.4812934966175245,COMPLETED,0.018345475443327524,0.10351368256265074,0.07522325274020143,0.14485635664314706,0.8870139411842587,0.0,0.8357920858381731,0.022309310101403215,0.0,0.0,2026-09-21T07:10:06.607937+00:00
cb32773f3f23528dd1f01fc379b8e561addcd302756327263f814f873e775725,ANALYTIC_MERTON,LONG_ONLY_CAP50,0.01,2,2,600,2.1181854882076263,0.4812934966175245,COMPLETED,0.009606801112406369,0.048104254299319145,0.03535912419046491,0.06700371395911359,0.9457627178941379,0.0,0.3829108230473518,0.010702331081735692,0.0,0.0,2026-09-21T07:10:21.845227+00:00
b716d5cd40bd410edbc6442fb426eb32f7f0331de8bdd23d6c57ef8fe059036d,ANALYTIC_MERTON,LONG_ONLY_FULL,0.01,2,2,600,2.1181854882076263,0.4812934966175245,COMPLETED,0.018303727297665957,0.10014187549210224,0.07541351761436008,0.13731491752247893,0.8932616352149895,0.0,0.8388220576450116,0.02172618099275628,0.0,0.0,2026-09-21T07:10:21.828555+00:00
c6e5855e77fcdbe83452d74d046cfd370a365cc7cac453573e07efe725808f76,ANALYTIC_MERTON,LONG_ONLY_CAP50,0.01,2,3,600,2.1181854882076263,0.4812934966175245,COMPLETED,0.008401994423769116,0.04516091334977909,0.028517186205757196,0.06714248185627272,0.9460694053530747,0.0,0.3817833273952514,0.010823170896161553,0.0,0.0,2026-09-21T07:10:21.827343+00:00
bf5f0b4284d37ec78de0ca5c9f301458bae8944607b82b0259f2b9099bf5ba9c,ANALYTIC_MERTON,LONG_ONLY_FULL,0.01,2,3,600,2.1181854882076263,0.4812934966175245,COMPLETED,0.015854094107985977,0.09653766393104861,0.06632761655776047,0.13934841622707647,0.892034327546898,0.0,0.837152462094717,0.0221043522990579,0.0,0.0,2026-09-21T07:10:21.810039+00:00
e6e9e2d0f22ead74a1bb640885f5d294685dac09ac4b4c4fc4130dd0c728eb95,ANALYTIC_MERTON,LONG_ONLY_CAP50,0.01,2,4,600,2.1181854882076263,0.4812934966175245,COMPLETED,0.009559490885373056,0.047400346685188985,0.03511327642868397,0.07078516507292519,0.9466018464305974,0.0,0.3806743240003783,0.010935921272731353,0.0,0.0,2026-09-21T07:10:23.189037+00:00
c59599b81970098554516961139dbcb6fb6702866032bbfb76e66f51325784f9,ANALYTIC_MERTON,LONG_ONLY_FULL,0.01,2,4,600,2.1181854882076263,0.4812934966175245,COMPLETED,0.01803423569701845,0.10039127142271825,0.07464420323493923,0.145251299388549,0.8843929840122381,0.0,0.8355336434912921,0.022443753084969344,0.0,0.0,2026-09-21T07:10:23.171197+00:00
1765bda29f0dde61556c95c7337168966976c681a9629e491f4fdc1fed0e5d5a,ANALYTIC_MERTON,LONG_ONLY_CAP50,0.01,2,5,600,2.1181854882076263,0.4812934966175245,COMPLETED,0.010575890747771264,0.04031418828940514,0.02845551768794954,0.0668935755198889,0.9542413596849648,0.0,0.3821054247441036,0.01074225798751292,0.0,0.0,2026-09-21T07:10:21.764193+00:00
6209dc0d62d13ce1902bcccf8ba89a4f78967b769147ecc0ab0e94346ca3057e,ANALYTIC_MERTON,LONG_ONLY_FULL,0.01,2,5,600,2.1181854882076263,0.4812934966175245,COMPLETED,0.02024429237040862,0.0855957547747772,0.056512471658840706,0.13816238320217183,0.9047832714064179,0.0,0.8376439895512138,0.02189434943544694,0.0,0.0,2026-09-21T07:10:21.747133+00:00
8b20b1301601cafbb5c4dbe4a462adfe3d4a1235cf635805a690a0e1a6370616,ANALYTIC_MERTON,LONG_ONLY_CAP50,0.01,2,6,600,2.1181854882076263,0.4812934966175245,COMPLETED,0.01142892498397599,0.04605254985807853,0.03258827147089156,0.07201044770395956,0.9482241079804066,0.0,0.38189980152538894,0.010847568025751255,0.0,0.0,2026-09-21T07:10:37.186410+00:00
41a6f59f0af9ed61400e3cc8f34fee820896a9594c66dcfb89e9214047234a51,ANALYTIC_MERTON,LONG_ONLY_FULL,0.01,2,6,600,2.1181854882076263,0.4812934966175245,COMPLETED,0.021906083712470797,0.09822711417014483,0.06490710596968623,0.15015295235775467,0.8925998796460388,0.0,0.8373292315960941,0.022123356850081315,0.0,0.0,2026-09-21T07:10:37.169647+00:00
e7554abb412ca4f981f0020e2681b16af2cdefe744e45776c339e299c3082217,ANALYTIC_MERTON,LONG_ONLY_CAP50,0.01,2,7,600,2.1181854882076263,0.4812934966175245,COMPLETED,0.011355987825989615,0.0463709338018134,0.03061627670818557,0.0725485515790878,0.9482265201427084,0.0,0.38186690789065053,0.01079337024419671,0.0,0.0,2026-09-21T07:10:37.524394+00:00
bfe5f9f0a715e36b184e43ae019ac5e8beb36fec4c2aa0f815d2f10f437bbd21,ANALYTIC_MERTON,LONG_ONLY_FULL,0.01,2,7,600,2.1181854882076263,0.4812934966175245,COMPLETED,0.0219334928274835,0.09629506600343661,0.06607204220866032,0.146050422105141,0.8969315429306811,0.0,0.8373622414268488,0.021929150112379982,0.0,0.0,2026-09-21T07:10:37.507572+00:00
e87da71a09ed490f659497cf366b22f2ce869940a58b9f8321f0476228607aa2,ANALYTIC_MERTON,LONG_ONLY_CAP50,0.01,2,8,600,2.1181854882076263,0.4812934966175245,COMPLETED,0.011093126727165453,0.045927670210078445,0.030900088930372986,0.06404252557943815,0.9498638978985408,0.0,0.3814964708953614,0.010769202326522972,0.0,0.0,2026-09-21T07:10:38.857920+00:00
7d1cfcc00f369ec4dac3657801314848a23962307c87a0adb670db5d6ff23e8c,ANALYTIC_MERTON,LONG_ONLY_FULL,0.01,2,8,600,2.1181854882076263,0.4812934966175245,COMPLETED,0.021769151052808453,0.09655214171822485,0.06407444850227101,0.13183641847089336,0.8969073482720136,0.0,0.8368052048218183,0.021958128756306445,0.0,0.0,2026-09-21T07:10:38.840784+00:00
2a6bb2e6a7530a9b54daf8ff4c51266a551566012f97ae63cb7943c8c1ac9256,ANALYTIC_MERTON,LONG_ONLY_CAP50,0.01,2,9,600,2.1181854882076263,0.4812934966175245,COMPLETED,0.009513303555428945,0.0447928340879528,0.029689468795377243,0.06564721282252756,0.9448244961207184,0.0,0.3815718646442588,0.01079527972873842,0.0,0.0,2026-09-21T07:10:37.110084+00:00
a087c1fecf4d98f1db770e9f6ca2e6f9cc6cbf1b57c60898cf3084a9e15bb8d8,ANALYTIC_MERTON,LONG_ONLY_FULL,0.01,2,9,600,2.1181854882076263,0.4812934966175245,COMPLETED,0.01889177869337156,0.09072704120845236,0.059766525509087114,0.13657568312093993,0.8951471805762852,0.0,0.8368825790984293,0.02203378528762157,0.0,0.0,2026-09-21T07:10:37.092756+00:00
0fb4682b7f81aac696b6a5005ab2a4cf4616fda28bfda80f8d0a4b2daba1b294,ANALYTIC_MERTON,LONG_ONLY_CAP50,0.01,2,10,600,2.1181854882076263,0.4812934966175245,COMPLETED,0.01095041522626471,0.04140007449484061,0.02802750662123737,0.06724998513122142,0.9519491695186432,0.0,0.38208362783875194,0.010744155360414868,0.0,0.0,2026-09-21T07:10:52.432579+00:00
e518dab8e09ed68a9214ea3474ac41d799311816d00babf8ff7b934f77771537,ANALYTIC_MERTON,LONG_ONLY_FULL,0.01,2,10,600,2.1181854882076263,0.4812934966175245,COMPLETED,0.020851100673047802,0.08814714160060394,0.05900248885185157,0.13819215033102228,0.9008452011925215,0.0,0.8376089012625191,0.0218950984605265,0.0,0.0,2026-09-21T07:10:52.415673+00:00
f185654dc73cdd97a8c75b550000dbbcca43bd21b901452eb82feeaed7121a46,ANALYTIC_MERTON,LONG_ONLY_CAP50,0.01,2,11,600,2.1181854882076263,0.4812934966175245,COMPLETED,0.011513879775572033,0.04127160992978937,0.028417479900228006,0.065889403537988,0.9520075424610928,0.0,0.3817606176345396,0.010865606795267407,0.0,0.0,2026-09-21T07:10:52.604001+00:00
52e2621c3ec460308ef2b2ac962a90644e635a91be1d64a10711aa5eaf38fff8,ANALYTIC_MERTON,LONG_ONLY_FULL,0.01,2,11,600,2.1181854882076263,0.4812934966175245,COMPLETED,0.02184044381931291,0.09180877832741,0.05555613878959812,0.13791850279783333,0.8984834284425367,0.0,0.8371849639671973,0.02208887554904489,0.0,0.0,2026-09-21T07:10:52.586744+00:00
4351d97cbfcb94c12deda79261cce85557951fff24d18e850b82105741bc8d45,ANALYTIC_MERTON,LONG_ONLY_CAP50,0.01,2,12,600,2.1181854882076263,0.4812934966175245,COMPLETED,0.009198831644422848,0.04689700502844609,0.0324103108514596,0.06801157379531599,0.9492631188693939,0.0,0.3817838171434072,0.01089717407387497,0.0,0.0,2026-09-21T07:10:54.185968+00:00
75071bdad2c74e66881f73c967dc2926068dcd5620e29501ca96ad7e94d5efeb,ANALYTIC_MERTON,LONG_ONLY_FULL,0.01,2,12,600,2.1181854882076263,0.4812934966175245,COMPLETED,0.01797630867645,0.09825310657252019,0.06734064985585647,0.1399733802835121,0.893665440741088,0.0,0.8371323251096517,0.022256697031966848,0.0,0.0,2026-09-21T07:10:54.169085+00:00
c0ceb11f0ea520391c5836175f33fa19a5a9943355c74e4ec6378e1b7cb0f396,ANALYTIC_MERTON,LONG_ONLY_CAP50,0.01,2,13,600,2.1181854882076263,0.4812934966175245,COMPLETED,0.010280795576778572,0.04543154791148605,0.02938461561607478,0.0682932649713334,0.9495710182615883,0.0,0.3828372344137431,0.010558104682649762,0.0,0.0,2026-09-21T07:10:52.730875+00:00
16f4cd46d9c6d7ef47c4e3562cbbae3ceab0a939cd53ce589fd00fa51c04e888,ANALYTIC_MERTON,LONG_ONLY_FULL,0.01,2,13,600,2.1181854882076263,0.4812934966175245,COMPLETED,0.019575426450450194,0.09691863505133679,0.06440562140493082,0.14060898499173916,0.8983120112288496,0.0,0.8387498209043717,0.021447457721805195,0.0,0.0,2026-09-21T07:10:52.714042+00:00
27a56a01a02124a5fd4231532cb62d3f15f0ed2762d1653cf8a9599b51ff06ae,ANALYTIC_MERTON,LONG_ONLY_CAP50,0.01,2,14,600,2.1181854882076263,0.4812934966175245,COMPLETED,0.010464610339891796,0.041818316120277976,0.030418805473511508,0.06761798798755365,0.9488749231628563,0.0,0.3825734346858648,0.01060797436243548,0.0,0.0,2026-09-21T07:11:08.083993+00:00
d3b098fad2b5831a361e4627b375ae2ce165fff2e3a0ee67617eddddcaaba563,ANALYTIC_MERTON,LONG_ONLY_FULL,0.01,2,14,600,2.1181854882076263,0.4812934966175245,COMPLETED,0.01984487183903406,0.08569244889209218,0.05761571367013863,0.13841990725089162,0.8971963072527709,0.0,0.8383958530247159,0.021526399237477324,0.0,0.0,2026-09-21T07:11:08.067186+00:00
cfff947073ee72ee3d86c1b214e749825fcc50d73e044515ae035a23068343ec,ANALYTIC_MERTON,LONG_ONLY_CAP50,0.01,3,0,600,2.1181854882076263,0.4812934966175245,COMPLETED,0.011418325486579327,0.04443576559923639,0.029539344286045616,0.0632998879158575,0.9488691928556509,0.0,0.38120714890129126,0.010881930473840836,0.0,0.0,2026-09-21T07:11:07.994005+00:00
1eebb83b1267c83275ae673967fc80d22491a82007aec406cabe18cb1985bb59,ANALYTIC_MERTON,LONG_ONLY_FULL,0.01,3,0,600,2.1181854882076263,0.4812934966175245,COMPLETED,0.02192206142258875,0.09316722746352817,0.05800118238687835,0.13383202062238733,0.8979100216404914,0.0,0.8364021928841285,0.02214822596310955,0.0,0.0,2026-09-21T07:11:07.976384+00:00
13e0e4e901a3b2dc48f1b76e1e8c8d15beb63a4c193a15d7281cbc0f55dd7890,ANALYTIC_MERTON,LONG_ONLY_CAP50,0.01,3,1,600,2.1181854882076263,0.4812934966175245,COMPLETED,0.011305588724620771,0.04020237276587123,0.028563183184822438,0.06764204814010258,0.9529073094485218,0.0,0.3821405495115704,0.01072638634502753,0.0,0.0,2026-09-21T07:11:09.552401+00:00
6a94e8da6dd3e3dcd7099fb31be8dadd64adaa427fb1a4af3689e2aa70f30723,ANALYTIC_MERTON,LONG_ONLY_FULL,0.01,3,1,600,2.1181854882076263,0.4812934966175245,COMPLETED,0.021301418519090218,0.08732936764475639,0.06428681055095803,0.14020577854638008,0.9030947191645156,0.0,0.8376650461845108,0.021890003712930917,0.0,0.0,2026-09-21T07:11:09.530440+00:00
5645133fa27116b2c8c40ce4ada10614c1ef18ee905f2031529ae8dad23edc4a,ANALYTIC_MERTON,LONG_ONLY_CAP50,0.01,3,2,600,2.1181854882076263,0.4812934966175245,COMPLETED,0.008976163461717312,0.04566224934676409,0.032108224549488515,0.06994018851850861,0.9483317973643657,0.0,0.38147547505982066,0.010784274686423071,0.0,0.0,2026-09-21T07:11:08.222098+00:00
9d8c86b42c6c0bde959ef2b1e9a9afa0b5e9eafa45017a579752ecebd1767a51,ANALYTIC_MERTON,LONG_ONLY_FULL,0.01,3,2,600,2.1181854882076263,0.4812934966175245,COMPLETED,0.017355047382953667,0.09770505854506584,0.06335120459846989,0.1419819195795679,0.8909917152516181,0.0,0.8367484093513127,0.022013297052572788,0.0,0.0,2026-09-21T07:11:08.205038+00:00
21a3be2084be84376cc8475c296bc519bc80824af76db89740f5a9d92b9a336b,ANALYTIC_MERTON,LONG_ONLY_CAP50,0.01,3,3,600,2.1181854882076263,0.4812934966175245,COMPLETED,0.010465159759962981,0.04067328895192858,0.028693416090446483,0.06705508411874539,0.9537845769025571,0.0,0.3825956014258829,0.010663073044287413,0.0,0.0,2026-09-21T07:11:23.091830+00:00
6006044fc34074e7612045cc6842345c123ca1dc3073a04cc54b07bc412068c2,ANALYTIC_MERTON,LONG_ONLY_FULL,0.01,3,3,600,2.1181854882076263,0.4812934966175245,COMPLETED,0.019658232636125556,0.08835443876535144,0.061575946640894365,0.13862312941989804,0.9039056241862381,0.0,0.8383862023688117,0.021653417270348203,0.0,0.0,2026-09-21T07:11:23.075045+00:00
2664e858398bb8929c89ff653b413bf85456384d1cba736f1e36aa62b32ec684,ANALYTIC_MERTON,LONG_ONLY_CAP50,0.01,3,4,600,2.1181854882076263,0.4812934966175245,COMPLETED,0.009951942709624583,0.04742470392206612,0.031087240514806082,0.06783898737293491,0.9460750070027499,0.0,0.3821022595676098,0.010749599744208646,0.0,0.0,2026-09-21T07:11:23.294393+00:00
e99ce83d581ebefef6bea8b98c33346f23438df3574f990866c2a91190387a4a,ANALYTIC_MERTON,LONG_ONLY_FULL,0.01,3,4,600,2.1181854882076263,0.4812934966175245,COMPLETED,0.019055068510761684,0.09890242835932976,0.06998227015138851,0.138218835492029,0.8932044313777823,0.0,0.8377172287846024,0.021808598850222495,0.0,0.0,2026-09-21T07:11:23.276422+00:00
4de5fb02cd89e806114cb94981dc68f19b442da765c0712155d5efd02b0e9773,ANALYTIC_MERTON,LONG_ONLY_CAP50,0.01,3,5,600,2.1181854882076263,0.4812934966175245,COMPLETED,0.011241957144255542,0.04495921779823278,0.030428602116325802,0.06495546280803574,0.9501220247932193,0.0,0.38205668851881663,0.010776372754866464,0.0,0.0,2026-09-21T07:11:24.815913+00:00
532f71aaed934a13edb9d80ad3f496cbcd1fa808e69f1f16e3d443d8c3c3182b,ANALYTIC_MERTON,LONG_ONLY_FULL,0.01,3,5,600,2.1181854882076263,0.4812934966175245,COMPLETED,0.021462548144591472,0.0968366578695563,0.0659441161580295,0.13376698632121625,0.8952554947620573,0.0,0.8375788641934205,0.021948938939975373,0.0,0.0,2026-09-21T07:11:24.799021+00:00
8212fd9c9def895e3ae8fd34d2782fae91cd970ed7f81a05dd77504cc4e693fa,ANALYTIC_MERTON,LONG_ONLY_CAP50,0.01,3,6,600,2.1181854882076263,0.4812934966175245,COMPLETED,0.00954521881432132,0.04830495659689731,0.034444010886588855,0.06638008311966655,0.9483925412139249,0.0,0.38280248980867587,0.010627824868360067,0.0,0.0,2026-09-21T07:11:23.794804+00:00
dbe83219ee472c2d453b0a1e1b4ddf4d7621cfdeb75d54f3c73754f3c3aa95eb,ANALYTIC_MERTON,LONG_ONLY_FULL,0.01,3,6,600,2.1181854882076263,0.4812934966175245,COMPLETED,0.017808496280867447,0.10050040959291637,0.06764890251139317,0.1396184985789709,0.8936809182912313,0.0,0.8387365049689979,0.021513852103617427,0.0,0.0,2026-09-21T07:11:23.778215+00:00
9d5785e278b557ca51c6974bd0118b925722951fc5da2271d01374a38ea86fae,ANALYTIC_MERTON,LONG_ONLY_CAP50,0.01,3,7,600,2.1181854882076263,0.4812934966175245,COMPLETED,0.01009817285332554,0.043653627952420136,0.03287665289716561,0.06888507767392868,0.9506028933746606,0.0,0.3828548622096112,0.010659906725511169,0.0,0.0,2026-09-21T07:11:38.151180+00:00
fbef652f79b4335111b2653e4c2ef5075984a7872879c26276c54c652de1dc4f,ANALYTIC_MERTON,LONG_ONLY_FULL,0.01,3,7,600,2.1181854882076263,0.4812934966175245,COMPLETED,0.018786713580102785,0.09612194049192811,0.06631081848246959,0.1425391731017303,0.8982936548122463,0.0,0.8387314021604912,0.021667983784075664,0.0,0.0,2026-09-21T07:11:38.134805+00:00
e05ca3f146b358cc7627b3769d80e14b5c671285facfef93ae8332f053d14f76,ANALYTIC_MERTON,LONG_ONLY_CAP50,0.01,3,8,600,2.1181854882076263,0.4812934966175245,COMPLETED,0.01089050857530093,0.04421685041886189,0.03147422287443755,0.06732760001575044,0.9485710952360201,0.0,0.3817248771374672,0.010837605399897227,0.0,0.0,2026-09-21T07:11:38.621185+00:00
02e9346f1299f49147720ecca8dbbe977db731e9310f59703a2a4c3f4b17ffae,ANALYTIC_MERTON,LONG_ONLY_FULL,0.01,3,8,600,2.1181854882076263,0.4812934966175245,COMPLETED,0.02117764539262246,0.0952625310683512,0.06428162425897538,0.1373833609070829,0.8948987973815267,0.0,0.8369913146402664,0.022226749706696105,0.0,0.0,2026-09-21T07:11:38.604869+00:00
ae760fba4a009f9ad5e7d958215972db019e5f14850bfa0dcabb82ebaaf87d28,ANALYTIC_MERTON,LONG_ONLY_CAP50,0.01,3,9,600,2.1181854882076263,0.4812934966175245,COMPLETED,0.01191004404654279,0.041093120442019564,0.028089841875337748,0.06592184623566485,0.9544156754297987,0.0,0.38231151021387044,0.010714152656593895,0.0,0.0,2026-09-21T07:11:40.028924+00:00
79d35f307cd9d1210a50b9b1914fde9814757d6a5c5d1a198879d599ef3d6b28,ANALYTIC_MERTON,LONG_ONLY_FULL,0.01,3,9,600,2.1181854882076263,0.4812934966175245,COMPLETED,0.022916133008771586,0.0868551563601975,0.05677506791775034,0.13598356390370467,0.902044485359152,0.0,0.8380075855105015,0.021747850239425874,0.0,0.0,2026-09-21T07:11:40.012304+00:00
23e742791be4f1655830a473bf2b482ab5765937656f5c8e2695abcb7e485d71,ANALYTIC_MERTON,LONG_ONLY_CAP50,0.01,3,10,600,2.1181854882076263,0.4812934966175245,COMPLETED,0.011933769942106156,0.04193970110060113,0.031203185526557792,0.06811257559601173,0.952131727487547,0.0,0.3806502901159557,0.010997129771218719,0.0,0.0,2026-09-21T07:11:39.137045+00:00
62c7fd26d46276a42c227c7f3992495b00dae7ebd88425c6cdf6914acdd898ee,ANALYTIC_MERTON,LONG_ONLY_FULL,0.01,3,10,600,2.1181854882076263,0.4812934966175245,COMPLETED,0.02269769188778933,0.09330840745427464,0.06379667649220357,0.14235417752585927,0.8959124954698408,0.0,0.8354770473757309,0.022579810090342375,0.0,0.0,2026-09-21T07:11:39.120380+00:00
2564e14c881840fa68d5dcdeef63f804d709dc1620a65f404a49772d2f2496f7,ANALYTIC_MERTON,LONG_ONLY_CAP50,0.01,3,11,600,2.1181854882076263,0.4812934966175245,COMPLETED,0.011984898906970862,0.04768227410848085,0.03559773661840334,0.06568062971104267,0.9439111621585445,0.0,0.3798328110974266,0.011095820056306799,0.0,0.0,2026-09-21T07:11:53.750814+00:00
55cff6ddb279d03f85ef6a176953b04e2fa26bf9f4a3a5b537ba5072ea216f5a,ANALYTIC_MERTON,LONG_ONLY_FULL,0.01,3,11,600,2.1181854882076263,0.4812934966175245,COMPLETED,0.022413008444851105,0.10055867573393411,0.06818357261249372,0.13750586857182773,0.8927189339101834,0.0,0.834438813255542,0.02262498270460815,0.0,0.0,2026-09-21T07:11:53.733014+00:00
1529a73797be58a4e217f0e83efea9e92586d13fa70c4aadb9be5aae4bd45d5f,ANALYTIC_MERTON,LONG_ONLY_CAP50,0.01,3,12,600,2.1181854882076263,0.4812934966175245,COMPLETED,0.010374603728713886,0.04343808365638336,0.026926472180319853,0.06827901252245441,0.9466459143788674,0.0,0.38159756633775355,0.010850110159727573,0.0,0.0,2026-09-21T07:11:54.062563+00:00
a1cec18488bac673de0d0caf1b4ad5f19b671b8d8992b690332feaa0ac40e590,ANALYTIC_MERTON,LONG_ONLY_FULL,0.01,3,12,600,2.1181854882076263,0.4812934966175245,COMPLETED,0.019724618341962926,0.09191622673354917,0.05735340319149503,0.14036747974588035,0.8916994550305477,0.0,0.8370101013836352,0.02201952365406262,0.0,0.0,2026-09-21T07:11:54.046007+00:00
3cdeef53064c0615a9924d04cb7708137103e3ab6689255912472911459cdda7,ANALYTIC_MERTON,LONG_ONLY_CAP50,0.01,3,13,600,2.1181854882076263,0.4812934966175245,COMPLETED,0.010382943220793486,0.04711125300412943,0.03210763229873479,0.06600656785181923,0.9472196536432373,0.0,0.38106646078269735,0.01093242536060746,0.0,0.0,2026-09-21T07:11:55.377679+00:00
43f8f84fe6644b4b9f569ce7c1a1743eb92270a5447346c7ef41e295771d630a,ANALYTIC_MERTON,LONG_ONLY_FULL,0.01,3,13,600,2.1181854882076263,0.4812934966175245,COMPLETED,0.019620695081966004,0.09873720345708673,0.0665175004320958,0.13660467666025158,0.892318025737536,0.0,0.8361728442705784,0.022284663610885123,0.0,0.0,2026-09-21T07:11:55.360875+00:00
8f2002f72e2bb5229b10b6217dfda056d07a95f8b487bbee9fd56eb93aba2db6,ANALYTIC_MERTON,LONG_ONLY_CAP50,0.01,3,14,600,2.1181854882076263,0.4812934966175245,COMPLETED,0.011791537676310873,0.042689831560200085,0.027389873840712613,0.06522295961467264,0.95054731782825,0.0,0.3815866174727957,0.010875119006378312,0.0,0.0,2026-09-21T07:11:54.642658+00:00
d54d45fec5cbd8f6bb4eb39971b8245c9a24616b3e6fee914e5429f78db62c35,ANALYTIC_MERTON,LONG_ONLY_FULL,0.01,3,14,600,2.1181854882076263,0.4812934966175245,COMPLETED,0.022784231008969365,0.08994767392605321,0.056403124735778055,0.13499473260676143,0.8934998761911415,0.0,0.8368576727486868,0.0222289955546045,0.0,0.0,2026-09-21T07:11:54.625962+00:00
c04b4f8abdbbdddbc72e18be840097e0cc4d2f4cb73e0b3029c3bb0a8be4e409,ANALYTIC_MERTON,LONG_ONLY_CAP50,0.01,4,0,600,2.1181854882076263,0.4812934966175245,COMPLETED,0.009713667037377034,0.0490927123672154,0.035443392379524166,0.06840450141494524,0.9465531509147067,0.0,0.38332582980707836,0.010656205531241959,0.0,0.0,2026-09-21T07:12:09.045781+00:00
4e19912a73e2407a60ebf0ab4bf5c14bca0c99a6e52469f54bea0c3f830fa144,ANALYTIC_MERTON,LONG_ONLY_FULL,0.01,4,0,600,2.1181854882076263,0.4812934966175245,COMPLETED,0.018556715873611757,0.10132146633345004,0.07341618146223788,0.14227509996654944,0.8938381946977904,0.0,0.8392865827864954,0.02177534868779002,0.0,0.0,2026-09-21T07:12:09.029544+00:00
90d16d3486fc10883bf3e96dc87b7fe5aa9298eddca363c494d61d633246ddcc,ANALYTIC_MERTON,LONG_ONLY_CAP50,0.01,4,1,600,2.1181854882076263,0.4812934966175245,COMPLETED,0.01018799768688518,0.04804226676411457,0.03520966643401824,0.06393201939224957,0.9462558439276878,0.0,0.38156666701495145,0.010842632026330932,0.0,0.0,2026-09-21T07:12:09.242336+00:00
c9a9142beb5f7f3c0d5fd593f953336c16c61314aa83399e7776a64641a5ec3f,ANALYTIC_MERTON,LONG_ONLY_FULL,0.01,4,1,600,2.1181854882076263,0.4812934966175245,COMPLETED,0.0184778285188662,0.10017379119325277,0.07270016351566339,0.13059439841622042,0.8873302887763201,0.0,0.8369110603928895,0.02205643573717505,0.0,0.0,2026-09-21T07:12:09.225810+00:00
da3be98526fa4d79d891fd4966823f4a309e990f75dd7965f26a02d34394d683,ANALYTIC_MERTON,LONG_ONLY_CAP50,0.01,4,2,600,2.1181854882076263,0.4812934966175245,COMPLETED,0.012630277871612243,0.04402085389617829,0.029305809044649325,0.0663216318022039,0.9478703417630422,0.0,0.3825955739769955,0.010615704923240349,0.0,0.0,2026-09-21T07:12:10.492399+00:00
62cd1adc4435da584b6a6e3fd0a454baa54c70b8cbb14f7856ac932c5e4c2efe,ANALYTIC_MERTON,LONG_ONLY_FULL,0.01,4,2,600,2.1181854882076263,0.4812934966175245,COMPLETED,0.024304151553432272,0.08966809039231795,0.06118649789418482,0.13386522390273262,0.8966044238481408,0.0,0.838410159013854,0.02157093504025627,0.0,0.0,2026-09-21T07:12:10.475145+00:00
fb87e2881b0a8d7619ac569ad5737617bf31efdeaddc26aa1087edd7921ba55f,ANALYTIC_MERTON,LONG_ONLY_CAP50,0.01,4,3,600,2.1181854882076263,0.4812934966175245,COMPLETED,0.00964371343284809,0.04959699238620763,0.03484122134791215,0.07109116851795982,0.9457337467670476,0.0,0.38216583276636973,0.010751318019202418,0.0,0.0,2026-09-21T07:12:09.673660+00:00
4170e6882e7bdb921cc7a6b53a39d3272bd0c3deb4e23c3d502ba855efca4cc3,ANALYTIC_MERTON,LONG_ONLY_FULL,0.01,4,3,600,2.1181854882076263,0.4812934966175245,COMPLETED,0.018459106753299787,0.10174249301504026,0.07515359657814322,0.14611280018377854,0.8905523375772166,0.0,0.837753626929807,0.021873025273747994,0.0,0.0,2026-09-21T07:12:09.656946+00:00
ba58d6a59c61c1739edb1ae6b83f1e890d90115283d516fc09859341970d107f,ANALYTIC_MERTON,LONG_ONLY_CAP50,0.01,4,4,600,2.1181854882076263,0.4812934966175245,COMPLETED,0.010245745644391988,0.042160301798937996,0.029841906401110545,0.06626584279402156,0.9504045621907792,0.0,0.38283189734529677,0.010699807886732582,0.0,0.0,2026-09-21T07:12:24.519440+00:00
ab28567d9c0204a9a722c60cc6bac83a08987abc3aa2dab33ad848a17e815bdc,ANALYTIC_MERTON,LONG_ONLY_FULL,0.01,4,4,600,2.1181854882076263,0.4812934966175245,COMPLETED,0.019694382918514,0.09202074079389401,0.06685150501111785,0.13964559217170802,0.8918033693330676,0.0,0.8386183189331596,0.021832131334436504,0.0,0.0,2026-09-21T07:12:24.502787+00:00
d9b9ccecc6b3776f1994bee082a40c5d7a7e54310350c6e44171f7afcbc8a0db,ANALYTIC_MERTON,LONG_ONLY_CAP50,0.01,4,5,600,2.1181854882076263,0.4812934966175245,COMPLETED,0.009099557348515691,0.0472830442380366,0.0322961100840374,0.06441441674749276,0.9425495681807174,0.0,0.3828058605258553,0.010686481978434007,0.0,0.0,2026-09-21T07:12:24.657944+00:00
fbcbb2ae894de0df9fc20ba7cc3782c5cd36192cc77a7c51c411ef4da87efa8d,ANALYTIC_MERTON,LONG_ONLY_FULL,0.01,4,5,600,2.1181854882076263,0.4812934966175245,COMPLETED,0.016780856233015805,0.09963131391853584,0.07479405061697199,0.13275275479392828,0.8872603379913601,0.0,0.8386210958402067,0.021781830421852305,0.0,0.0,2026-09-21T07:12:24.641414+00:00
a97ba7db3aabbed08eeceac4869a7ff270bda42d4b0b165dbecd4c0d42f88c25,ANALYTIC_MERTON,LONG_ONLY_CAP50,0.01,4,6,600,2.1181854882076263,0.4812934966175245,COMPLETED,0.009807162326778862,0.04993301168032679,0.03627185074620523,0.07139106344378254,0.9442303400857766,0.0,0.3815200805368919,0.010763509096156936,0.0,0.0,2026-09-21T07:12:25.688745+00:00
b5b0f2eb40b0f4ea51e19c1abea4f8e6244dcad9117a597548d42aab22d94145,ANALYTIC_MERTON,LONG_ONLY_FULL,0.01,4,6,600,2.1181854882076263,0.4812934966175245,COMPLETED,0.01857439200433558,0.10475181391802378,0.0785628557561802,0.14661586716100425,0.8890117751530494,0.0,0.8368618244508614,0.021908702572001025,0.0,0.0,2026-09-21T07:12:25.672135+00:00
35121ce1d0158ea723f9d7d1155c9f6af52bdfe28bd55cd0041448cf3b95313b,ANALYTIC_MERTON,LONG_ONLY_CAP50,0.01,4,7,600,2.1181854882076263,0.4812934966175245,COMPLETED,0.011335691364781391,0.042077117553553096,0.02994551602162725,0.06609979375969384,0.9500210503077885,0.0,0.38237604214719356,0.010748355083940144,0.0,0.0,2026-09-21T07:12:25.196580+00:00
87dfc285a7a4c58b0dc1c1fbf336366211f676e9eb696dddba58c25c302ab18f,ANALYTIC_MERTON,LONG_ONLY_FULL,0.01,4,7,600,2.1181854882076263,0.4812934966175245,COMPLETED,0.021365959988943767,0.09040487190205902,0.06116159934627984,0.13740958346439192,0.8995521200621674,0.0,0.8380174464985877,0.021892697488539434,0.0,0.0,2026-09-21T07:12:25.180244+00:00
b4448d3132f9f43a2268f8e03e5d981ad56d1a77e8dda4599947d46c1679d74f,ANALYTIC_MERTON,LONG_ONLY_CAP50,0.01,4,8,600,2.1181854882076263,0.4812934966175245,COMPLETED,0.01091221086193258,0.04812230326027669,0.034469604879821585,0.06972222121011919,0.9447531648508556,0.0,0.3824289128365069,0.010769540681754767,0.0,0.0,2026-09-21T07:12:39.901962+00:00
d5bcc025d8c23d85e171dc5d9eb635fdad57dbd3dfaf06beb43bafd5d798f03e,ANALYTIC_MERTON,LONG_ONLY_FULL,0.01,4,8,600,2.1181854882076263,0.4812934966175245,COMPLETED,0.020794752029549855,0.09971598441351535,0.06479757075361073,0.1432343098423581,0.889603047594572,0.0,0.8380835291757289,0.02193756462895856,0.0,0.0,2026-09-21T07:12:39.885178+00:00
44ba9accdda9e0a176b0c92a8171a19bbe3942ac1cc03acc67fecf8845f13125,ANALYTIC_MERTON,LONG_ONLY_CAP50,0.01,4,9,600,2.1181854882076263,0.4812934966175245,COMPLETED,0.0110075125532784,0.042810480207043526,0.029608285415550245,0.06512822339057014,0.9507998540333154,0.0,0.38149858694839317,0.010914563388190872,0.0,0.0,2026-09-21T07:12:39.858628+00:00
db31dc73c60f04daea38827762565fea3703f2a4949341f83f09c64385b2bf56,ANALYTIC_MERTON,LONG_ONLY_FULL,0.01,4,9,600,2.1181854882076263,0.4812934966175245,COMPLETED,0.020758684499565583,0.09120498062366963,0.06756187640238565,0.1342917581412865,0.8993747647591015,0.0,0.8367121562867267,0.022328049537651457,0.0,0.0,2026-09-21T07:12:39.842173+00:00
7e166ff0dc618382732cd60f203a2b8c12835387a0f9c14d23196da6978b8e4e,ANALYTIC_MERTON,LONG_ONLY_CAP50,0.01,4,10,600,2.1181854882076263,0.4812934966175245,COMPLETED,0.012359127861570871,0.04007139800196551,0.02837439206567964,0.06579967962067569,0.9528111684450049,0.0,0.3816129398526866,0.010771031011651814,0.0,0.0,2026-09-21T07:12:41.271090+00:00
44d80a66a5df83744631244b013b1886e82d964defc4a356964eaeb1c6f3ba55,ANALYTIC_MERTON,LONG_ONLY_FULL,0.01,4,10,600,2.1181854882076263,0.4812934966175245,COMPLETED,0.02385735836157659,0.08350690862367006,0.057490810477515426,0.13584527422109405,0.9077040709800105,0.0,0.8369111895294382,0.022024767442445272,0.0,0.0,2026-09-21T07:12:41.253321+00:00
00e515e871ffdc1e72a14830e128ea5b0f47395f2e63a103ec5affbd3aa18230,ANALYTIC_MERTON,LONG_ONLY_CAP50,0.01,4,11,600,2.1181854882076263,0.4812934966175245,COMPLETED,0.011420365311762826,0.04045819690753238,0.026564255676913215,0.06662029328144671,0.9528875535643099,0.0,0.38155666461179877,0.01072888870584446,0.0,0.0,2026-09-21T07:12:40.284724+00:00
f383dac42fae2f36b6db55a5c15cbd42a095b59fb65f5dcfecbc292a6929ae5a,ANALYTIC_MERTON,LONG_ONLY_FULL,0.01,4,11,600,2.1181854882076263,0.4812934966175245,COMPLETED,0.021973095995859313,0.08704499278504027,0.05593472919987847,0.13686549852422666,0.9028265577897688,0.0,0.8370047103465107,0.02173521809788832,0.0,0.0,2026-09-21T07:12:40.267906+00:00
9235d6d35876aa28872ba113d90baf83177220f06e881d6ccfe98faceb0d7feb,ANALYTIC_MERTON,LONG_ONLY_CAP50,0.01,4,12,600,2.1181854882076263,0.4812934966175245,COMPLETED,0.009447410883676595,0.043957194128143896,0.030033748845103205,0.06668158794133784,0.948408012412608,0.0,0.3820589722728761,0.010732532964820393,0.0,0.0,2026-09-21T07:12:55.227438+00:00
2633e306167a4928f5ffa9fec1dd4559fa9de12d76fc6ad4d64dcd575e90a375,ANALYTIC_MERTON,LONG_ONLY_FULL,0.01,4,12,600,2.1181854882076263,0.4812934966175245,COMPLETED,0.018414873063617745,0.09223432028562678,0.06285036637122517,0.14061656898080677,0.8957530450416071,0.0,0.8376646045702874,0.021780308650212146,0.0,0.0,2026-09-21T07:12:55.210810+00:00
564f7a95242eadb19ed65c501ed28052fd1f604b79a1a88e647436bd93c2afb9,ANALYTIC_MERTON,LONG_ONLY_CAP50,0.01,4,13,600,2.1181854882076263,0.4812934966175245,COMPLETED,0.011099662478634502,0.04440932136794331,0.031334114226155924,0.06903864464560293,0.9478058882809216,0.0,0.38080140099271226,0.010856878119639961,0.0,0.0,2026-09-21T07:12:55.253661+00:00
ba34c6b88265f7166b0e270e5691dd39da59070ab573cb839b81868e91dbb90d,ANALYTIC_MERTON,LONG_ONLY_FULL,0.01,4,13,600,2.1181854882076263,0.4812934966175245,COMPLETED,0.02087198288506098,0.09598962814657626,0.06829989319193086,0.1415382464466216,0.8933113220325336,0.0,0.8358938486921552,0.022050867521451804,0.0,0.0,2026-09-21T07:12:55.236308+00:00
9caf8148105d11319163747c8060bc25db24e6b8bed9801dae8fd6a946671cd9,ANALYTIC_MERTON,LONG_ONLY_CAP50,0.01,4,14,600,2.1181854882076263,0.4812934966175245,COMPLETED,0.011300690800642919,0.04202032433384077,0.029895255573674406,0.06953609340673887,0.9538707485909158,0.0,0.382034031962835,0.010680784150079059,0.0,0.0,2026-09-21T07:12:56.544546+00:00
f846cf65ef5c168373ad4cc0a9ab8385c7681d139b2d16b1ea2feb5fce13524b,ANALYTIC_MERTON,LONG_ONLY_FULL,0.01,4,14,600,2.1181854882076263,0.4812934966175245,COMPLETED,0.02135689333937398,0.09065688215866098,0.06272459205341083,0.14051465210688288,0.8987334606368839,0.0,0.8375429014135477,0.02178944908037265,0.0,0.0,2026-09-21T07:12:56.527950+00:00
f8ee1052ad4620f201abcbf4ca9a7339f2f87f09958c661eb5ec710e3c102e78,ANALYTIC_MERTON,LONG_ONLY_CAP50,0.01,5,0,600,2.1181854882076263,0.4812934966175245,COMPLETED,0.010886265191215865,0.047109240886973054,0.03308564190593947,0.06933375110550638,0.9457963143540928,0.0,0.38149703334288415,0.010718737407411503,0.0,0.0,2026-09-21T07:12:55.750269+00:00
19e3f4b69fcf4ff593e1570553131138ecdcbd1cca5d2eab57b1300bebc57a28,ANALYTIC_MERTON,LONG_ONLY_FULL,0.01,5,0,600,2.1181854882076263,0.4812934966175245,COMPLETED,0.020933455363061647,0.09872802337972794,0.06529810108550405,0.14225839273813803,0.8930381091242103,0.0,0.8368952695616158,0.021761163044837228,0.0,0.0,2026-09-21T07:12:55.733203+00:00
1dc5a7cc22cc820fba09f275f884db72608be0b7e45008233ac767cbdf09077e,ANALYTIC_MERTON,LONG_ONLY_CAP50,0.01,5,1,600,2.1181854882076263,0.4812934966175245,COMPLETED,0.009865503558727805,0.045926604124358894,0.03317878923113685,0.06741748960323007,0.9468545155275112,0.0,0.38116313838494176,0.010872821066508435,0.0,0.0,2026-09-21T07:13:10.387297+00:00
7bdf69408a2897360d840f316fceff80fee686446b2146e9d4461c0427f5f4cd,ANALYTIC_MERTON,LONG_ONLY_FULL,0.01,5,1,600,2.1181854882076263,0.4812934966175245,COMPLETED,0.018498057948231235,0.09726422092281016,0.07212426222439854,0.13700733043916707,0.8972333567801966,0.0016666666666666668,0.8362792363045954,0.02222041216996904,0.0,0.0,2026-09-21T07:13:10.370962+00:00
7ee1dbea7416fce95bce1c1f3e084b1da3f2cd13c22c2ab02e63dffdfa8a868c,ANALYTIC_MERTON,LONG_ONLY_CAP50,0.01,5,2,600,2.1181854882076263,0.4812934966175245,COMPLETED,0.010730744631970447,0.045025715591812246,0.02954944402338806,0.0651611438246355,0.947398707306433,0.0,0.3830822918139447,0.010675369682798946,0.0,0.0,2026-09-21T07:13:10.695945+00:00
3216b8fadfc009a476ad3771ee82da18a19d9515dc39234b8abe72ae23c152b6,ANALYTIC_MERTON,LONG_ONLY_FULL,0.01,5,2,600,2.1181854882076263,0.4812934966175245,COMPLETED,0.01994945850475298,0.09387809815494189,0.06063144301652184,0.13664144407107567,0.8936888833272272,0.0,0.8389733146668847,0.021798194087620206,0.0,0.0,2026-09-21T07:13:10.679442+00:00
7e5873aa106eb297d2d80a7c9943483107ba7535819d7de6f50c524aadbabb1c,ANALYTIC_MERTON,LONG_ONLY_CAP50,0.01,5,3,600,2.1181854882076263,0.4812934966175245,COMPLETED,0.010794779355717446,0.04682459805858722,0.033614696714591705,0.06733075642772074,0.9471402864155973,0.0,0.3819370154608731,0.010786022400489122,0.0,0.0,2026-09-21T07:13:11.725844+00:00
761ff9e014ff475ab8224f555c267b8fd49aaac9da4d46cea2b8931d383c275f,ANALYTIC_MERTON,LONG_ONLY_FULL,0.01,5,3,600,2.1181854882076263,0.4812934966175245,COMPLETED,0.020835360423711147,0.09948413706796101,0.06778131776242345,0.13656048826116618,0.8887170626706616,0.0,0.8373818890135319,0.022012685789364404,0.0,0.0,2026-09-21T07:13:11.708289+00:00
5d6eaf1aa77d06f78fd756a11fbf74acb5cc886a4dcf62eb3e60eda980bd01b0,ANALYTIC_MERTON,LONG_ONLY_CAP50,0.01,5,4,600,2.1181854882076263,0.4812934966175245,COMPLETED,0.009720066925883243,0.05005048504487982,0.03648455428020181,0.06556624203237912,0.9456384186771668,0.0,0.38196349526175094,0.010691144178098123,0.0,0.0,2026-09-21T07:13:11.328249+00:00
63f5600bb8e1dc9283168cc438c2b26e4edca71dc7db9fd97b279b3fba9f1c83,ANALYTIC_MERTON,LONG_ONLY_FULL,0.01,5,4,600,2.1181854882076263,0.4812934966175245,COMPLETED,0.01830489547696434,0.10484818094748613,0.0740606614791387,0.13629374956489182,0.8890349945845448,0.0,0.8375095920781574,0.02173326193380722,0.0,0.0,2026-09-21T07:13:11.311685+00:00
3587f82aa4a3bcd09fbdb8731e5fcdef1437814694f4971d3063850bb0abfb48,ANALYTIC_MERTON,LONG_ONLY_CAP50,0.01,5,5,600,2.1181854882076263,0.4812934966175245,COMPLETED,0.010366799863011863,0.04483632581451267,0.03227998160303885,0.06494542502825745,0.9514321145992483,0.0,0.38125649682879187,0.010862139007566282,0.0,0.0,2026-09-21T07:13:25.530393+00:00
dcf48b9bd9759ad340e8cca6ac0bc5556a52679b7298fc6d1dbf11cd03f419d4,ANALYTIC_MERTON,LONG_ONLY_FULL,0.01,5,5,600,2.1181854882076263,0.4812934966175245,COMPLETED,0.019612317742343947,0.09371688604434521,0.06195871563626278,0.13629493904912898,0.8994697258348582,0.0,0.8364079908334846,0.0222146395057887,0.0,0.0,2026-09-21T07:13:25.514070+00:00
b11496086283e4f7a3f221db14c0cfccce2f57f065fea78f4078cc2a937e73d6,ANALYTIC_MERTON,LONG_ONLY_CAP50,0.01,5,6,600,2.1181854882076263,0.4812934966175245,COMPLETED,0.010555469579082816,0.04280649353032707,0.02987534844253007,0.06753418935647437,0.9532244138132913,0.0,0.38197685257909275,0.01078030867986835,0.0,0.0,2026-09-21T07:13:25.851191+00:00
2664482426f37a94585a737058fde4565056b281ebcbcc677ed612991f05e64d,ANALYTIC_MERTON,LONG_ONLY_FULL,0.01,5,6,600,2.1181854882076263,0.4812934966175245,COMPLETED,0.019954427170243986,0.093749299462042,0.06361035570455188,0.13858707466956421,0.8938232040955392,0.0,0.837481598422181,0.021947932181467875,0.0,0.0,2026-09-21T07:13:25.834385+00:00
d17b4909e43cc85f4ca04e8e74d9316ec3cfca09ba0ffd5cb1e9023ca26fdb09,ANALYTIC_MERTON,LONG_ONLY_CAP50,0.01,5,7,600,2.1181854882076263,0.4812934966175245,COMPLETED,0.009764749796181024,0.047653443474316964,0.03145708818363852,0.06704459678814566,0.9416974922269457,0.0,0.3821872359227274,0.01076108424842266,0.0,0.0,2026-09-21T07:13:26.813404+00:00
6dc884a730d8a2cce35fbeb67db20e183dd1766c3000f9b901531478e1934acd,ANALYTIC_MERTON,LONG_ONLY_FULL,0.01,5,7,600,2.1181854882076263,0.4812934966175245,COMPLETED,0.018518224083843463,0.1000537438678694,0.06778081402785818,0.13947107638112927,0.8915981196112818,0.0,0.8377688549908425,0.021906565579210356,0.0,0.0,2026-09-21T07:13:26.796558+00:00
7f6c9f13cf4ad3870b763cbee8e75994b212882a7c46b67ce56c94209313884c,ANALYTIC_MERTON,LONG_ONLY_CAP50,0.01,5,8,600,2.1181854882076263,0.4812934966175245,COMPLETED,0.011419093352473849,0.046251392055495305,0.03425422907924969,0.06958480151750317,0.9475791119825938,0.0,0.3828444624691581,0.010729521937708512,0.0,0.0,2026-09-21T07:13:26.491841+00:00
dd79f471de3d25fe17a19f414097c199fadce60e7fa155c57dc6ac182ab8802f,ANALYTIC_MERTON,LONG_ONLY_FULL,0.01,5,8,600,2.1181854882076263,0.4812934966175245,COMPLETED,0.021508687746614016,0.09395434133805743,0.06804627542531333,0.141276290374308,0.8974932767611691,0.0,0.8386615114376827,0.021868167621367483,0.0,0.0,2026-09-21T07:13:26.474934+00:00
5abe39918cd6aee2dbc04e9dd20a15cf38e8e3aa2162fb3a1f7b67d52600a9f2,ANALYTIC_MERTON,LONG_ONLY_CAP50,0.01,5,9,600,2.1181854882076263,0.4812934966175245,COMPLETED,0.012203761186068777,0.04045398354414176,0.025813312356037045,0.06662535719559465,0.9524949147879452,0.0,0.3817226616070455,0.010717219324782715,0.0,0.0,2026-09-21T07:13:40.598514+00:00
d2433171ec7e729ff2b56bae543dabb6eeabb14a2f93d8e73730249ec53319e1,ANALYTIC_MERTON,LONG_ONLY_FULL,0.01,5,9,600,2.1181854882076263,0.4812934966175245,COMPLETED,0.023800017404983956,0.08197631543312824,0.05006787623537472,0.13862846025709036,0.9030041365519729,0.0,0.8371266176248875,0.021842414883802178,0.0,0.0,2026-09-21T07:13:40.580503+00:00
c6281cb46bad83632d6fd0199715be1fd1aa135a42b1ac217946418ba399bb4e,ANALYTIC_MERTON,LONG_ONLY_CAP50,0.01,5,10,600,2.1181854882076263,0.4812934966175245,COMPLETED,0.009645094220607926,0.04979613424957805,0.03520735699095281,0.06892000179785528,0.9467072892543048,0.0,0.38167476557402097,0.010886990463063507,0.0,0.0,2026-09-21T07:13:41.136126+00:00
c20d86d7551fbca24b891863a44d394d05885add92303d7f1409808a0e2a0f0f,ANALYTIC_MERTON,LONG_ONLY_FULL,0.01,5,10,600,2.1181854882076263,0.4812934966175245,COMPLETED,0.01830654697192483,0.10317550463294554,0.07634161989915722,0.14255141102055333,0.8909614151118528,0.0,0.836971230643326,0.022242639198661596,0.0,0.0,2026-09-21T07:13:41.119406+00:00
aad67648188849cab79138b8813faa79f5035bf0ed61d24a4911aea9a3a34ff1,ANALYTIC_MERTON,LONG_ONLY_CAP50,0.01,5,11,600,2.1181854882076263,0.4812934966175245,COMPLETED,0.009816113891896008,0.04255275650382096,0.031070079730886366,0.06594684120613165,0.9523920988242611,0.0,0.38290030492443317,0.010803513446041252,0.0,0.0,2026-09-21T07:13:42.064513+00:00
fb8bf4f13c303df83e0bf5d5308e2020a8df7753b994758d4490a5ae809f1ce3,ANALYTIC_MERTON,LONG_ONLY_FULL,0.01,5,11,600,2.1181854882076263,0.4812934966175245,COMPLETED,0.01870564485665992,0.0876886729954239,0.06078684130584143,0.13818263420177684,0.8941905811680428,0.0,0.8387093303600568,0.02202519614447734,0.0,0.0,2026-09-21T07:13:42.047851+00:00
e21233d2c53e690984b0d8462ff1ce0109286d9bf4e447f5d61ff020fcff9740,ANALYTIC_MERTON,LONG_ONLY_CAP50,0.01,5,12,600,2.1181854882076263,0.4812934966175245,COMPLETED,0.010679119062554072,0.05174546617726596,0.03253390152417317,0.06994767739529001,0.9370547074617946,0.0,0.38292037536168533,0.010723164557000104,0.0,0.0,2026-09-21T07:13:41.598729+00:00
0f4df277c57c7410ca80a5416345a8a765490b92fa83b19741bb782e4d4eecce,ANALYTIC_MERTON,LONG_ONLY_FULL,0.01,5,12,600,2.1181854882076263,0.4812934966175245,COMPLETED,0.020173885137718322,0.11049506851195975,0.07079681743536954,0.14390120632867817,0.8768047467842899,0.0016666666666666668,0.8387359574504505,0.021870842244808293,0.0,0.0,2026-09-21T07:13:41.581938+00:00
afa17dab030d66bcbd8450bde245e3f3db0d963f32f64fd14b1497b26851c1b1,ANALYTIC_MERTON,LONG_ONLY_CAP50,0.01,5,13,600,2.1181854882076263,0.4812934966175245,COMPLETED,0.009158986517672144,0.04938936588716156,0.032768974876852444,0.06606974317804856,0.9445052921445987,0.0,0.3817787559703207,0.010826614049932416,0.0,0.0,2026-09-21T07:13:55.900065+00:00
7e674342a79a0d497645f0fa3ccdfdb1ebb0c4d231ce2d2aa2c8a72d0ad0902a,ANALYTIC_MERTON,LONG_ONLY_FULL,0.01,5,13,600,2.1181854882076263,0.4812934966175245,COMPLETED,0.017373388729205033,0.10287085924143508,0.07420487341496364,0.13468295592645385,0.8882699632341918,0.0,0.8372510083330809,0.02197001226593566,0.0,0.0,2026-09-21T07:13:55.883169+00:00
90552200b50ec315fa7322561ae29749cbd9533026d3bd103e6b0600fdd70195,ANALYTIC_MERTON,LONG_ONLY_CAP50,0.01,5,14,600,2.1181854882076263,0.4812934966175245,COMPLETED,0.010340537917501925,0.045069062233052244,0.03303609946427467,0.06817068762480386,0.9483022926622174,0.0,0.3815070985260828,0.010840994070216037,0.0,0.0,2026-09-21T07:13:56.801703+00:00
1668ddf18254b77c321f09b9b859fdc0d42d37270b59ff12edf14d08f2781429,ANALYTIC_MERTON,LONG_ONLY_FULL,0.01,5,14,600,2.1181854882076263,0.4812934966175245,COMPLETED,0.019409730590841907,0.09543369069270781,0.0668575682496919,0.14524421672554524,0.8947810477128589,0.0,0.8368494275756049,0.02204548370297398,0.0,0.0,2026-09-21T07:13:56.783622+00:00
0900d06d996307bda4d3667dac263321974f565a532492f7b70e96997b889c96,ANALYTIC_MERTON,LONG_ONLY_CAP50,0.01,6,0,600,2.1181854882076263,0.4812934966175245,COMPLETED,0.010800789052099467,0.04466079181589243,0.03231490957122892,0.06627190305930962,0.9485717311206007,0.0,0.3826455485898066,0.010661804316643073,0.0,0.0,2026-09-21T07:13:57.279864+00:00
e0186d5b9c0a1141dad3153f977451d4ca91bf8c8a40ba114e68c1170e218b15,ANALYTIC_MERTON,LONG_ONLY_FULL,0.01,6,0,600,2.1181854882076263,0.4812934966175245,COMPLETED,0.021067592764734796,0.09298669446254376,0.06945382093936628,0.1370518931172819,0.8984596176483796,0.0,0.8383590510550043,0.021788679940764635,0.0,0.0,2026-09-21T07:13:57.263027+00:00
7c3b28987480d5601143c4daea233c9ede5dbcafb937708e91a2322792c1cd0d,ANALYTIC_MERTON,LONG_ONLY_CAP50,0.01,6,1,600,2.1181854882076263,0.4812934966175245,COMPLETED,0.009713533106426761,0.04431983773301839,0.03221184106501005,0.06649252514354641,0.9507532485158611,0.0,0.38172883342363334,0.010874257935648208,0.0,0.0,2026-09-21T07:13:56.894104+00:00
4a0e8e2c987befe5f261097c02627ca60abf70f901f822e5f78ec9c31bf6b716,ANALYTIC_MERTON,LONG_ONLY_FULL,0.01,6,1,600,2.1181854882076263,0.4812934966175245,COMPLETED,0.018267286866595917,0.09121460472387974,0.06054791515833916,0.13977425622356254,0.8966057445980345,0.0,0.8371761858963278,0.022057962355325693,0.0,0.0,2026-09-21T07:13:56.877141+00:00
87f904f904253b5cee5102ea2b63a30bd75d1a2e31b24fd79f24b5febed4f2b0,ANALYTIC_MERTON,LONG_ONLY_CAP50,0.01,6,2,600,2.1181854882076263,0.4812934966175245,COMPLETED,0.009881432103517954,0.04310351473205672,0.031937070632627435,0.06681796422916957,0.953641974554388,0.0,0.38159937460292753,0.010886575522677132,0.0,0.0,2026-09-21T07:14:11.090560+00:00
0cc2d62e726d374fb2256efaa3e9f32d8dedb3fb29afd2705d08463593b2a82a,ANALYTIC_MERTON,LONG_ONLY_FULL,0.01,6,2,600,2.1181854882076263,0.4812934966175245,COMPLETED,0.018645467696290385,0.09186043937684062,0.06637830457546023,0.13978545847868337,0.9002942059689643,0.0,0.8369694951711135,0.022136319064771526,0.0,0.0,2026-09-21T07:14:11.074067+00:00
27e09b64a9af6dfa72727c507d919f601f9c81d53eebcd45fb4a6a14f1cbf84d,ANALYTIC_MERTON,LONG_ONLY_CAP50,0.01,6,3,600,2.1181854882076263,0.4812934966175245,COMPLETED,0.01082353186764353,0.04225709822846791,0.027929869551223157,0.0683864014374668,0.9496786219389081,0.0,0.38220866112442997,0.010623548218711618,0.0,0.0,2026-09-21T07:14:12.189048+00:00
8347b01c73c8c214ad415af9ef4c1fb3de2ea6920f7e80dddd39e354f8d43b29,ANALYTIC_MERTON,LONG_ONLY_FULL,0.01,6,3,600,2.1181854882076263,0.4812934966175245,COMPLETED,0.020445068007535597,0.08954916121456634,0.05846562192219408,0.14309371677892044,0.8949237867064548,0.0,0.8378405035812608,0.021632867858630465,0.0,0.0,2026-09-21T07:14:12.172386+00:00
bce3f54930b6c144b3fe4d5e2a576b9c7282c23ad9a2c42c71ef9a579c757ca7,ANALYTIC_MERTON,LONG_ONLY_CAP50,0.01,6,4,600,2.1181854882076263,0.4812934966175245,COMPLETED,0.011544089059494363,0.041006002630981246,0.0259114625038308,0.06847011614943667,0.9516932161386251,0.0,0.38261651023438986,0.010648813485854081,0.0,0.0,2026-09-21T07:14:12.328783+00:00
862b6519353ac4e9ae3f97dca6021a39a6dae3124e65c02808b155599e97e37e,ANALYTIC_MERTON,LONG_ONLY_FULL,0.01,6,4,600,2.1181854882076263,0.4812934966175245,COMPLETED,0.022462948594562354,0.08434386334663829,0.053970717456508846,0.14020333644618807,0.8954568437367335,0.0,0.8384265753187794,0.021633350047936678,0.0,0.0,2026-09-21T07:14:12.311982+00:00
ea810e4e30930fa98ee8a39dcc6112318cd5522aa84be425e12959e5dfe008e7,ANALYTIC_MERTON,LONG_ONLY_CAP50,0.01,6,5,600,2.1181854882076263,0.4812934966175245,COMPLETED,0.011490679965132602,0.04070295934652954,0.025930520717567677,0.06505467251991935,0.9517705871115624,0.0,0.38194194377476925,0.010760551156653421,0.0,0.0,2026-09-21T07:14:12.146851+00:00
b2ebab161682fa885ff267e2dcf5819ae8f89b39a7d6fdd42abffdfc9a7ab5ec,ANALYTIC_MERTON,LONG_ONLY_FULL,0.01,6,5,600,2.1181854882076263,0.4812934966175245,COMPLETED,0.022285367101211862,0.08467501508220497,0.054278755316656296,0.13462393565439407,0.8986293575862513,0.0,0.8372602698250494,0.022134175532036674,0.0,0.0,2026-09-21T07:14:12.129913+00:00
d2dd95be13a462e5b55f9766907921b13b8a7c052acdd5c60682e13afaef541c,ANALYTIC_MERTON,LONG_ONLY_CAP50,0.01,6,6,600,2.1181854882076263,0.4812934966175245,COMPLETED,0.010718552179793617,0.044936818014644775,0.030777420466340726,0.06630855989944458,0.9478740746768152,0.0,0.3819146782944077,0.010883628681822227,0.0,0.0,2026-09-21T07:14:26.055021+00:00
79adc5c278515d107932b1037ff10800bef8934a324515667913744e2ce01272,ANALYTIC_MERTON,LONG_ONLY_FULL,0.01,6,6,600,2.1181854882076263,0.4812934966175245,COMPLETED,0.0205436888713227,0.09786025425130802,0.06399098824535804,0.13427823309205286,0.89502521864218,0.0,0.8373872303117944,0.022142551876666004,0.0,0.0,2026-09-21T07:14:26.038647+00:00
c2e836e2de683284999793c72d0ba3934885617589120c2371b93ae2e79dc540,ANALYTIC_MERTON,LONG_ONLY_CAP50,0.01,6,7,600,2.1181854882076263,0.4812934966175245,COMPLETED,0.010403249779639395,0.04183759715481829,0.0298876803610361,0.06452133138702747,0.9518312847808096,0.0,0.38174241668377806,0.010827675328415602,0.0,0.0,2026-09-21T07:14:27.273322+00:00
c3ebaf39cc332fe901d751103b1112372e43154ae5a77ccd1eec70d971b2ffb8,ANALYTIC_MERTON,LONG_ONLY_FULL,0.01,6,7,600,2.1181854882076263,0.4812934966175245,COMPLETED,0.020093747411748273,0.08901401157778034,0.06444124301233728,0.13511164445593424,0.9001377385294357,0.0,0.8370976307413087,0.02211441054482562,0.0,0.0,2026-09-21T07:14:27.256728+00:00
46984ebf8cf022aecca976174d45f2654ea16bbb6968105287348b81634d582a,ANALYTIC_MERTON,LONG_ONLY_CAP50,0.01,6,8,600,2.1181854882076263,0.4812934966175245,COMPLETED,0.010605627351150119,0.04423797534602084,0.03286484238405928,0.0670335028388848,0.9487745373428054,0.0,0.3811469991269106,0.010908132555900854,0.0,0.0,2026-09-21T07:14:27.474416+00:00
f77df8f4e1dcbdcc69c85638498a4436d9783193eb3d614a904093720096bc1a,ANALYTIC_MERTON,LONG_ONLY_FULL,0.01,6,8,600,2.1181854882076263,0.4812934966175245,COMPLETED,0.020093762750410103,0.09713615566417691,0.07396041952183148,0.13864930999115122,0.8968513471191183,0.0,0.8363262648523344,0.022200874914107487,0.0,0.0,2026-09-21T07:14:27.457335+00:00
1ba4a9435a21b8c2337d1adaaadf2f4d9a3fed4a84b315cb0e577663fae16a71,ANALYTIC_MERTON,LONG_ONLY_CAP50,0.01,6,9,600,2.1181854882076263,0.4812934966175245,COMPLETED,0.01134351712817555,0.042205041739191325,0.027757407485053374,0.0643098574273108,0.9505996207354643,0.0,0.38212278849865455,0.010806522245973896,0.0,0.0,2026-09-21T07:14:27.462804+00:00
2c35f1148bddc385f560ef32b7901342b9d3eb910ca65d6f9bba095df425597b,ANALYTIC_MERTON,LONG_ONLY_FULL,0.01,6,9,600,2.1181854882076263,0.4812934966175245,COMPLETED,0.022108795695088005,0.08880550200064162,0.053226460636037275,0.13541722468812795,0.9007576375156093,0.0,0.8375413033264405,0.02214997927623234,0.0,0.0,2026-09-21T07:14:27.445537+00:00
822e0bf07584a787192a24611ebec6b91bd0b643ff2b9bde5702fee40e6ad5dc,ANALYTIC_MERTON,LONG_ONLY_CAP50,0.01,6,10,600,2.1181854882076263,0.4812934966175245,COMPLETED,0.009545367078206479,0.04606020471759735,0.03111023267141895,0.06780997211346085,0.9470894417784597,0.0,0.3831978269008354,0.010615937081811364,0.0,0.0,2026-09-21T07:14:41.171658+00:00
399bc37497861bc1709b4a2639eefc8253c948857aa07f30a6c9be442a9fa67f,ANALYTIC_MERTON,LONG_ONLY_FULL,0.01,6,10,600,2.1181854882076263,0.4812934966175245,COMPLETED,0.017738985272946307,0.09699534213387465,0.06999346135340774,0.14112605926857547,0.8868452128378075,0.0,0.839194861227907,0.021587264219938583,0.0,0.0,2026-09-21T07:14:41.155025+00:00
3653e857027798c9bdb901763954e638e7bd093c2a5efdee7e9c94c166aa9717,ANALYTIC_MERTON,LONG_ONLY_CAP50,0.01,6,11,600,2.1181854882076263,0.4812934966175245,COMPLETED,0.007704341722703772,0.053031249937866703,0.03670310955356481,0.07389040189002496,0.9422232071863121,0.0,0.3812758671874143,0.010876492944468352,0.0,0.0,2026-09-21T07:14:42.358615+00:00
618bf9a0218cc9aa028ac4cb7e766fd030ead59692231b39c856cef3383b03a0,ANALYTIC_MERTON,LONG_ONLY_FULL,0.01,6,11,600,2.1181854882076263,0.4812934966175245,COMPLETED,0.013801241987402024,0.1094582607402496,0.08128511761182865,0.153716756997544,0.8870958168746214,0.0,0.8364772345415885,0.022170200544855585,0.0,0.0,2026-09-21T07:14:42.342162+00:00
884e1ff5704cd9380494348be46ecc36c05719e06b05384886262e09c571a33a,ANALYTIC_MERTON,LONG_ONLY_CAP50,0.01,6,12,600,2.1181854882076263,0.4812934966175245,COMPLETED,0.010570630012052974,0.03932835924428262,0.02623851526551166,0.06548175342958724,0.9535477504086509,0.0,0.38142992344896154,0.01084505141368932,0.0,0.0,2026-09-21T07:14:42.642277+00:00
ed3547a1a38ba25ba4e3a12ea6e902f0f969064528e78d60040bc9a341ca7e8e,ANALYTIC_MERTON,LONG_ONLY_FULL,0.01,6,12,600,2.1181854882076263,0.4812934966175245,COMPLETED,0.019943060232143473,0.08151462255285165,0.05331524634019065,0.13858763031030355,0.9123936948372388,0.0,0.836703954900015,0.022105279029233448,0.0,0.0,2026-09-21T07:14:42.625676+00:00
67c964237410ab7235e8dbab677bff760b453889efc7b5f7ab7c38eb6962bd3c,ANALYTIC_MERTON,LONG_ONLY_CAP50,0.01,6,13,600,2.1181854882076263,0.4812934966175245,COMPLETED,0.008857566657639091,0.049306865923563065,0.03420522102620253,0.06840707198763782,0.9419518928735028,0.0,0.38247223449292417,0.010804639813113932,0.0,0.0,2026-09-21T07:14:42.649792+00:00
78f684ad73787ad75a8143114e377e3ffa6ec375edbdec8af135553c6400fae8,ANALYTIC_MERTON,LONG_ONLY_FULL,0.01,6,13,600,2.1181854882076263,0.4812934966175245,COMPLETED,0.01694943875317543,0.10627147163068883,0.08290285259073392,0.14042843884768696,0.8871660540752723,0.0,0.8381316961807531,0.022008503420812196,0.0,0.0,2026-09-21T07:14:42.632531+00:00
368c608e299a9b70ffd9b3ae5fd2765a908d4063a41506f1629545ea95f05fa1,ANALYTIC_MERTON,LONG_ONLY_CAP50,0.01,6,14,600,2.1181854882076263,0.4812934966175245,COMPLETED,0.011228295229771507,0.04353898049063452,0.03186164537493037,0.06710572444249202,0.9492807642046877,0.0,0.3801392029866833,0.011060711880140996,0.0,0.0,2026-09-21T07:14:56.656663+00:00
5689d6ad76d298976ffb50dd01f209f48efdd0d462cb941aba3fc38e10c1ec12,ANALYTIC_MERTON,LONG_ONLY_FULL,0.01,6,14,600,2.1181854882076263,0.4812934966175245,COMPLETED,0.02071052434085217,0.09479403946270361,0.06631482010238002,0.1389054629504997,0.8962299242799309,0.0,0.8348009724118399,0.0226472518729621,0.0,0.0,2026-09-21T07:14:56.640206+00:00
dc00a7c1e4f66bdd280bbe94e8822a7a768d48da59ed6214f086e3e473ecf258,ANALYTIC_MERTON,LONG_ONLY_CAP50,0.01,7,0,600,2.1181854882076263,0.4812934966175245,COMPLETED,0.010525279531579813,0.0455655415777976,0.030032318442928817,0.06698415389965655,0.9460062024654821,0.0,0.3823574240850473,0.01064588409347771,0.0,0.0,2026-09-21T07:14:57.801224+00:00
b3d6a8251d441e4bff70ffb3ef4561c5f5acbb9d2701db70d2f190d6e91de585,ANALYTIC_MERTON,LONG_ONLY_FULL,0.01,7,0,600,2.1181854882076263,0.4812934966175245,COMPLETED,0.02002847427408998,0.09611083631418192,0.06684461740370003,0.1368045680614753,0.8888788390895895,0.0,0.83806409395228,0.02164466078281498,0.0,0.0,2026-09-21T07:14:57.784488+00:00
fa60661e7f2ad2bcb56989cb7ec150e3000cee57c5e1034521ae4d61384ef53e,ANALYTIC_MERTON,LONG_ONLY_CAP50,0.01,7,1,600,2.1181854882076263,0.4812934966175245,COMPLETED,0.01266423571427964,0.046620672701067664,0.03136369755909378,0.06817638505369421,0.9456556555799558,0.0,0.3825158624520015,0.010701413370974898,0.0,0.0,2026-09-21T07:14:57.910131+00:00
639320033ff74188a934b4c07d5fe08b9d3103c24ff2ecc2a5123a6f79c8e403,ANALYTIC_MERTON,LONG_ONLY_FULL,0.01,7,1,600,2.1181854882076263,0.4812934966175245,COMPLETED,0.023957955185084985,0.10078326935755717,0.057458533424307026,0.14138759770010098,0.8883770577203816,0.0,0.8382221051731431,0.021793195863556474,0.0,0.0,2026-09-21T07:14:57.892542+00:00
1bb3d44fa3c37bf92e28ce0fb8e91242b9c0365d3f8957c6b24cbac3dfbc934d,ANALYTIC_MERTON,LONG_ONLY_CAP50,0.01,7,2,600,2.1181854882076263,0.4812934966175245,COMPLETED,0.01100617352835011,0.04518523919179059,0.03417277676614001,0.07051225449749589,0.9505226384406187,0.0,0.38234638035262053,0.010776899277720728,0.0,0.0,2026-09-21T07:14:58.330538+00:00
9826e44f228dbd8aa353c77bef3b85ea212cfd7928f3aca8019b2afd665b3e17,ANALYTIC_MERTON,LONG_ONLY_FULL,0.01,7,2,600,2.1181854882076263,0.4812934966175245,COMPLETED,0.020804563610528223,0.09644601302730173,0.07359324083531919,0.14635656679846593,0.8958302807462977,0.0,0.837947860541705,0.021995783943541517,0.0,0.0,2026-09-21T07:14:58.313889+00:00
fb4108d4d2693c5f73599fa84004d6df220fc156f4da6b0c5e778e554b6e3553,ANALYTIC_MERTON,LONG_ONLY_CAP50,0.01,7,3,600,2.1181854882076263,0.4812934966175245,COMPLETED,0.01152486939877735,0.048408394229350976,0.032251147272964936,0.0708309926535793,0.9426761754869668,0.0,0.38209919048558805,0.010848418546888297,0.0,0.0,2026-09-21T07:15:11.941132+00:00
64aab789f276814e6f4d58c9d906e5b8aa4826488dec806f5858959101a66047,ANALYTIC_MERTON,LONG_ONLY_FULL,0.01,7,3,600,2.1181854882076263,0.4812934966175245,COMPLETED,0.021923076782855908,0.1003433107960675,0.07194033722888249,0.14452633643161433,0.8898710605555739,0.0,0.8375532278758469,0.022185076268609293,0.0,0.0,2026-09-21T07:15:11.923485+00:00
4f6a5a1b71609aca55344b1ac7328164b8ae5217fe7c4b4ae2e986712c9d23a2,ANALYTIC_MERTON,LONG_ONLY_CAP50,0.01,7,4,600,2.1181854882076263,0.4812934966175245,COMPLETED,0.009332707630212728,0.04693880170660196,0.034030978762468744,0.06658334749379231,0.9469009168355154,0.0,0.38210551922015545,0.010782941968072893,0.0,0.0,2026-09-21T07:15:12.901258+00:00
af2dd302335b16ca231487cee2925a263626d77455f422911310251f4a5c6e31,ANALYTIC_MERTON,LONG_ONLY_FULL,0.01,7,4,600,2.1181854882076263,0.4812934966175245,COMPLETED,0.0174016860219799,0.0990022280615952,0.07432990678125774,0.13821495514043833,0.8966787764812904,0.0,0.8376199859804783,0.021988398295828257,0.0,0.0,2026-09-21T07:15:12.884702+00:00
d054c47cbdafaee5f6451af21c5e0eba76a6dc3eb3333387faed9e5643c7dd99,ANALYTIC_MERTON,LONG_ONLY_CAP50,0.01,7,5,600,2.1181854882076263,0.4812934966175245,COMPLETED,0.009764186447568176,0.04572000623618355,0.03643495261796332,0.06993220550873212,0.9485029634434718,0.0,0.3820059134576256,0.010756689637751301,0.0,0.0,2026-09-21T07:15:13.274737+00:00
d0f9005b5eeb24457866f4d0467a0f537ee782711d6fc5b022c307a5a8650627,ANALYTIC_MERTON,LONG_ONLY_FULL,0.01,7,5,600,2.1181854882076263,0.4812934966175245,COMPLETED,0.018695201789061765,0.09930026962779631,0.07523662332076565,0.14491068239566127,0.8910633460831139,0.0,0.8375007676496308,0.021946988632897197,0.0,0.0,2026-09-21T07:15:13.257632+00:00
d892593fa8f34c769c80364a407348cfa66a997d0da2256da7acc012df16f565,ANALYTIC_MERTON,LONG_ONLY_CAP50,0.01,7,6,600,2.1181854882076263,0.4812934966175245,COMPLETED,0.011052466745784644,0.03941818709905707,0.025675134721136698,0.06548576148222496,0.950412111783955,0.0,0.3815481609498146,0.010759297492011535,0.0,0.0,2026-09-21T07:15:13.474825+00:00
3594d217a38800f80ec9dc7595cf78371e90742345e3bb2bdc1acf70d69251dc,ANALYTIC_MERTON,LONG_ONLY_FULL,0.01,7,6,600,2.1181854882076263,0.4812934966175245,COMPLETED,0.021118047497277474,0.08256328420368128,0.05677254625164273,0.13631072797835228,0.9089058379599532,0.0,0.836922947516194,0.02187185892167808,0.0,0.0,2026-09-21T07:15:13.457267+00:00
2f25720b5d09bc25762ba5a4749b07a33ef3b72983baba8c7a03ea4d1a7488c8,ANALYTIC_MERTON,LONG_ONLY_CAP50,0.01,7,7,600,2.1181854882076263,0.4812934966175245,COMPLETED,0.008805409668472581,0.045910695726190096,0.033246806315417286,0.0689866980214727,0.9467035081500971,0.0,0.3819809420282882,0.010740265025617566,0.0,0.0,2026-09-21T07:15:27.185530+00:00
dcf15209565a5ba85d0142e30ef33c27d5692754168dfc0c35fc1d4335ae632f,ANALYTIC_MERTON,LONG_ONLY_FULL,0.01,7,7,600,2.1181854882076263,0.4812934966175245,COMPLETED,0.017601279997360136,0.09772468149701934,0.07277291900558085,0.13991478777096972,0.8944497660444275,0.0,0.837538754303632,0.02179908599337337,0.0,0.0,2026-09-21T07:15:27.168848+00:00
4dfef67d6b2d7f3d4458679a0528227094a25fc82cdd7afa53c8fbaa9d586cff,ANALYTIC_MERTON,LONG_ONLY_CAP50,0.01,7,8,600,2.1181854882076263,0.4812934966175245,COMPLETED,0.010984133832720138,0.04835057628503854,0.03389097981475816,0.07079840711173542,0.9428851196002062,0.0,0.3814421016521547,0.01098127032681274,0.0,0.0,2026-09-21T07:15:28.137729+00:00
d52fb643411ec79b393f642db148b19f4dc9b7e1167cc1d13ab026f0837198e9,ANALYTIC_MERTON,LONG_ONLY_FULL,0.01,7,8,600,2.1181854882076263,0.4812934966175245,COMPLETED,0.02069990996887816,0.10046462586008005,0.07242183920695058,0.14441657508755468,0.8886204164865891,0.0,0.8365732818835409,0.022507873147624712,0.0,0.0,2026-09-21T07:15:28.120873+00:00
f38e80612f2d5e893b7dc766a73cd70e718faee23fa6046b1a72712f40c8743b,ANALYTIC_MERTON,LONG_ONLY_CAP50,0.01,7,9,600,2.1181854882076263,0.4812934966175245,COMPLETED,0.010447414253936329,0.04763881312276763,0.03472972430455432,0.06746164897589817,0.942428006829597,0.0,0.3822318362965059,0.010790698560688648,0.0,0.0,2026-09-21T07:15:28.324755+00:00
60e6587a40beac8a39439528fb17c53fb354229c0569b364fea33e67e2db537c,ANALYTIC_MERTON,LONG_ONLY_FULL,0.01,7,9,600,2.1181854882076263,0.4812934966175245,COMPLETED,0.01936337002496773,0.10179436302379842,0.06848308949191223,0.13935407471375827,0.8868815972254482,0.0,0.8378369369365406,0.021955438299327522,0.0,0.0,2026-09-21T07:15:28.307840+00:00
ffde89dfdba73cf96a2aecd2680d4f7f28f0f901c6d43a422f74152c86429492,ANALYTIC_MERTON,LONG_ONLY_CAP50,0.01,7,10,600,2.1181854882076263,0.4812934966175245,COMPLETED,0.010548869975080031,0.04325969436794961,0.03272678289593131,0.06775228108198633,0.9540509936982171,0.0,0.38229612576676614,0.010715714919618985,0.0,0.0,2026-09-21T07:15:28.721753+00:00
e9246bb6778638b681e0d85278d8d5d18fec0cb59bdadcb4d58ad6084b862878,ANALYTIC_MERTON,LONG_ONLY_FULL,0.01,7,10,600,2.1181854882076263,0.4812934966175245,COMPLETED,0.02025749863968133,0.08973491659190082,0.06901194715350455,0.13813616275490914,0.9019158577874583,0.0,0.8379398124233027,0.021800764436674037,0.0,0.0,2026-09-21T07:15:28.704763+00:00
f8c5a6a55595087652b451de1e01367d8ab1ebb5d0f704967aaf9fb749946fd4,ANALYTIC_MERTON,LONG_ONLY_CAP50,0.01,7,11,600,2.1181854882076263,0.4812934966175245,COMPLETED,0.008914086691221472,0.052039634935993,0.04142086915355851,0.069795956163864,0.944123202619391,0.0,0.3815655992242015,0.010816642200579995,0.0,0.0,2026-09-21T07:15:42.658249+00:00
67b23f31afd45fe08c84dcb910939dbf6f941ad74f04a940a4cf1102bafa49be,ANALYTIC_MERTON,LONG_ONLY_FULL,0.01,7,11,600,2.1181854882076263,0.4812934966175245,COMPLETED,0.0170678469947097,0.10923719069955708,0.08799021921404891,0.1433778923752083,0.8844680406400376,0.0,0.8368359797677007,0.022116205454774326,0.0,0.0,2026-09-21T07:15:42.641053+00:00
d8ef622066c93099e710787b5dd430a93b2afbdd13f89c01434756a212375dae,ANALYTIC_MERTON,LONG_ONLY_CAP50,0.01,7,12,600,2.1181854882076263,0.4812934966175245,COMPLETED,0.008866618375438508,0.05020326892818715,0.03849112598961187,0.068707743281578,0.9453188322496427,0.0,0.3812882978936938,0.010686824546024216,0.0,0.0,2026-09-21T07:15:43.324751+00:00
d00eaa9b5e56fcfa5d92a49f3292339f291a5df87724837fa8606fbb1438edff,ANALYTIC_MERTON,LONG_ONLY_FULL,0.01,7,12,600,2.1181854882076263,0.4812934966175245,COMPLETED,0.01646014864205427,0.10603639680921381,0.08092365380622565,0.14081107353555034,0.8897614572991055,0.0,0.8365475316350232,0.021785895403240937,0.0,0.0,2026-09-21T07:15:43.307984+00:00
89d78c001b8cf6bbf8fbbd15f6aa11739a706bbded2a063c8acaa3793388a578,ANALYTIC_MERTON,LONG_ONLY_CAP50,0.01,7,13,600,2.1181854882076263,0.4812934966175245,COMPLETED,0.011592622681030973,0.04207894461250887,0.028950576018166276,0.06489152476882953,0.9549000303533058,0.0,0.3820931232752606,0.010839596457473394,0.0,0.0,2026-09-21T07:15:43.607768+00:00
d1bee74b59a543135d49bf278ef8e20a69efeac7df120d09e0f36664f2b8a02a,ANALYTIC_MERTON,LONG_ONLY_FULL,0.01,7,13,600,2.1181854882076263,0.4812934966175245,COMPLETED,0.022594447602830012,0.08841076837494363,0.06130062614888422,0.135744630691652,0.9088797312009919,0.0,0.8376367855525435,0.02203129542146428,0.0,0.0,2026-09-21T07:15:43.590894+00:00
38a84cdc38ff5d9dd89cfc82361d70d2716233827c9e97c1f05f9fc2a97ab863,ANALYTIC_MERTON,LONG_ONLY_CAP50,0.01,7,14,600,2.1181854882076263,0.4812934966175245,COMPLETED,0.010680257635742195,0.04472183034403355,0.03214938798875518,0.06631094671289177,0.9495180060369814,0.0,0.3811297070466271,0.010900812586757557,0.0,0.0,2026-09-21T07:15:44.338216+00:00
51f6558db077f479006b6a4871d47a96387db4e57e4f23b6ed9f48e463a642c7,ANALYTIC_MERTON,LONG_ONLY_FULL,0.01,7,14,600,2.1181854882076263,0.4812934966175245,COMPLETED,0.020833929458813412,0.09500862471100648,0.06267269445733124,0.13478705488648854,0.895023618494712,0.0,0.8362581941140697,0.02223490898615241,0.0,0.0,2026-09-21T07:15:44.321237+00:00
dea89dbe03b1224daddfd25446b3bc5748537d8877cd98a19652fd1a932bde2e,ANALYTIC_MERTON,LONG_ONLY_CAP50,0.01,8,0,600,2.1181854882076263,0.4812934966175245,COMPLETED,0.009717351933806812,0.04587889019634666,0.028444601690128676,0.06570814159760124,0.9447079081308836,0.0,0.3814847334641138,0.010891092073060644,0.0,0.0,2026-09-21T07:15:58.169358+00:00
99421b9d388075a4214ebdc63d6695cf95389b250ae7d24e84c4b6d4f5b47cef,ANALYTIC_MERTON,LONG_ONLY_FULL,0.01,8,0,600,2.1181854882076263,0.4812934966175245,COMPLETED,0.018934466472007857,0.09073560188750918,0.059633291872072454,0.13632366442052554,0.8930227063021665,0.0,0.8367275082166326,0.022254050628671074,0.0,0.0,2026-09-21T07:15:58.152418+00:00
135015123b1ef417ea8beb7a4835a2c0febb91da0470987253c6d237bbee7ad8,ANALYTIC_MERTON,LONG_ONLY_CAP50,0.01,8,1,600,2.1181854882076263,0.4812934966175245,COMPLETED,0.010904282175590281,0.045883412810546975,0.02920288141205683,0.06515346032774762,0.9485633415646617,0.0,0.3810308897698473,0.01089795192076239,0.0,0.0,2026-09-21T07:15:58.493907+00:00
e1b8fa27e2b4fd48e6f7643fdb39fd9b9f7b00969d05907b63aa3b15c8c5034e,ANALYTIC_MERTON,LONG_ONLY_FULL,0.01,8,1,600,2.1181854882076263,0.4812934966175245,COMPLETED,0.020617331219808074,0.0959624909409069,0.06678223819550749,0.13241950374840059,0.8944784106299308,0.0,0.8360658566937618,0.022306389271437407,0.0,0.0,2026-09-21T07:15:58.476794+00:00
b62058f523058d89989ef9b62667f4ee2d4b94ee8452bb807bf1ea779dabc30d,ANALYTIC_MERTON,LONG_ONLY_CAP50,0.01,8,2,600,2.1181854882076263,0.4812934966175245,COMPLETED,0.011813860104065493,0.04016304997884189,0.02791270178473061,0.06674551404887634,0.957310805066757,0.0,0.38220939610103394,0.010731818643839408,0.0,0.0,2026-09-21T07:15:58.959754+00:00
e7d7d61394ff39cf0fbf36e9b10249fdd728b74e9dd5e7e97a2f7b699b2568f5,ANALYTIC_MERTON,LONG_ONLY_FULL,0.01,8,2,600,2.1181854882076263,0.4812934966175245,COMPLETED,0.022776565317514402,0.08702761667259873,0.057496770500751776,0.1391723579628928,0.9044745839012618,0.0,0.8378842055358845,0.021749326354781266,0.0,0.0,2026-09-21T07:15:58.943128+00:00
b6bdf63ca3ba9fb79a2c18c45ebd1a17149c3a064f75d9d8c8a599528e7c5dd5,ANALYTIC_MERTON,LONG_ONLY_CAP50,0.01,8,3,600,2.1181854882076263,0.4812934966175245,COMPLETED,0.009963023754793465,0.04473756401331081,0.02882309628041088,0.06927719797320826,0.947078429806118,0.0,0.3827006739110455,0.010792415014152686,0.0,0.0,2026-09-21T07:15:59.727915+00:00
3fe3ce38fcef8ff3d8ab25f8b6c489c815e18ed1a7fe0c53cd224e65e183cfaa,ANALYTIC_MERTON,LONG_ONLY_FULL,0.01,8,3,600,2.1181854882076263,0.4812934966175245,COMPLETED,0.019317228503449017,0.09698374813139757,0.05725782375557888,0.146918488283311,0.8953715074600861,0.0,0.8383950989474263,0.02206253509505661,0.0,0.0,2026-09-21T07:15:59.711008+00:00
5c443aee264889659a6d52eb2255a5c01c7d55e9222dca831c0b1df11acbfefd,ANALYTIC_MERTON,LONG_ONLY_CAP50,0.01,8,4,600,2.1181854882076263,0.4812934966175245,COMPLETED,0.00937566989619494,0.04909446015575159,0.03235270600227473,0.0670764561239114,0.9461891748727784,0.0,0.38132925210956425,0.01075552694816125,0.0,0.0,2026-09-21T07:16:13.289046+00:00
907cee64b9e002b7c6b01c067ba917e784c1388b4af72b1ea0db4662c7021396,ANALYTIC_MERTON,LONG_ONLY_FULL,0.01,8,4,600,2.1181854882076263,0.4812934966175245,COMPLETED,0.01806090070071796,0.10148480801363574,0.06972663146645343,0.1372956245099201,0.8915394594305875,0.0016666666666666668,0.8365183228967517,0.02199412193211491,0.0,0.0,2026-09-21T07:16:13.272411+00:00
5253ddaff0cc9545022616e0ee28210266fd5360419a9ded993c7fbd15ae18ba,ANALYTIC_MERTON,LONG_ONLY_CAP50,0.01,8,5,600,2.1181854882076263,0.4812934966175245,COMPLETED,0.010885039272688059,0.03996868709304748,0.025866299398137556,0.06729187723147118,0.9517060289758735,0.0,0.38124557754789135,0.010845475988759755,0.0,0.0,2026-09-21T07:16:13.948988+00:00
47296c1c1a124b0c98e7481502e60af4d0ff5e5ec1e83730be5c2b063fab062c,ANALYTIC_MERTON,LONG_ONLY_FULL,0.01,8,5,600,2.1181854882076263,0.4812934966175245,COMPLETED,0.021114121817676454,0.08600844766400201,0.05377988076539007,0.13614598252971277,0.8944999010796543,0.0,0.8364906547458839,0.022034662301852897,0.0,0.0,2026-09-21T07:16:13.932530+00:00
e0a2500c85e71b867779df0a20847d9bd2244b477d826cd0eff4ab558363a30a,ANALYTIC_MERTON,LONG_ONLY_CAP50,0.01,8,6,600,2.1181854882076263,0.4812934966175245,COMPLETED,0.010234730090889436,0.046291324948773006,0.031575244904860085,0.06713220274781995,0.9461545149126851,0.0,0.3825288832051382,0.010782702801787008,0.0,0.0,2026-09-21T07:16:14.170675+00:00
ed407d0df32ae07961b8a6166f0ffb44c9bea6fa8fe8d69f5075069f48b8069c,ANALYTIC_MERTON,LONG_ONLY_FULL,0.01,8,6,600,2.1181854882076263,0.4812934966175245,COMPLETED,0.019589915641455947,0.09549073591861051,0.06731417973094483,0.1389657703365371,0.8869124834741919,0.0,0.838188375885878,0.02200931482977412,0.0,0.0,2026-09-21T07:16:14.153798+00:00
a7df97312ba4f0096a042aa46294845718cedd34f4c21791b88c368c0cb7dce5,ANALYTIC_MERTON,LONG_ONLY_CAP50,0.01,8,7,600,2.1181854882076263,0.4812934966175245,COMPLETED,0.010026348015097048,0.04465722826630839,0.03183974211057442,0.06772949457634626,0.9490690223879245,0.0,0.38256157492555193,0.010822406599330502,0.0,0.0,2026-09-21T07:16:14.928770+00:00
4a6e4174a24e20a5c7af689642a48210fe4d0fa3c7adb2a40c28251d40d5a397,ANALYTIC_MERTON,LONG_ONLY_FULL,0.01,8,7,600,2.1181854882076263,0.4812934966175245,COMPLETED,0.018898282182016765,0.09601529006009417,0.06768023429503477,0.1375050007869194,0.8967967229051046,0.0,0.8381581895877905,0.022168120925674304,0.0,0.0,2026-09-21T07:16:14.912204+00:00
53220b8e73c617c4c31cf5b042ca931f05cfe4c480a19c21d22dac3d7ec3d25e,ANALYTIC_MERTON,LONG_ONLY_CAP50,0.01,8,8,600,2.1181854882076263,0.4812934966175245,COMPLETED,0.010013876394276344,0.04507515262891551,0.030961404082239196,0.06867405835649074,0.9499689591709329,0.0,0.38147541221538045,0.010723825821207922,0.0,0.0,2026-09-21T07:16:28.805219+00:00
8f27252540dc86145ae7fb6ebc61fac2398df34c80fc5255dbdcea8a94549343,ANALYTIC_MERTON,LONG_ONLY_FULL,0.01,8,8,600,2.1181854882076263,0.4812934966175245,COMPLETED,0.0190337691278536,0.09274725920213751,0.06727120029053285,0.1388723802206918,0.8985598711815798,0.0,0.8368474785955863,0.02179081969841895,0.0,0.0,2026-09-21T07:16:28.787992+00:00
072d915a6a258f2997ed5c983c2e706bfa7fdff29a8acd5d9d7585daa4063b00,ANALYTIC_MERTON,LONG_ONLY_CAP50,0.01,8,9,600,2.1181854882076263,0.4812934966175245,COMPLETED,0.009402968453584636,0.05308404129165559,0.045192389185953724,0.07363984198567923,0.9452016347314577,0.0,0.38226040357717905,0.010880508469510008,0.0,0.0,2026-09-21T07:16:29.381126+00:00
8cf6f16e2fbb320f7ebc6325b608340fccabac2381f996d2b4619a9dc61ba675,ANALYTIC_MERTON,LONG_ONLY_FULL,0.01,8,9,600,2.1181854882076263,0.4812934966175245,COMPLETED,0.017602281690436712,0.11086489729841124,0.08869262598043623,0.15099235452033277,0.8857788199025258,0.0,0.8377737945607563,0.022232953569677662,0.0,0.0,2026-09-21T07:16:29.364523+00:00
6c2dbaf6302e911e1bf266ae1461ea216432f0b02dd52cd99e556abacd87d37b,ANALYTIC_MERTON,LONG_ONLY_CAP50,0.01,8,10,600,2.1181854882076263,0.4812934966175245,COMPLETED,0.009584545021195953,0.04425697554811574,0.030187412307365238,0.06469088708002554,0.951922371823922,0.0,0.38203798079518025,0.01074009489326849,0.0,0.0,2026-09-21T07:16:29.977326+00:00
ff9a1459ac210cf55f9130e2337262cc3010c17959d683bb45ad14ccd33e446b,ANALYTIC_MERTON,LONG_ONLY_FULL,0.01,8,10,600,2.1181854882076263,0.4812934966175245,COMPLETED,0.017627890102243193,0.09445569632786159,0.06630432989622553,0.13393649054652537,0.898948718112308,0.0,0.8375961701898368,0.021827320655584712,0.0,0.0,2026-09-21T07:16:29.960808+00:00
ae0c195b78e31b7440a3fd17fa228cfce53fbae0dedac0a2b3becc62fd29228f,ANALYTIC_MERTON,LONG_ONLY_CAP50,0.01,8,11,600,2.1181854882076263,0.4812934966175245,COMPLETED,0.008695034290817522,0.04687610176282351,0.03282655852024936,0.0689830417298714,0.9493083818527129,0.0,0.3822164019123242,0.010750563224575346,0.0,0.0,2026-09-21T07:16:30.545899+00:00
fe6f4cc7f15a49d310296466ba9341ad4205f0858ad3e21aa127e55a692e7ac8,ANALYTIC_MERTON,LONG_ONLY_FULL,0.01,8,11,600,2.1181854882076263,0.4812934966175245,COMPLETED,0.016687536243764345,0.09873280679837029,0.06521715072576467,0.14346846488305087,0.8984805440627571,0.0,0.8378571369457504,0.02183302907273386,0.0,0.0,2026-09-21T07:16:30.527811+00:00
cbb2b35402d615f0fd9557db3792fc093eff83916ab964f67ff7dbb280646caa,ANALYTIC_MERTON,LONG_ONLY_CAP50,0.01,8,12,600,2.1181854882076263,0.4812934966175245,COMPLETED,0.008903081219869125,0.04378148206109187,0.02720446222652164,0.06993175728650994,0.9470311390918303,0.0,0.38264452359594586,0.010696642960229371,0.0,0.0,2026-09-21T07:16:44.156712+00:00
d68091e039695e9c96673d16606091dfebfcd97f544496df09f0443930b21d0b,ANALYTIC_MERTON,LONG_ONLY_FULL,0.01,8,12,600,2.1181854882076263,0.4812934966175245,COMPLETED,0.017222711245289683,0.08903793183259791,0.06373136822166305,0.14354024211927335,0.8986765347198241,0.0,0.8383858157656129,0.021812495609660126,0.0,0.0,2026-09-21T07:16:44.139706+00:00
9bbb4dac33570582dbb112ca9f90cc5e62ca6a71e527d44f45a150f717f80a70,ANALYTIC_MERTON,LONG_ONLY_CAP50,0.01,8,13,600,2.1181854882076263,0.4812934966175245,COMPLETED,0.010684146632267915,0.04269893331447124,0.03152339757118822,0.06796988524987889,0.9521866520569987,0.0,0.38110232970706476,0.010823158495706111,0.0,0.0,2026-09-21T07:16:44.992848+00:00
cfc2857e0d14fd037e2fc27dfdc491f81be581a1c1289c011289531941d628b0,ANALYTIC_MERTON,LONG_ONLY_FULL,0.01,8,13,600,2.1181854882076263,0.4812934966175245,COMPLETED,0.02006637719164389,0.09146656743964397,0.06523854587192994,0.13790577509464816,0.9022295575617303,0.0,0.8362710981556364,0.02203857934546098,0.0,0.0,2026-09-21T07:16:44.976323+00:00
4bb747d044c1b1d439538f1b9c748f5156ef062574a50e3a4654d36e701c8f1b,ANALYTIC_MERTON,LONG_ONLY_CAP50,0.01,8,14,600,2.1181854882076263,0.4812934966175245,COMPLETED,0.009424607669723955,0.04622823460801394,0.03549619916506871,0.06801552735659767,0.948203880017875,0.0,0.3810727125167291,0.010972552612659999,0.0,0.0,2026-09-21T07:16:45.889967+00:00
5a6ae6af3476e10f727f0f0947cbe3209306a156769efd464d0069898152ba1b,ANALYTIC_MERTON,LONG_ONLY_FULL,0.01,8,14,600,2.1181854882076263,0.4812934966175245,COMPLETED,0.017743523664164262,0.09839880409337803,0.06643771998097238,0.13998792101067908,0.8954253198525831,0.0,0.8361939926518961,0.022331930862409408,0.0,0.0,2026-09-21T07:16:45.872217+00:00
e1eca33ddd1d66840279a59ae411eb598e0771f82fe4d31e4c85e811c211615d,ANALYTIC_MERTON,LONG_ONLY_CAP50,0.01,9,0,600,2.1181854882076263,0.4812934966175245,COMPLETED,0.012295712007463504,0.04324912927842038,0.028458361009137165,0.0681737378551983,0.9467290536737402,0.0,0.38164421109322805,0.01082591730909718,0.0,0.0,2026-09-21T07:16:46.185483+00:00
82c8acd91dc053f6f044a7a1cba19d03bedf06793bcd6e18da3588e3a2548eed,ANALYTIC_MERTON,LONG_ONLY_FULL,0.01,9,0,600,2.1181854882076263,0.4812934966175245,COMPLETED,0.023222344600682402,0.09365923733065161,0.060715569002717226,0.14234750639409116,0.891185491215064,0.0,0.8369601922919769,0.022115419640416037,0.0,0.0,2026-09-21T07:16:46.161802+00:00
be4f11fe52240ca204c2668fe8f8c0a5fead51cce46e9170d1b1b93bcdad2b19,ANALYTIC_MERTON,LONG_ONLY_CAP50,0.01,9,1,600,2.1181854882076263,0.4812934966175245,COMPLETED,0.009994779980687589,0.04799016818297694,0.035057522300434275,0.06937421694970002,0.9493001505555101,0.0,0.38050787959706167,0.011017667297633715,0.0,0.0,2026-09-21T07:16:59.977814+00:00
02a0f2a6def76a33f4bb1e96265b65602601c6755130c5350f0a8c64537e1665,ANALYTIC_MERTON,LONG_ONLY_FULL,0.01,9,1,600,2.1181854882076263,0.4812934966175245,COMPLETED,0.0186285288008961,0.10168217529768188,0.07922720074495222,0.14188782013072052,0.897289959352315,0.0,0.8353531165717932,0.022499396920503963,0.0,0.0,2026-09-21T07:16:59.960655+00:00
effb8cd6a705f51288e85ced8cec0a4f23d37c93eee387c82029b8d0421affdf,ANALYTIC_MERTON,LONG_ONLY_CAP50,0.01,9,2,600,2.1181854882076263,0.4812934966175245,COMPLETED,0.01113643290050723,0.04421767516725487,0.029246873239478204,0.06903481001401708,0.9471566982584891,0.0,0.3818973895612242,0.010890693765647665,0.0,0.0,2026-09-21T07:17:00.535090+00:00
50ec4b49efab957ad8c96bb30958db7f9d0baa924a83a07acd7a4cbbb8eb7f8a,ANALYTIC_MERTON,LONG_ONLY_FULL,0.01,9,2,600,2.1181854882076263,0.4812934966175245,COMPLETED,0.021316787111146783,0.09250499510047593,0.06094258238574679,0.14080292314831197,0.8977302164642719,0.0,0.8373252743548566,0.022189234023959527,0.0,0.0,2026-09-21T07:17:00.517957+00:00
a8b9a7eb4043ceb392d6be1062ee42a9172c7454248ffeca41696af014949feb,ANALYTIC_MERTON,LONG_ONLY_CAP50,0.01,9,3,600,2.1181854882076263,0.4812934966175245,COMPLETED,0.010865428689177633,0.0494912945090708,0.03381954574031124,0.06945186443154552,0.9458544883651655,0.0,0.3815618886981337,0.01087599206994837,0.0,0.0,2026-09-21T07:17:01.782737+00:00
f689a78100023d50bf5eab42ed43e4f62ef665e67553430fa14ec77eb1aeeccf,ANALYTIC_MERTON,LONG_ONLY_FULL,0.01,9,3,600,2.1181854882076263,0.4812934966175245,COMPLETED,0.02056784472016991,0.1066803280559177,0.07564796183731326,0.14228979244482104,0.8894931699677202,0.0,0.8367760207553548,0.022280696393086972,0.0,0.0,2026-09-21T07:17:01.765975+00:00
76bbe26660480c9ba564304ac8e266df8d7f8ab5e63b5a5b55ca5dce8ca2f39f,ANALYTIC_MERTON,LONG_ONLY_CAP50,0.01,9,4,600,2.1181854882076263,0.4812934966175245,COMPLETED,0.011199246430507648,0.0439990735795687,0.029805667059299608,0.0693598421039583,0.9467621606353861,0.0,0.3819246370853461,0.010940792188548777,0.0,0.0,2026-09-21T07:17:01.942441+00:00
854eeb153e9521c7301e11ef6aa4887acf5fb0d736a2c218362c9c43c28ea8a6,ANALYTIC_MERTON,LONG_ONLY_FULL,0.01,9,4,600,2.1181854882076263,0.4812934966175245,COMPLETED,0.021306421367699245,0.0927103838829753,0.06164216793314183,0.1398515378026452,0.8979177625893641,0.0,0.8372860688133538,0.02237260587271261,0.0,0.0,2026-09-21T07:17:01.925674+00:00
f3bf418d732338c8ea181435fa639a10c0b9ca2e52f9055bb3c5723440c7b0a8,ANALYTIC_MERTON,LONG_ONLY_CAP50,0.01,9,5,600,2.1181854882076263,0.4812934966175245,COMPLETED,0.008977674661137318,0.0494173574933778,0.030042313620644457,0.06822659217266637,0.94187958194419,0.0,0.3818565299120025,0.010786686591491887,0.0,0.0,2026-09-21T07:17:15.069665+00:00
f971668113abcba26424e0978d33a5a04612de0949eb6f96be199c7deec94e30,ANALYTIC_MERTON,LONG_ONLY_FULL,0.01,9,5,600,2.1181854882076263,0.4812934966175245,COMPLETED,0.016980907506550617,0.10325338851205094,0.07114815339982261,0.13816856843938172,0.8880610069690502,0.0,0.837383065989554,0.0218865092410458,0.0,0.0,2026-09-21T07:17:15.053021+00:00
3147d62d750356f42a590999999376734e72f6f20b41951c140a41c94f7782ae,ANALYTIC_MERTON,LONG_ONLY_CAP50,0.01,9,6,600,2.1181854882076263,0.4812934966175245,COMPLETED,0.010079124540829093,0.04339711193837804,0.032225758090984324,0.06544867486715024,0.9538423760656165,0.0,0.38167809287663823,0.010801248528003644,0.0,0.0,2026-09-21T07:17:15.912076+00:00
c95ef55959dd0015192d5a2d68a73951fb56906cbcfdc874ed86b6a76ff5b7c3,ANALYTIC_MERTON,LONG_ONLY_FULL,0.01,9,6,600,2.1181854882076263,0.4812934966175245,COMPLETED,0.01911565278536481,0.09274409708271353,0.06352574800929654,0.13630097474791164,0.9017984305241573,0.0,0.837006304444017,0.022064067700085486,0.0,0.0,2026-09-21T07:17:15.895368+00:00
f0768f90bfc4307b87ba63c051825513c7a6e7f6f31edfd17efeab9af21a6173,ANALYTIC_MERTON,LONG_ONLY_CAP50,0.01,9,7,600,2.1181854882076263,0.4812934966175245,COMPLETED,0.010305194235910578,0.0437961295669218,0.030728646614937433,0.06727759843825595,0.9488686077037835,0.0,0.38202603797026663,0.010729736640259451,0.0,0.0,2026-09-21T07:17:16.918704+00:00
3ef3ceda0e63ebed625b4dd027a5b8fb8ea489317fed6d40db75726af716aae0,ANALYTIC_MERTON,LONG_ONLY_FULL,0.01,9,7,600,2.1181854882076263,0.4812934966175245,COMPLETED,0.019102183928309542,0.09412156073598017,0.060752845298872725,0.1372089206775186,0.8983064094276773,0.0,0.8375839235586622,0.021807937391263434,0.0,0.0,2026-09-21T07:17:16.901694+00:00
be3fc1fb3ac11febe09789a3145ff7684fda9a46ceeb3fcc80b90643b4eacde2,ANALYTIC_MERTON,LONG_ONLY_CAP50,0.01,9,8,600,2.1181854882076263,0.4812934966175245,COMPLETED,0.010017259542027594,0.043559102239588664,0.030196659912118753,0.06620522546862453,0.9488734152151493,0.0,0.38130737516917956,0.010891685023658062,0.0,0.0,2026-09-21T07:17:17.125104+00:00
83bf3f3c4c058546a73a6747b773261aeedfbf12a63ef6594e4c176fb0eb5147,ANALYTIC_MERTON,LONG_ONLY_FULL,0.01,9,8,600,2.1181854882076263,0.4812934966175245,COMPLETED,0.018777046442461837,0.0930887043466581,0.0637957292692367,0.13804219050576683,0.8941187545749683,0.0,0.8364721030109771,0.022268280433843206,0.0,0.0,2026-09-21T07:17:17.108263+00:00
8ac4406230a3c0187f24a22eae3288340691c13cbdc1c3cc3a2a2739b1f657d6,ANALYTIC_MERTON,LONG_ONLY_CAP50,0.01,9,9,600,2.1181854882076263,0.4812934966175245,COMPLETED,0.010239205650320621,0.045985035653919246,0.029428913163922557,0.07009246833596407,0.9477807472963224,0.0,0.3823663699159115,0.010699835162068825,0.0,0.0,2026-09-21T07:17:30.151519+00:00
cb9d9cb246917dcbe13f7c60a046e5150ac99e31f049dd72245e8398d3ef59b7,ANALYTIC_MERTON,LONG_ONLY_FULL,0.01,9,9,600,2.1181854882076263,0.4812934966175245,COMPLETED,0.01981889520905341,0.09475298622625637,0.06438096744861774,0.1434767242499016,0.8964572723767285,0.0,0.8380260543614055,0.02179695164873276,0.0,0.0,2026-09-21T07:17:30.134953+00:00
e8d08f2a9ef96c6f0c77844fb21df686749e9235bf07752427154fcec469c1d6,ANALYTIC_MERTON,LONG_ONLY_CAP50,0.01,9,10,600,2.1181854882076263,0.4812934966175245,COMPLETED,0.009634483999961186,0.049619772662423865,0.03758096061165483,0.06903697805186611,0.9452977847729545,0.0,0.38142874479297806,0.010716229982208239,0.0,0.0,2026-09-21T07:17:30.944280+00:00
eacd9b9fe0c58c5d384bd4ffa8c44d275068af70701d2fdf2f668f53c380a500,ANALYTIC_MERTON,LONG_ONLY_FULL,0.01,9,10,600,2.1181854882076263,0.4812934966175245,COMPLETED,0.01794292230641839,0.10272898387631565,0.08302283796571766,0.1417586446428505,0.8929021822085944,0.0,0.8367112281704558,0.021872347703237392,0.0,0.0,2026-09-21T07:17:30.927909+00:00
ec9d8612c076a420983ba4918f4a7f458c0eb899a609e87959a0394a2d6bb750,ANALYTIC_MERTON,LONG_ONLY_CAP50,0.01,9,11,600,2.1181854882076263,0.4812934966175245,COMPLETED,0.010195591340502321,0.045920601294365516,0.029093226317177288,0.06719708351766583,0.9487573502287255,0.0,0.3820023329264663,0.010752176385767961,0.0,0.0,2026-09-21T07:17:32.483626+00:00
b551585173eb319211b7ed54fc2cd90df1e29d13d7d30113dd18cbe6f1813b2c,ANALYTIC_MERTON,LONG_ONLY_FULL,0.01,9,11,600,2.1181854882076263,0.4812934966175245,COMPLETED,0.01920975474733179,0.0990579317599166,0.06393469793417185,0.1422472573141188,0.8930459190870373,0.0,0.8375773016960931,0.021819875756363873,0.0,0.0,2026-09-21T07:17:32.466709+00:00
c0eb980cb1127b6a4b06b74cc08c226e97be21183ca24321d4c36dd67cb08ad5,ANALYTIC_MERTON,LONG_ONLY_CAP50,0.01,9,12,600,2.1181854882076263,0.4812934966175245,COMPLETED,0.010195717877462464,0.04657576842551172,0.03598180788527881,0.06912078292422809,0.9506131978336202,0.0,0.3823983436185324,0.010734642175683238,0.0,0.0,2026-09-21T07:17:32.305779+00:00
d0a9606a532ff5136f40826ba1a1af167b7bf0615eb8a56fc0e5f249989d8e48,ANALYTIC_MERTON,LONG_ONLY_FULL,0.01,9,12,600,2.1181854882076263,0.4812934966175245,COMPLETED,0.019554031325032337,0.09793632404333509,0.07940814529831455,0.14169522355109695,0.9002771421604364,0.0,0.8380728660252891,0.02183375884539633,0.0,0.0,2026-09-21T07:17:32.288845+00:00
bea475498fc3ce54e5247ec80dd2e0693052a6d3ad358617b9bbda2b5bc5d230,ANALYTIC_MERTON,LONG_ONLY_CAP50,0.01,9,13,600,2.1181854882076263,0.4812934966175245,COMPLETED,0.010372147279205747,0.04423754208069186,0.031417636946903964,0.06807962893363337,0.9467277225802054,0.0,0.3820296686494133,0.010833747711408897,0.0,0.0,2026-09-21T07:17:45.385820+00:00
b80c7cb7a5066b0888b70f706caed194f895b80e9dc37c0667fcdf6c2e69ff52,ANALYTIC_MERTON,LONG_ONLY_FULL,0.01,9,13,600,2.1181854882076263,0.4812934966175245,COMPLETED,0.019675654926457925,0.0944333073553431,0.06484161482883904,0.13895643531110738,0.8902924177229589,0.0,0.8375328913000776,0.022080786071861376,0.0,0.0,2026-09-21T07:17:45.367255+00:00
eb00f9920898bf28de90807e0bc07dce429787ac4ac5b46863d30702acb4179d,ANALYTIC_MERTON,LONG_ONLY_CAP50,0.01,9,14,600,2.1181854882076263,0.4812934966175245,COMPLETED,0.010345765721566655,0.04458640113575749,0.027971972591976726,0.06812122793270035,0.949003402268386,0.0,0.3826087686435711,0.010626871634089364,0.0,0.0,2026-09-21T07:17:46.314326+00:00
a5f416bd5f5cfa6deb288d5a34c56262bb66848f20b1befeee87fd4aecba28c8,ANALYTIC_MERTON,LONG_ONLY_FULL,0.01,9,14,600,2.1181854882076263,0.4812934966175245,COMPLETED,0.01991765860197122,0.0949798527251512,0.05833876665997502,0.14061183412387324,0.894618707699355,0.0,0.8384305519481565,0.021580659234016877,0.0,0.0,2026-09-21T07:17:46.293082+00:00
498acb857f8a9021f9861c71520758721642154660e77d322556cb26fe237219,ANALYTIC_MERTON,LONG_ONLY_CAP50,0.01,10,0,600,2.1181854882076263,0.4812934966175245,COMPLETED,0.010285160645780443,0.0515282805382395,0.035830006778795775,0.06798862232092753,0.9401568099469185,0.0,0.3827237532961313,0.010720518042023529,0.0,0.0,2026-09-21T07:17:47.775309+00:00
e069fae3066371e70cf9f1ad435846439d242f048b5f1a2f4b07da294221ff11,ANALYTIC_MERTON,LONG_ONLY_FULL,0.01,10,0,600,2.1181854882076263,0.4812934966175245,COMPLETED,0.01942829680375175,0.10685044952012752,0.07387347861575283,0.14043531524499384,0.8870047840917541,0.0,0.8385870339585664,0.021732593277805252,0.0,0.0,2026-09-21T07:17:47.758134+00:00
bfbcf2bd50bd4d8d53a085f9118f2b3e730e21325467892b9499e620fc4acfe9,ANALYTIC_MERTON,LONG_ONLY_CAP50,0.01,10,1,600,2.1181854882076263,0.4812934966175245,COMPLETED,0.010354625228153181,0.04233280891735403,0.027352767029650803,0.06759395261465521,0.943936330896491,0.0,0.38224120860219823,0.010698850274115948,0.0,0.0,2026-09-21T07:17:47.702012+00:00
3a10a92a8d0cfb0cbcabb83e8ceba9cb35c251a3b19ae5f779e281d372937d97,ANALYTIC_MERTON,LONG_ONLY_FULL,0.01,10,1,600,2.1181854882076263,0.4812934966175245,COMPLETED,0.019895154500763925,0.08754189656590149,0.0573080484118414,0.13778417018476408,0.8932463682518899,0.0,0.8378777985093132,0.021770410801571983,0.0,0.0,2026-09-21T07:17:47.685420+00:00
83de60783f86dcdfa62849817d1d9c577f872ed2ba90e061196f9418fa812774,ANALYTIC_MERTON,LONG_ONLY_CAP50,0.01,10,2,600,2.1181854882076263,0.4812934966175245,COMPLETED,0.011298762633954127,0.040269511864722086,0.027035314440654837,0.06689241214861918,0.9564033783930609,0.0,0.3815281663784688,0.01075751238988738,0.0,0.0,2026-09-21T07:18:00.533106+00:00
34b7d55cc9a37e738b8131a99fe11aaf004ea6dfdcdf54b0a0290ef01ab9d00b,ANALYTIC_MERTON,LONG_ONLY_FULL,0.01,10,2,600,2.1181854882076263,0.4812934966175245,COMPLETED,0.021355839878025386,0.0870844547538762,0.058849907012563665,0.13839724678133664,0.9017629738357971,0.0,0.8368412346368594,0.021940771265819083,0.0,0.0,2026-09-21T07:18:00.516225+00:00
0fae5b578a44b4055a1a29bfae0fa6c0535886765c216306eb2093a28e2de48e,ANALYTIC_MERTON,LONG_ONLY_CAP50,0.01,10,3,600,2.1181854882076263,0.4812934966175245,COMPLETED,0.008158541936466202,0.05280751330889396,0.04156240876962391,0.07361503117660702,0.9433502489034872,0.0,0.38271291262235474,0.010697755955340532,0.0,0.0,2026-09-21T07:18:01.442712+00:00
3442787d7c1a2cd030a5e0175bda84bd99fdd310dd9f0c1bb8b5d389492e49c5,ANALYTIC_MERTON,LONG_ONLY_FULL,0.01,10,3,600,2.1181854882076263,0.4812934966175245,COMPLETED,0.015186522288689833,0.10939248537214698,0.0913522100893406,0.15342406522649862,0.8902460844701189,0.0,0.8385648323687896,0.021697744641021702,0.0,0.0,2026-09-21T07:18:01.425737+00:00
1af58481655609d45ba0477dd72b62e4e210f0f4518a869017423ea0dd962d39,ANALYTIC_MERTON,LONG_ONLY_CAP50,0.01,10,4,600,2.1181854882076263,0.4812934966175245,COMPLETED,0.008456948497834302,0.044998646469926615,0.03162816993667043,0.07050094595370367,0.9506082936568395,0.0,0.38151835591475064,0.01087764580810731,0.0,0.0,2026-09-21T07:18:03.619102+00:00
1456e0ffb533f912144ee83218054bf94a1a313406008632b594ea6954ac1e52,ANALYTIC_MERTON,LONG_ONLY_FULL,0.01,10,4,600,2.1181854882076263,0.4812934966175245,COMPLETED,0.015821207600062028,0.09542361854893143,0.06997192395531024,0.14626184559380795,0.8968804264305206,0.0,0.8367433503293245,0.022270176375174495,0.0,0.0,2026-09-21T07:18:03.601027+00:00
d40ebebffce996dad4606d2a01e3f2189e5bc611867648579727b6605706a4b0,ANALYTIC_MERTON,LONG_ONLY_CAP50,0.01,10,5,600,2.1181854882076263,0.4812934966175245,COMPLETED,0.00971705921938605,0.04914351133365303,0.032696112553177566,0.06455661378212457,0.9423931939738177,0.0,0.38090410623327686,0.010936990730617241,0.0,0.0,2026-09-21T07:18:02.946723+00:00
92169938840edd2c2eb728bca5af28aa4d904f8ae99fdd8412a5db801799e5f8,ANALYTIC_MERTON,LONG_ONLY_FULL,0.01,10,5,600,2.1181854882076263,0.4812934966175245,COMPLETED,0.01895456530095692,0.10202621776332883,0.0692199653309147,0.13270668617925985,0.8841681786530649,0.0,0.8358387179235148,0.022436513381490476,0.0,0.0,2026-09-21T07:18:02.930305+00:00
3122d9ae31b3fcb1dba5b76f9921e28963ec33dbb109cd15c3f2e072c48ade6f,ANALYTIC_MERTON,LONG_ONLY_CAP50,0.01,10,6,600,2.1181854882076263,0.4812934966175245,COMPLETED,0.011548533358591845,0.048733111251632356,0.030936086356166605,0.06970003485973686,0.942704014301241,0.0,0.38221043159143553,0.010733086460188945,0.0,0.0,2026-09-21T07:18:15.572515+00:00
676fd747ace9ca15b170ff4152d7e0ae4be9f7a64b7865eeaaf17b0689b7c4f7,ANALYTIC_MERTON,LONG_ONLY_FULL,0.01,10,6,600,2.1181854882076263,0.4812934966175245,COMPLETED,0.021769233552994247,0.10173126908885723,0.06109100964497315,0.14204420578361807,0.8826115421095927,0.0,0.8377672199772289,0.021906385376169374,0.0,0.0,2026-09-21T07:18:15.555700+00:00
0e8e7946ea025e5cfacfa9b99301611cb97f819b7e7b29c66ff9d164209970cd,ANALYTIC_MERTON,LONG_ONLY_CAP50,0.01,10,7,600,2.1181854882076263,0.4812934966175245,COMPLETED,0.010895433377710125,0.05056144831753054,0.03058464770790151,0.06740487621145354,0.941408874306982,0.0,0.38172947328307183,0.010864063235868514,0.0,0.0,2026-09-21T07:18:16.374084+00:00
e26d7dab97c01af9cca7e7a8a9c1780444c2d856eced63f0cc0d3f4500c0f974,ANALYTIC_MERTON,LONG_ONLY_FULL,0.01,10,7,600,2.1181854882076263,0.4812934966175245,COMPLETED,0.02039720542111063,0.10695445895481102,0.06335446214454502,0.13879738998149826,0.8802293968179383,0.0,0.8371058676751756,0.022139003682749948,0.0,0.0,2026-09-21T07:18:16.357360+00:00
c518eba113aad352ae2a173e56400e99ce6f92df9ce4980b1eef698a2693ee42,ANALYTIC_MERTON,LONG_ONLY_CAP50,0.01,10,8,600,2.1181854882076263,0.4812934966175245,COMPLETED,0.012394784197591787,0.04316441119508033,0.029227576904425942,0.06367740578483957,0.9515332530738914,0.0,0.381953572188608,0.010888775090840807,0.0,0.0,2026-09-21T07:18:19.075362+00:00
c143fe41984b5e00e10fad022381e20192adbd5f314679b8f0b9845722b305ae,ANALYTIC_MERTON,LONG_ONLY_FULL,0.01,10,8,600,2.1181854882076263,0.4812934966175245,COMPLETED,0.023522772707754307,0.09072642935413316,0.060486814965009114,0.13353099795811108,0.9006500264346708,0.0,0.8373136839704237,0.022304306859419618,0.0,0.0,2026-09-21T07:18:19.056307+00:00
b10caeceb2bd93ea1fe22e93354d7ed044189b6d487ff02ad9660b907edf459e,ANALYTIC_MERTON,LONG_ONLY_CAP50,0.01,10,9,600,2.1181854882076263,0.4812934966175245,COMPLETED,0.010795259116180348,0.043911088141323815,0.03072273209579351,0.0686667357382045,0.9490342447141522,0.0,0.38127694092143144,0.010760643969462705,0.0,0.0,2026-09-21T07:18:18.060001+00:00
ce83e5b872478d8fe563faf369f2c77def52a0a44348ae32344f5e8cb4327867,ANALYTIC_MERTON,LONG_ONLY_FULL,0.01,10,9,600,2.1181854882076263,0.4812934966175245,COMPLETED,0.020457657172250378,0.09211588784148618,0.06495992513151572,0.14184672316968436,0.8975136102351492,0.0,0.8366183828573012,0.0217990104602641,0.0,0.0,2026-09-21T07:18:18.043011+00:00
12dcce4319f56e45bd45e2049b32dc7d3ee6f695a54ac7a0d3cccafedd87ce98,ANALYTIC_MERTON,LONG_ONLY_CAP50,0.01,10,10,600,2.1181854882076263,0.4812934966175245,COMPLETED,0.010836183164350413,0.04740657254965165,0.03285968914731792,0.06973547756128418,0.9477551572059535,0.0,0.3827604226456184,0.01059970803529228,0.0,0.0,2026-09-21T07:18:31.071797+00:00
8a878941ecb8d5931da11edb0fd75327000d2062c32b69b9a65a3b14947b0455,ANALYTIC_MERTON,LONG_ONLY_FULL,0.01,10,10,600,2.1181854882076263,0.4812934966175245,COMPLETED,0.01993840367497073,0.10132230245709702,0.06471636255064271,0.14589006549865133,0.8902282164448261,0.0,0.8386985908686113,0.02145142288751908,0.0,0.0,2026-09-21T07:18:31.054946+00:00
7cecdda29c1648581fadacaceb030dcab7f2c89705640b61c45784b0daf39d3a,ANALYTIC_MERTON,LONG_ONLY_CAP50,0.01,10,11,600,2.1181854882076263,0.4812934966175245,COMPLETED,0.010166897791522652,0.04721987216577084,0.03557670573195309,0.06808770331027604,0.9472642141570272,0.0,0.3818823876687569,0.010787228009096957,0.0,0.0,2026-09-21T07:18:31.532302+00:00
4b364187678aa1d0daaa4869f354b173ffb0f9428e96caaf0cba01ed9955e2de,ANALYTIC_MERTON,LONG_ONLY_FULL,0.01,10,11,600,2.1181854882076263,0.4812934966175245,COMPLETED,0.020153254931530994,0.09539908589786256,0.0687993379213402,0.13812947793647953,0.8949221326694596,0.0,0.8373812264986933,0.021921770202963407,0.0,0.0,2026-09-21T07:18:31.515500+00:00
33263864f7e499b357feffa3dc16b3632ed7a03e6df823c96b36c527dc469943,ANALYTIC_MERTON,LONG_ONLY_CAP50,0.01,10,12,600,2.1181854882076263,0.4812934966175245,COMPLETED,0.010575230070023858,0.04301976766799768,0.029362892917931916,0.06617431488343821,0.9447518364958413,0.0,0.38147506172711676,0.010857795289389932,0.0,0.0,2026-09-21T07:18:34.620348+00:00
d2e4331dd39f25a573cd3e4e8831e521035f4cf953dc6ef23b95435c225e0c7f,ANALYTIC_MERTON,LONG_ONLY_FULL,0.01,10,12,600,2.1181854882076263,0.4812934966175245,COMPLETED,0.020660364639414595,0.09277945347352112,0.06582109814587551,0.1344486887486929,0.8927584057595774,0.0,0.8367392072507029,0.022159989261873365,0.0,0.0,2026-09-21T07:18:34.603488+00:00
5cdc23651620ef45f0dde821aa79be3585462a217e8444e957da243b51202790,ANALYTIC_MERTON,LONG_ONLY_CAP50,0.01,10,13,600,2.1181854882076263,0.4812934966175245,COMPLETED,0.011275881999616134,0.04235747726237427,0.030282553838968176,0.06299198502081194,0.9502585280359336,0.0,0.3818975797332301,0.010834254879837798,0.0,0.0,2026-09-21T07:18:33.498210+00:00
208c7ad0db0b52d93f307089c0ec6fdbb648c0e8b5402dd240753c19327f5fe1,ANALYTIC_MERTON,LONG_ONLY_FULL,0.01,10,13,600,2.1181854882076263,0.4812934966175245,COMPLETED,0.02139584196016434,0.09080152533506257,0.0668027598167236,0.13356944283469935,0.8992864338330457,0.0,0.8373620210655207,0.02203395897935631,0.0,0.0,2026-09-21T07:18:33.481423+00:00
425fb73fa73de48259c7706b4608c924ed29df401b6f3e7122c1b35a6dc52da8,ANALYTIC_MERTON,LONG_ONLY_CAP50,0.01,10,14,600,2.1181854882076263,0.4812934966175245,COMPLETED,0.011965037773566613,0.042222296537294715,0.026037830377779392,0.06760972188445513,0.9485993909968227,0.0,0.3819523890558888,0.01076867653177512,0.0,0.0,2026-09-21T07:18:46.360335+00:00
950ef7cebbae74c9746be29523a273ddc347af09b4a8449e6923bb5f0b9102fd,ANALYTIC_MERTON,LONG_ONLY_FULL,0.01,10,14,600,2.1181854882076263,0.4812934966175245,COMPLETED,0.02287481076567249,0.08879704641573699,0.04947588631850637,0.13875199832868362,0.8925863536839092,0.0,0.8374460973370171,0.021936052759156957,0.0,0.0,2026-09-21T07:18:46.341449+00:00
316bbcf13e28a20d524e035af835260304631ec8f1286f2f7246e0d152a18596,ANALYTIC_MERTON,LONG_ONLY_CAP50,0.01,11,0,600,2.1181854882076263,0.4812934966175245,COMPLETED,0.010230393134448231,0.05134179207264819,0.03514076389105951,0.0717961576170888,0.9420277599364134,0.0,0.38181202045345075,0.01073619682730012,0.0,0.0,2026-09-21T07:18:46.620174+00:00
eedc2f468f2ecb870d443051308f867f8b80a86e92e877542f2e0cad2298b353,ANALYTIC_MERTON,LONG_ONLY_FULL,0.01,11,0,600,2.1181854882076263,0.4812934966175245,COMPLETED,0.01923273336641281,0.10601496310795815,0.07403923887265403,0.14738710395549232,0.8876523509886398,0.0,0.8373356494501101,0.021768218469430833,0.0,0.0,2026-09-21T07:18:46.603382+00:00
c4dd96e1ae4c215dd05267b0281de3f11653b9e07049e6ecd095c814db9affb5,ANALYTIC_MERTON,LONG_ONLY_CAP50,0.01,11,1,600,2.1181854882076263,0.4812934966175245,COMPLETED,0.010732441572816791,0.045295525481415674,0.03303173924273228,0.0685389482962717,0.9499618555892934,0.0,0.38163926021179057,0.010852290779637909,0.0,0.0,2026-09-21T07:18:50.287053+00:00
635f5b645e589a4039de759de7735c3a7e840f20a2017f8e7a162e20c517cee8,ANALYTIC_MERTON,LONG_ONLY_FULL,0.01,11,1,600,2.1181854882076263,0.4812934966175245,COMPLETED,0.020206663397650072,0.09691794710889853,0.06625511522832599,0.14490235576072064,0.8942507877984769,0.0,0.8369587773180436,0.02213663914408421,0.0,0.0,2026-09-21T07:18:50.269877+00:00
93cbbb21f31f6f201f15bdadc3bbaebe992848a225a2858ee3a83d05dd1b497e,ANALYTIC_MERTON,LONG_ONLY_CAP50,0.01,11,2,600,2.1181854882076263,0.4812934966175245,COMPLETED,0.010279371038260224,0.04574790572439581,0.0312077288057256,0.0669154009988606,0.9452592116013786,0.0,0.3813928683354251,0.010897303696962226,0.0,0.0,2026-09-21T07:18:48.968148+00:00
32959f6098445785e295028250119b23dd630bb9564f3fc47f4ad84bc49e937b,ANALYTIC_MERTON,LONG_ONLY_FULL,0.01,11,2,600,2.1181854882076263,0.4812934966175245,COMPLETED,0.02003217518532772,0.09675094180407638,0.06516853569212552,0.14081016032515487,0.8888889215585641,0.0,0.8365687404522845,0.022302482083276887,0.0,0.0,2026-09-21T07:18:48.951442+00:00
ac434dd4c4786202edce983d25e3729d9361dc81538d1a30b3226ecad1d0f7bc,ANALYTIC_MERTON,LONG_ONLY_CAP50,0.01,11,3,600,2.1181854882076263,0.4812934966175245,COMPLETED,0.009827905553991713,0.0523331018040893,0.036152520005910876,0.06930628130126902,0.9394050389993872,0.0,0.3814011726520524,0.010868423689379578,0.0,0.0,2026-09-21T07:19:02.020831+00:00
d942132e650bde46e02b83320d17d1db488489a3d48bbad4a34f5411f46ccee8,ANALYTIC_MERTON,LONG_ONLY_FULL,0.01,11,3,600,2.1181854882076263,0.4812934966175245,COMPLETED,0.018447380189265842,0.11130277853139188,0.08034408982163374,0.14332797765954094,0.8761413821369761,0.0,0.8365882007028216,0.022225155115530807,0.0,0.0,2026-09-21T07:19:02.004033+00:00
845d9fc4e14a80fc2f9cb1d48d4c677cd997a53f5b328ee944849f17236c5617,ANALYTIC_MERTON,LONG_ONLY_CAP50,0.01,11,4,600,2.1181854882076263,0.4812934966175245,COMPLETED,0.010467949478205991,0.04394386021735027,0.03386111768456996,0.06939811934719364,0.9535203902788473,0.0,0.3833929904051772,0.010621313959354376,0.0,0.0,2026-09-21T07:19:02.019626+00:00
8873c84f61be5c60569512a6d718ed737f8ef742dd01d24ecd574e59cb1a6ac7,ANALYTIC_MERTON,LONG_ONLY_FULL,0.01,11,4,600,2.1181854882076263,0.4812934966175245,COMPLETED,0.01959373779849914,0.09290894682211961,0.06795425443460537,0.14394068900325524,0.9021004224968756,0.0,0.8395149832482541,0.021550703348229894,0.0,0.0,2026-09-21T07:19:02.002771+00:00
aa44d4193e2e93a18da03d8b05dbfdadea893a864558f2ff920be72ac484b62d,ANALYTIC_MERTON,LONG_ONLY_CAP50,0.01,11,5,600,2.1181854882076263,0.4812934966175245,COMPLETED,0.009947438748918049,0.047280096234148666,0.03490503595820248,0.06560954868805326,0.9470658378771004,0.0,0.3818940814408532,0.010864840169096345,0.0,0.0,2026-09-21T07:19:05.889127+00:00
3191043f4e511a46c908863c798349c4e7164e088eecaa7e8fceea58f151aa0f,ANALYTIC_MERTON,LONG_ONLY_FULL,0.01,11,5,600,2.1181854882076263,0.4812934966175245,COMPLETED,0.018900580454495185,0.10122699712117687,0.07576070018140757,0.13727167063897547,0.8923956535497003,0.0,0.8373674683489799,0.022071087092157812,0.0,0.0,2026-09-21T07:19:05.872431+00:00
84a32877832eeca8e06766db4749b8bb90013503bf99a06a5ab539f97e97c7c0,ANALYTIC_MERTON,LONG_ONLY_CAP50,0.01,11,6,600,2.1181854882076263,0.4812934966175245,COMPLETED,0.010796531192851355,0.0491079848798541,0.036302449649980695,0.07120169536131125,0.9451168503847414,0.0,0.3817123272674144,0.010791539819277102,0.0,0.0,2026-09-21T07:19:04.259336+00:00
e8b4be123ffa81c0b2ccc59d996b836ba3a3fb7b336cf4fb509cb80f64f4f5f9,ANALYTIC_MERTON,LONG_ONLY_FULL,0.01,11,6,600,2.1181854882076263,0.4812934966175245,COMPLETED,0.020676812103768122,0.10050127006451177,0.07754310580483599,0.14807057585800165,0.8927814507848125,0.0,0.837113060810728,0.021978491080442898,0.0,0.0,2026-09-21T07:19:04.242517+00:00
e0133862a0b23e35af74c91bb85dc026887f1d359afa30ec5064b7489d88a793,ANALYTIC_MERTON,LONG_ONLY_CAP50,0.01,11,7,600,2.1181854882076263,0.4812934966175245,COMPLETED,0.010278936217947647,0.04469206923611458,0.031877684873649254,0.06832124470179858,0.9500532701077239,0.0,0.38188578905017395,0.010784926679261843,0.0,0.0,2026-09-21T07:19:17.197133+00:00
035417f877ac22bcd944f9e2a27b5764b1d0477536d975203a9bc6408b905301,ANALYTIC_MERTON,LONG_ONLY_FULL,0.01,11,7,600,2.1181854882076263,0.4812934966175245,COMPLETED,0.01914419009970297,0.09738749890621518,0.06443440344067927,0.14016512942453008,0.8977080044205696,0.0,0.8373108757788488,0.022009914019314097,0.0,0.0,2026-09-21T07:19:17.180281+00:00
3b327622e2d05a532b275d8d049cbe39202eea0f8ee5a310fdbf6aeeeb6dad06,ANALYTIC_MERTON,LONG_ONLY_CAP50,0.01,11,8,600,2.1181854882076263,0.4812934966175245,COMPLETED,0.011664117532711158,0.04775231493207785,0.034391173651645825,0.06620075227204547,0.946134703405779,0.0,0.3827574370204525,0.01074164443334651,0.0,0.0,2026-09-21T07:19:17.311238+00:00
917b730b2daea8816a7b432e3877c0369022dce931d280527292e8820c4053a7,ANALYTIC_MERTON,LONG_ONLY_FULL,0.01,11,8,600,2.1181854882076263,0.4812934966175245,COMPLETED,0.021377040810617344,0.09885490351094912,0.07680295541412502,0.13548282056996191,0.8947053868984478,0.0,0.838416667486575,0.022029855268834546,0.0,0.0,2026-09-21T07:19:17.294239+00:00
625f2f91c1cf6b4af04e3800237c12011393f0a504de5542dd08534b8e75a249,ANALYTIC_MERTON,LONG_ONLY_CAP50,0.01,11,9,600,2.1181854882076263,0.4812934966175245,COMPLETED,0.011199762346848956,0.04403489551728699,0.03037123973511632,0.06740345501809114,0.9499087026758435,0.0,0.38186829402333006,0.010795600901424245,0.0,0.0,2026-09-21T07:19:21.139872+00:00
f72a161160d1cbb73dcd624570d607f99a1f1067fa73ebddf80ae6569a04dcf6,ANALYTIC_MERTON,LONG_ONLY_FULL,0.01,11,9,600,2.1181854882076263,0.4812934966175245,COMPLETED,0.021755488979088654,0.09518709769066108,0.06664921340666533,0.13997848240199787,0.8986204083914353,0.0,0.8373338106860143,0.02197850152090279,0.0,0.0,2026-09-21T07:19:21.123039+00:00
40654a18ce76e67029627745998c289fee8be4413cadcab7b65e53028d849e84,ANALYTIC_MERTON,LONG_ONLY_CAP50,0.01,11,10,600,2.1181854882076263,0.4812934966175245,COMPLETED,0.01060485111658245,0.05007336772233366,0.03451045492365593,0.07230046032183436,0.9426281413127796,0.0,0.3813845398888804,0.010880459705309752,0.0,0.0,2026-09-21T07:19:19.691392+00:00
c2ebdaf0792f86b57a10969fe6418166560966764d0c0f49fab80b00efe1c4b0,ANALYTIC_MERTON,LONG_ONLY_FULL,0.01,11,10,600,2.1181854882076263,0.4812934966175245,COMPLETED,0.02065646635505239,0.10551132841000169,0.0738921395024352,0.15121722133325485,0.8833533599923031,0.0,0.8365714290530779,0.02223595695384003,0.0,0.0,2026-09-21T07:19:19.674979+00:00
405a0e9b97422bab0c9cb1fe575c85314e1c716d6cb54ec36a71bbb6cb6a4ecb,ANALYTIC_MERTON,LONG_ONLY_CAP50,0.01,11,11,600,2.1181854882076263,0.4812934966175245,COMPLETED,0.009630032642763115,0.05037296190604499,0.0333112454449012,0.07017760695734532,0.9394182436818782,0.0,0.38171719429503104,0.010780090049960141,0.0,0.0,2026-09-21T07:19:32.854905+00:00
2153bd7115e3c19e71c8b82c3a8d00707ce7b690b49a415a51cf89463ea122c1,ANALYTIC_MERTON,LONG_ONLY_FULL,0.01,11,11,600,2.1181854882076263,0.4812934966175245,COMPLETED,0.018187460098081646,0.10493331927880509,0.07255793829294793,0.1463034986453953,0.8786217149628563,0.0,0.8371486027025427,0.0219169658687098,0.0,0.0,2026-09-21T07:19:32.837962+00:00
90b634a7af88ec959d9bf43629d4731c715c4688ec30f318406e324bf7fc9dc5,ANALYTIC_MERTON,LONG_ONLY_CAP50,0.01,11,12,600,2.1181854882076263,0.4812934966175245,COMPLETED,0.010823704450437037,0.04327355458805202,0.027949482980135616,0.06828082580355413,0.9483166068556061,0.0,0.3810782692195745,0.010940073063919215,0.0,0.0,2026-09-21T07:19:32.732856+00:00
2ac64ffaaf007c339d58e68190e4d32072179acbbe3087d5061263706e5e7b17,ANALYTIC_MERTON,LONG_ONLY_FULL,0.01,11,12,600,2.1181854882076263,0.4812934966175245,COMPLETED,0.020718566377817185,0.09035967271626053,0.059032975452230345,0.14152442996298348,0.8954315592679537,0.0,0.8361835768835872,0.02231089540681435,0.0,0.0,2026-09-21T07:19:32.715163+00:00
0240e21a5202fee9f00ed84bfc0f6fb3b961c87a3df1e0d89553936906fb0419,ANALYTIC_MERTON,LONG_ONLY_CAP50,0.01,11,13,600,2.1181854882076263,0.4812934966175245,COMPLETED,0.00940486925432132,0.052733457495310526,0.03591053312362575,0.06656248211189439,0.9360227411352832,0.0,0.381154693099479,0.010831109827769237,0.0,0.0,2026-09-21T07:19:36.833605+00:00
f4731153bd697d512f7f2990985820db30c2d77795b44b65f3826d6ecf19a3e6,ANALYTIC_MERTON,LONG_ONLY_FULL,0.01,11,13,600,2.1181854882076263,0.4812934966175245,COMPLETED,0.01830323485655676,0.10734898903521133,0.06809892734054551,0.1359381967572241,0.8720027271703248,0.0,0.8363757657673019,0.022010655151860944,0.0,0.0,2026-09-21T07:19:36.817209+00:00
a04abee94bec72a2e84e14ddff82fb95d4894000fe27d5c8308ffcb7b6081f55,ANALYTIC_MERTON,LONG_ONLY_CAP50,0.01,11,14,600,2.1181854882076263,0.4812934966175245,COMPLETED,0.010644041960111586,0.041996760176721305,0.030934065275401008,0.07028972973820515,0.9516842827162576,0.0,0.3815726800402705,0.010916554081668035,0.0,0.0,2026-09-21T07:19:34.844577+00:00
e86c85d7e990e9f713aa0897099eee77f36baad134013085622571d86f9a1fca,ANALYTIC_MERTON,LONG_ONLY_FULL,0.01,11,14,600,2.1181854882076263,0.4812934966175245,COMPLETED,0.0198503633368395,0.09190709367752503,0.06508189540543839,0.14878796500172686,0.8968451667235899,0.0,0.8368909792281383,0.02223306997148356,0.0,0.0,2026-09-21T07:19:34.828058+00:00
091dbdeaa46de9823ea1e581c003a9992f9d9bcedd9defaedd079093833e777f,ANALYTIC_MERTON,LONG_ONLY_CAP50,0.01,12,0,600,2.1181854882076263,0.4812934966175245,COMPLETED,0.010936629112677093,0.04625205765951141,0.032003788202007874,0.06883834684525968,0.9472443505293342,0.0,0.38088737134684625,0.010938215189259155,0.0,0.0,2026-09-21T07:19:47.908994+00:00
6670386c6cc488e0243adf9e49e88aa730657286891bb4719a45d8793f2a7daf,ANALYTIC_MERTON,LONG_ONLY_FULL,0.01,12,0,600,2.1181854882076263,0.4812934966175245,COMPLETED,0.021493783484145077,0.09670099397401152,0.06924762781651055,0.13985213745490632,0.8961978993233001,0.0,0.8358451655686875,0.022412761051869092,0.0,0.0,2026-09-21T07:19:47.892348+00:00
e6ab963db15ddcaefe5783a831188906cc7264978678a039143f1da20fc93f4f,ANALYTIC_MERTON,LONG_ONLY_CAP50,0.01,12,1,600,2.1181854882076263,0.4812934966175245,COMPLETED,0.010215757844996665,0.04524147018695349,0.035607473406306385,0.06673262260136704,0.947652429250551,0.0,0.3822113631210484,0.010744398884384946,0.0,0.0,2026-09-21T07:19:48.439924+00:00
a28dea9f6bf85bd19cb2e91a1c8a42b9076c8aa736c650e78b559745bdcfb8dd,ANALYTIC_MERTON,LONG_ONLY_FULL,0.01,12,1,600,2.1181854882076263,0.4812934966175245,COMPLETED,0.019342438744238345,0.09833037587499086,0.07440150496373722,0.14008867816917925,0.8906403178448851,0.0,0.83778249665294,0.021893087890718945,0.0,0.0,2026-09-21T07:19:48.422623+00:00
8e08ab78214aaab7e10f12d24322ae8cc53d5c841aefe3835f37f4790641209d,ANALYTIC_MERTON,LONG_ONLY_CAP50,0.01,12,2,600,2.1181854882076263,0.4812934966175245,COMPLETED,0.009502714682172597,0.047386606642870414,0.03075502247968468,0.06789490472560804,0.9444717583913457,0.0,0.3814103382173915,0.01086699455700325,0.0,0.0,2026-09-21T07:19:52.237015+00:00
2376981bbfe034ebc8e1f3ec5af8380eedaa15e990ce443f8d96ce67afdf5657,ANALYTIC_MERTON,LONG_ONLY_FULL,0.01,12,2,600,2.1181854882076263,0.4812934966175245,COMPLETED,0.018140149425512425,0.10024552251169315,0.07063897053259506,0.14035970348180393,0.8846265147019355,0.0,0.8365684222479741,0.022282617213539423,0.0,0.0,2026-09-21T07:19:52.220169+00:00
873157724f12c7904ba8d56391cfecbbe8a519c7b4ef0fcb441a18594c6721db,ANALYTIC_MERTON,LONG_ONLY_CAP50,0.01,12,3,600,2.1181854882076263,0.4812934966175245,COMPLETED,0.011490375343324295,0.043903767554466865,0.028119860293482263,0.06814662076071792,0.9484647130855938,0.0,0.3818433631413962,0.01082552533454756,0.0,0.0,2026-09-21T07:19:50.446867+00:00
11b86e06b0afd57f104f1af9987b6260c95f82a1455e4c8c0b0520bb5c1c89e0,ANALYTIC_MERTON,LONG_ONLY_FULL,0.01,12,3,600,2.1181854882076263,0.4812934966175245,COMPLETED,0.022086138461355362,0.0948111684789099,0.061261205416023826,0.1428325967025181,0.8909032126945216,0.0,0.8372499533002072,0.02208594891845358,0.0,0.0,2026-09-21T07:19:50.430097+00:00
f5b6d686853fe305c2a0c53ebf981107f4d4cfdc7e0ad85552445726baa0fcd9,ANALYTIC_MERTON,LONG_ONLY_CAP50,0.01,12,4,600,2.1181854882076263,0.4812934966175245,COMPLETED,0.011622439988965588,0.04564874883692161,0.028657335499797768,0.06898357204670268,0.9454812581106551,0.0,0.38205332337236847,0.010713087322614433,0.0,0.0,2026-09-21T07:20:03.047149+00:00
00dd58f6a3166416932d39d9558efe7d513d8571393a1afd466cf12e43b4e1b3,ANALYTIC_MERTON,LONG_ONLY_FULL,0.01,12,4,600,2.1181854882076263,0.4812934966175245,COMPLETED,0.02229016630108694,0.09428376929429812,0.059615648621462805,0.13606268404279845,0.8926178575590323,0.0,0.8376430036147513,0.021754148267532247,0.0,0.0,2026-09-21T07:20:03.030458+00:00
8932935bf37b6fdd35e08c088208115825602dbf26604e2feb6123b3d5a1780d,ANALYTIC_MERTON,LONG_ONLY_CAP50,0.01,12,5,600,2.1181854882076263,0.4812934966175245,COMPLETED,0.008713142983592383,0.04447851179201724,0.03340288738590754,0.06872358000912897,0.9529806257549308,0.0,0.3819504927466377,0.010772074453203278,0.0,0.0,2026-09-21T07:20:03.762369+00:00
7496f95f5f663649c3d9a2e0eff3dc4defde0f9066719c42dd9034a13bcbb212,ANALYTIC_MERTON,LONG_ONLY_FULL,0.01,12,5,600,2.1181854882076263,0.4812934966175245,COMPLETED,0.016389726971552224,0.09253451566031294,0.07027447914361745,0.1383789158760626,0.9013458851241359,0.0,0.8375337112787852,0.02181690581358819,0.0,0.0,2026-09-21T07:20:03.745616+00:00
038ebcaedd9290d75c12516cf05532a3bc70431eea7bce6d2dbd32dc37e0a0df,ANALYTIC_MERTON,LONG_ONLY_CAP50,0.01,12,6,600,2.1181854882076263,0.4812934966175245,COMPLETED,0.009865777446863818,0.04214925850624908,0.02889266466850791,0.06669577272569283,0.9525963352198334,0.0,0.3812196281171472,0.010785929918413154,0.0,0.0,2026-09-21T07:20:07.445845+00:00
27cf8c30b254692e454459846e1ff922a5f4502f8a9633e0d9b7436d2c493b6c,ANALYTIC_MERTON,LONG_ONLY_FULL,0.01,12,6,600,2.1181854882076263,0.4812934966175245,COMPLETED,0.019340778882778877,0.08488020551777925,0.06081557470723072,0.13803229297092795,0.9054275761410351,0.0,0.8364954147578751,0.021907090831610954,0.0,0.0,2026-09-21T07:20:07.428925+00:00
8cda514210b3fc60e8e7de7b8eaf6c917e7501cebe0cfc863bd5eed6a6b224ca,ANALYTIC_MERTON,LONG_ONLY_CAP50,0.01,12,7,600,2.1181854882076263,0.4812934966175245,COMPLETED,0.010749849675214395,0.041633234319342585,0.028824557692781087,0.06851370190363679,0.9529166485249457,0.0,0.38210424935945586,0.010671717159875282,0.0,0.0,2026-09-21T07:20:05.678814+00:00
52bcb55c90f1b48adcf9f9d7b2a18c0b68db0614acc51fd3e0a1fedc5e6732d5,ANALYTIC_MERTON,LONG_ONLY_FULL,0.01,12,7,600,2.1181854882076263,0.4812934966175245,COMPLETED,0.020941275810050806,0.08980204935315103,0.06254839136799138,0.14158748957666245,0.9027195073255124,0.0,0.8377506136704835,0.021644348988987948,0.0,0.0,2026-09-21T07:20:05.661971+00:00
678a3c48ab5c85e37fed76342d0e46d5fdef9e0517345e0d9269ebc937a4394c,ANALYTIC_MERTON,LONG_ONLY_CAP50,0.01,12,8,600,2.1181854882076263,0.4812934966175245,COMPLETED,0.010786239298570362,0.04637906142489101,0.03551753792939716,0.06750072410428026,0.949178791431291,0.0,0.3825543544395554,0.010690783646553986,0.0,0.0,2026-09-21T07:20:18.376728+00:00
e82e96220aacd71f7d61d87335d76baec40359f7b2f37eb801e44f4712b2b5f3,ANALYTIC_MERTON,LONG_ONLY_FULL,0.01,12,8,600,2.1181854882076263,0.4812934966175245,COMPLETED,0.020763878053666692,0.09815909938438167,0.07500710605623499,0.14301527734304176,0.8953287942412775,0.0,0.8383384191919501,0.021697390371369144,0.0,0.0,2026-09-21T07:20:18.360167+00:00
afa2f22d35474b8afd25a0438cd8caaef240ae89f65e92a88393439c96eef3ed,ANALYTIC_MERTON,LONG_ONLY_CAP50,0.01,12,9,600,2.1181854882076263,0.4812934966175245,COMPLETED,0.012141233059767647,0.0421418529029241,0.029673753686363526,0.06579817771272506,0.9504564559331699,0.0,0.3823222443503707,0.010745255310205842,0.0,0.0,2026-09-21T07:20:19.146442+00:00
bf2f34ca43259b3a4f71f644d5e2bd00ce5e84c635ff4988443be201d31290b6,ANALYTIC_MERTON,LONG_ONLY_FULL,0.01,12,9,600,2.1181854882076263,0.4812934966175245,COMPLETED,0.02326780859512052,0.09266248975909981,0.06163755119626308,0.13331467765028435,0.8928053476473545,0.0,0.8379050439432798,0.021940720685810402,0.0,0.0,2026-09-21T07:20:19.127957+00:00
c42ae6a2b8b10f730052e39c9ec26fa9460c923f67256ddde48a10ddbf3aba62,ANALYTIC_MERTON,LONG_ONLY_CAP50,0.01,12,10,600,2.1181854882076263,0.4812934966175245,COMPLETED,0.01096897741401075,0.045122005494784664,0.027091433561247172,0.06675676261819462,0.9466676317186132,0.0,0.3818881082875804,0.01080143832232548,0.0,0.0,2026-09-21T07:20:23.162257+00:00
d0035f2a1c797809e0d62b8be15111e30389cd9ab294748b4ff80d3a061aecd5,ANALYTIC_MERTON,LONG_ONLY_FULL,0.01,12,10,600,2.1181854882076263,0.4812934966175245,COMPLETED,0.02106930615390993,0.09276160575382332,0.06210955114777102,0.1369066883894685,0.8918381191452796,0.0,0.8372496950708818,0.022122535698494067,0.0,0.0,2026-09-21T07:20:23.145295+00:00
d7566fda8574accd31a7ba977d7d1578e27e682315997ef17e65b8d119f573d9,ANALYTIC_MERTON,LONG_ONLY_CAP50,0.01,12,11,600,2.1181854882076263,0.4812934966175245,COMPLETED,0.010481588062640232,0.04085404674380153,0.029033790503136585,0.06916009111164925,0.9566565938514959,0.0,0.38165132238815486,0.010747752393749074,0.0,0.0,2026-09-21T07:20:21.177184+00:00
c2d1474facee6ca58165d5e2b77e8cbeaa1f0e5c74134b45bd2ffd1859883939,ANALYTIC_MERTON,LONG_ONLY_FULL,0.01,12,11,600,2.1181854882076263,0.4812934966175245,COMPLETED,0.019725856499680283,0.08983339230229774,0.06888607121971638,0.1418751145149098,0.9054002475058212,0.0,0.8369479619543414,0.02200403363187019,0.0,0.0,2026-09-21T07:20:21.160220+00:00
0e17ffc130aa75fe99870f973f087980d3d6b1cce11067ac612791badd4b2fd6,ANALYTIC_MERTON,LONG_ONLY_CAP50,0.01,12,12,600,2.1181854882076263,0.4812934966175245,COMPLETED,0.010872003981308392,0.04740162831981763,0.036608619650916115,0.06847214320876888,0.9469241025522063,0.0,0.3822726747119928,0.010815497177991433,0.0,0.0,2026-09-21T07:20:34.118705+00:00
b79f756619622177f379fb02b14bad34fc53a5a41f043271283fa88fce593ec6,ANALYTIC_MERTON,LONG_ONLY_FULL,0.01,12,12,600,2.1181854882076263,0.4812934966175245,COMPLETED,0.020717087533830926,0.10134261212900415,0.08241599738569418,0.1417493924857516,0.8927241143482387,0.0,0.8377989814755691,0.022106114187509716,0.0,0.0,2026-09-21T07:20:34.100805+00:00
8cf9c1230e6a33b53249679198832a82da320fda134518c877f97722b010b44a,ANALYTIC_MERTON,LONG_ONLY_CAP50,0.01,12,13,600,2.1181854882076263,0.4812934966175245,COMPLETED,0.011092857355309753,0.045617150290279955,0.03226941874616341,0.06678217724887031,0.948260145023666,0.0,0.38226676616825506,0.010773155614457873,0.0,0.0,2026-09-21T07:20:34.713726+00:00
a1ea00d5b1fe9c3867808f2af19ddc73ad7430ecfd784f281f1adb0ca8b6d3c7,ANALYTIC_MERTON,LONG_ONLY_FULL,0.01,12,13,600,2.1181854882076263,0.4812934966175245,COMPLETED,0.021289690436276303,0.09434147060560868,0.07020613879598668,0.13929550150710532,0.8969998100248524,0.0,0.8378100177051484,0.022024084551248147,0.0,0.0,2026-09-21T07:20:34.697194+00:00
32193268991f3ddb17c4c9d70bc480848cf65f6c8a5fb674b4cfd17e915daad3,ANALYTIC_MERTON,LONG_ONLY_CAP50,0.01,12,14,600,2.1181854882076263,0.4812934966175245,COMPLETED,0.009156139676047153,0.04785152622722026,0.030964102631610507,0.06958004662797614,0.9455533784143167,0.0,0.38265782994651426,0.01068097285528804,0.0,0.0,2026-09-21T07:20:38.743922+00:00
843ad568de1ecfff0bef755f4b606343ff8d5ce81ebd4c5865fd4574434db2a6,ANALYTIC_MERTON,LONG_ONLY_FULL,0.01,12,14,600,2.1181854882076263,0.4812934966175245,COMPLETED,0.017786528110990543,0.09862571307614863,0.05982336221295075,0.1409604606493746,0.8897184128279447,0.0,0.838503967867978,0.02164725286800992,0.0,0.0,2026-09-21T07:20:38.726942+00:00
a7be6f1c4aaccd7f349eb96f6d0a67c8bc8b92d862bf15018e0f0e3b32636c5a,ANALYTIC_MERTON,LONG_ONLY_CAP50,0.01,13,0,600,2.1181854882076263,0.4812934966175245,COMPLETED,0.009279492841141188,0.04545812038592913,0.03295521022138073,0.06916760262402043,0.9513054901958296,0.0,0.3817563373575109,0.010839914449823634,0.0,0.0,2026-09-21T07:20:36.717280+00:00
8326da1caf31c93affe3bb90d6e2814f8e0e8c1f4f508c2d37a0e7115154da41,ANALYTIC_MERTON,LONG_ONLY_FULL,0.01,13,0,600,2.1181854882076263,0.4812934966175245,COMPLETED,0.017793301422967284,0.09597618666964533,0.060835451816916936,0.14246543125400113,0.8956026211569754,0.0,0.8370264655662927,0.022250631353464084,0.0,0.0,2026-09-21T07:20:36.700221+00:00
5082aaa2ad5853c4ecb01bc69dc2a681826b90817293bd7f978d6fd869a03415,ANALYTIC_MERTON,LONG_ONLY_CAP50,0.01,13,1,600,2.1181854882076263,0.4812934966175245,COMPLETED,0.009735291014248098,0.045291594203306286,0.0376673133123253,0.06995360535630389,0.9507838699477299,0.0,0.38199410675696843,0.010829844759456747,0.0,0.0,2026-09-21T07:20:49.396424+00:00
1aeca4e61dbb279820326ae72bdf99feb9cff5d4691421d0a11f48a7912dbec5,ANALYTIC_MERTON,LONG_ONLY_FULL,0.01,13,1,600,2.1181854882076263,0.4812934966175245,COMPLETED,0.018110312364522124,0.09791911978109587,0.07838780558828408,0.1464302272353821,0.8974937432035356,0.0,0.8375247334150951,0.02200863334634932,0.0,0.0,2026-09-21T07:20:49.379844+00:00
382c1a9a3d1417e6620b17dff72eae9e395c3811f33cb97d645c6afd49dd4fc4,ANALYTIC_MERTON,LONG_ONLY_CAP50,0.01,13,2,600,2.1181854882076263,0.4812934966175245,COMPLETED,0.008965409482010812,0.048494555217580296,0.037298457295419175,0.06918340602713574,0.9483765846173506,0.0,0.3815501309660135,0.010721174676064205,0.0,0.0,2026-09-21T07:20:49.872588+00:00
8dcd768a2a9ff4883aaced8cb759886cd397e64df4a126d9b8eec5618d2a7517,ANALYTIC_MERTON,LONG_ONLY_FULL,0.01,13,2,600,2.1181854882076263,0.4812934966175245,COMPLETED,0.01702119147997036,0.10367664872494832,0.08140663962793848,0.14188266378950665,0.8955159281316973,0.0,0.8369271428260376,0.021811359351097192,0.0,0.0,2026-09-21T07:20:49.855778+00:00
7764cf9fc543c1da13de65ae5d05b9f43dfb5a55a34de5c61200066787542bc0,ANALYTIC_MERTON,LONG_ONLY_CAP50,0.01,13,3,600,2.1181854882076263,0.4812934966175245,COMPLETED,0.010044287380484051,0.044893179664823785,0.028845658362265113,0.06550129372879276,0.9520278417856743,0.0,0.38209624979422563,0.010781973921898141,0.0,0.0,2026-09-21T07:20:54.287148+00:00
419eee29c853b7f5bed6069aa3a49903c27dc59990034189c893dcb350d31fd7,ANALYTIC_MERTON,LONG_ONLY_FULL,0.01,13,3,600,2.1181854882076263,0.4812934966175245,COMPLETED,0.019583145062189028,0.09235729445040179,0.05752941310483166,0.1360060513771654,0.9028325932714556,0.0,0.83768680534493,0.021898039810759454,0.0,0.0,2026-09-21T07:20:54.269099+00:00
cf90fd364a26f799f1bfbf0fe110ddd848f786e3667da87d0a5eceb11c3738bf,ANALYTIC_MERTON,LONG_ONLY_CAP50,0.01,13,4,600,2.1181854882076263,0.4812934966175245,COMPLETED,0.010600735029269375,0.044194553561636374,0.03236024403324771,0.06680484136927878,0.9530573460103132,0.0,0.3822189782460762,0.010796149305171953,0.0,0.0,2026-09-21T07:20:52.317594+00:00
de1ed637d80fd7757cc131706647dd31b4b044907fe45d3b58bfddc96d37f148,ANALYTIC_MERTON,LONG_ONLY_FULL,0.01,13,4,600,2.1181854882076263,0.4812934966175245,COMPLETED,0.019545942754558905,0.09391171904390012,0.07245254273443512,0.13575143219625885,0.9031720466306477,0.0,0.8377921169207869,0.02200409277287929,0.0,0.0,2026-09-21T07:20:52.299837+00:00
a3d670c5b7053244e2ec5b31499e6ef895727d3fc0b291d26ed87795a844c642,ANALYTIC_MERTON,LONG_ONLY_CAP50,0.01,13,5,600,2.1181854882076263,0.4812934966175245,COMPLETED,0.00981186159353219,0.04286918146306075,0.030627219851093252,0.06707661118833484,0.9504515131392612,0.0,0.3815040149832911,0.010883624033387386,0.0,0.0,2026-09-21T07:21:04.704780+00:00
9cfd3cdd55e8ca224bd00eeee73b483f9e2575f1d774bf9fac1f09c4a91f7596,ANALYTIC_MERTON,LONG_ONLY_FULL,0.01,13,5,600,2.1181854882076263,0.4812934966175245,COMPLETED,0.018570203695054015,0.09105002975624085,0.06621554504527653,0.13739270068500606,0.8938005040531918,0.0,0.8367862172896697,0.02218334968211828,0.0,0.0,2026-09-21T07:21:04.688184+00:00
409e46e24ac0ec105c0255e05f2848b7678a5280aeaa4c9b7207114a33a0b303,ANALYTIC_MERTON,LONG_ONLY_CAP50,0.01,13,6,600,2.1181854882076263,0.4812934966175245,COMPLETED,0.010375649460700345,0.044188958405239294,0.029634488311683995,0.06565114813889135,0.9488767004563473,0.0,0.3822106175030976,0.010921745726470634,0.0,0.0,2026-09-21T07:21:05.146682+00:00
4547e26a87fdb2867793ba1aec2b0c2412325b605a00aba9c16a33ff38ac1f32,ANALYTIC_MERTON,LONG_ONLY_FULL,0.01,13,6,600,2.1181854882076263,0.4812934966175245,COMPLETED,0.020077326481421732,0.0930147293977427,0.06086114087242293,0.13710081837488997,0.8932776656113349,0.0,0.8377651376138373,0.022229356826424712,0.0,0.0,2026-09-21T07:21:05.129823+00:00
a079fe8d47d6893d2c33d20da29398dcf4c2475b41ffb55814b0ec7be6294c6c,ANALYTIC_MERTON,LONG_ONLY_CAP50,0.01,13,7,600,2.1181854882076263,0.4812934966175245,COMPLETED,0.01044035319419215,0.0455445891258794,0.034930001928098676,0.06963136124869902,0.948881296973955,0.0,0.38131923351645525,0.01090435358068178,0.0,0.0,2026-09-21T07:21:09.548434+00:00
87c8e08e6fa26d2c128f0973e09b5be32600638eccf4323c18489e3d363a5f3b,ANALYTIC_MERTON,LONG_ONLY_FULL,0.01,13,7,600,2.1181854882076263,0.4812934966175245,COMPLETED,0.019977969294559948,0.09921284955683292,0.07338255897723595,0.14308089139620705,0.8948365317317667,0.0,0.8364407376959453,0.022344534760182954,0.0,0.0,2026-09-21T07:21:09.531826+00:00
1b20287f0650835e9dd8437f2e224701ac12916777e6695c4656ba5675672b6e,ANALYTIC_MERTON,LONG_ONLY_CAP50,0.01,13,8,600,2.1181854882076263,0.4812934966175245,COMPLETED,0.007362105480419517,0.04700605451777381,0.03484429079895892,0.06648241063447656,0.9506641523656971,0.0,0.3816831986857245,0.010798528581972243,0.0,0.0,2026-09-21T07:21:07.546100+00:00
fef0481d0d1f8ef7229768801ed5fd3c8bf439dbb2ddf29d0f2ac642f3692cd0,ANALYTIC_MERTON,LONG_ONLY_FULL,0.01,13,8,600,2.1181854882076263,0.4812934966175245,COMPLETED,0.013506099572961361,0.10035066548475292,0.07326883277186637,0.13413527689349553,0.8966460783127007,0.0,0.8371059529585843,0.02194958046204887,0.0,0.0,2026-09-21T07:21:07.529391+00:00
dc42f1934adb82ea8f653369f7339499134fb5f622af6e193a86d0e89aa50164,ANALYTIC_MERTON,LONG_ONLY_CAP50,0.01,13,9,600,2.1181854882076263,0.4812934966175245,COMPLETED,0.009510003433108425,0.050190386631320645,0.034999886969426616,0.06720593591925342,0.9448386919216412,0.0,0.3813913433937376,0.01086316280247933,0.0,0.0,2026-09-21T07:21:19.738252+00:00
966e375f2a5b4936f80fc6fe23873238f7f55bf4b1780a454952942506c13d57,ANALYTIC_MERTON,LONG_ONLY_FULL,0.01,13,9,600,2.1181854882076263,0.4812934966175245,COMPLETED,0.017931022058597937,0.10505140859242769,0.07238945005183446,0.14243472973251828,0.8871821005117537,0.0,0.8366514070335204,0.022130721080885894,0.0,0.0,2026-09-21T07:21:19.721760+00:00
37ce9c35465c8ae0b52c7bb91ab6dc443e0bf68a919e204242a0b3142b08de8d,ANALYTIC_MERTON,LONG_ONLY_CAP50,0.01,13,10,600,2.1181854882076263,0.4812934966175245,COMPLETED,0.009818024249477132,0.04681275103115466,0.03362850634801238,0.06918738276184067,0.9438877537990515,0.0,0.3815068094717016,0.010802498603128334,0.0,0.0,2026-09-21T07:21:20.522872+00:00
8634d3769583d2a032efef73e8c55cb5bc290f3d679ea49e8bdb0cd788a47590,ANALYTIC_MERTON,LONG_ONLY_FULL,0.01,13,10,600,2.1181854882076263,0.4812934966175245,COMPLETED,0.018590582604723356,0.09955650091570596,0.07329374320676255,0.14200686912984722,0.8906345228802096,0.0,0.8368024958847315,0.022038048652081626,0.0,0.0,2026-09-21T07:21:20.506178+00:00
fd6eae1a185a5859cc15e5741a48b863e968ee0f33cc92525a4182abcbcefe84,ANALYTIC_MERTON,LONG_ONLY_CAP50,0.01,13,11,600,2.1181854882076263,0.4812934966175245,COMPLETED,0.010823172018280801,0.04676983635654051,0.03226834990394429,0.06947353287777155,0.9447646599020748,0.0,0.38192435700680566,0.010765863695426777,0.0,0.0,2026-09-21T07:21:24.646325+00:00
ebaabf669bc380bcac17e3f640e0f27a3bf804b20bffc60cc6fded4da2957379,ANALYTIC_MERTON,LONG_ONLY_FULL,0.01,13,11,600,2.1181854882076263,0.4812934966175245,COMPLETED,0.020836341225111663,0.09790881760211625,0.06899716457700461,0.14018580071685308,0.8933263181603356,0.0,0.8374366230325193,0.021884516170661488,0.0,0.0,2026-09-21T07:21:24.629252+00:00
239ff4a1a534bf48203562181b16fc2d5abeeb66b4aba5fa4c72685b92c6af77,ANALYTIC_MERTON,LONG_ONLY_CAP50,0.01,13,12,600,2.1181854882076263,0.4812934966175245,COMPLETED,0.011683359025174547,0.04366862566842417,0.02987423190888993,0.06462799809898816,0.9499651014068192,0.0,0.38180788040499625,0.01071689153964763,0.0,0.0,2026-09-21T07:21:22.597194+00:00
c7e0e2f6da3ff34ab79d39ae0708f8679f325240758cfb50ba599f1fa96330d5,ANALYTIC_MERTON,LONG_ONLY_FULL,0.01,13,12,600,2.1181854882076263,0.4812934966175245,COMPLETED,0.022206236614642952,0.0930849376315172,0.06196960287715918,0.1346390691125153,0.8948179159586104,0.0,0.8372278167524532,0.021867304169743897,0.0,0.0,2026-09-21T07:21:22.580383+00:00
b30dcebcdfbb3b2a579c11ae6e88b62f5c3e6f3a05aeaf12bb03f207ffc84419,ANALYTIC_MERTON,LONG_ONLY_CAP50,0.01,13,13,600,2.1181854882076263,0.4812934966175245,COMPLETED,0.009930606398594536,0.04513298502770701,0.0309998412223326,0.06723101673044003,0.9488630229451154,0.0,0.38089520275813593,0.010956230621808324,0.0,0.0,2026-09-21T07:21:34.978451+00:00
bf403e47291e333cafed95acaa75abc34dd4d42a83a3edd8bdb8fd95b584bcad,ANALYTIC_MERTON,LONG_ONLY_FULL,0.01,13,13,600,2.1181854882076263,0.4812934966175245,COMPLETED,0.018636949570391092,0.09695754717930166,0.07131924053709028,0.13778985275862132,0.8956550167365329,0.0,0.8359673826264774,0.02230575734630198,0.0,0.0,2026-09-21T07:21:34.961700+00:00
df467b1d74477c0c625ef5a7305748d591b5e7440ca6d244f3259e52d7a77529,ANALYTIC_MERTON,LONG_ONLY_CAP50,0.01,13,14,600,2.1181854882076263,0.4812934966175245,COMPLETED,0.011309967533321323,0.03959032644789192,0.027951034973195257,0.061663987950687886,0.9554153591059462,0.0,0.38144934949359777,0.010798796166935876,0.0,0.0,2026-09-21T07:21:35.728204+00:00
00481297bee973097f181361630a62b4ebdc5fcf861f2a007e125cd642f329ef,ANALYTIC_MERTON,LONG_ONLY_FULL,0.01,13,14,600,2.1181854882076263,0.4812934966175245,COMPLETED,0.021495925039241096,0.08153229059318087,0.05524184868423862,0.12824110894023275,0.9074459860298092,0.0,0.8366779934250265,0.022081326174737504,0.0,0.0,2026-09-21T07:21:35.711871+00:00
9b35bb54fb27d22b697d92889bda15fe350aa254e7149507e3a3ba6d2c714da6,ANALYTIC_MERTON,LONG_ONLY_CAP50,0.01,14,0,600,2.1181854882076263,0.4812934966175245,COMPLETED,0.010961459854040238,0.04099221659489217,0.026765532689628925,0.06572865228333308,0.9515178792283173,0.0,0.38163226335617756,0.010694201741979882,0.0,0.0,2026-09-21T07:21:39.861290+00:00
72d74a9a4b8baa923807cdc582661f70abae0f93d8c4bd7287cec20262495860,ANALYTIC_MERTON,LONG_ONLY_FULL,0.01,14,0,600,2.1181854882076263,0.4812934966175245,COMPLETED,0.02109709741153407,0.08464146577086301,0.05323654241830596,0.13769634300411046,0.8992519461171117,0.0,0.8370971117326729,0.02169657629943128,0.0,0.0,2026-09-21T07:21:39.844000+00:00
7897458d3d50b4a46d6f20bb1997f7977fcd229b15ba960cb64a371f3d81053d,ANALYTIC_MERTON,LONG_ONLY_CAP50,0.01,14,1,600,2.1181854882076263,0.4812934966175245,COMPLETED,0.011591700987018913,0.04507051509660287,0.033554568227611554,0.07102547562853025,0.947238212381558,0.0,0.38156791284015257,0.010899360395280989,0.0,0.0,2026-09-21T07:21:37.770010+00:00
0c0102e9905f5b1e30c02fbcd75447d89db2e0dabe8833966575fe799dea3b22,ANALYTIC_MERTON,LONG_ONLY_FULL,0.01,14,1,600,2.1181854882076263,0.4812934966175245,COMPLETED,0.021776009078232954,0.0950515609316138,0.07004481765355279,0.14675637754014967,0.8942032463635405,0.0,0.8368763170916915,0.022212737319090403,0.0,0.0,2026-09-21T07:21:37.752341+00:00
edb03c85b8ac2c3750214883b8850334974e1e8929809be9b2c66bc67c9f16b5,ANALYTIC_MERTON,LONG_ONLY_CAP50,0.01,14,2,600,2.1181854882076263,0.4812934966175245,COMPLETED,0.010696770715377264,0.03798279556386,0.024296459675894166,0.06241484074932222,0.9534351261823215,0.0,0.3806196251531291,0.010995453647367018,0.0,0.0,2026-09-21T07:21:50.199299+00:00
957ad3af04bb5756203ddda832c3039839f7b6a13139d987705330ad41625ff3,ANALYTIC_MERTON,LONG_ONLY_FULL,0.01,14,2,600,2.1181854882076263,0.4812934966175245,COMPLETED,0.021052492148214568,0.08189107836506376,0.052391825796535826,0.1312414246626412,0.9060181353024358,0.0,0.835564245598766,0.022398036475515633,0.0,0.0,2026-09-21T07:21:50.182964+00:00
267d962f95a9d60a965b10a4a129c019386db9b812f0e4a8c39830d1e68a2b1f,ANALYTIC_MERTON,LONG_ONLY_CAP50,0.01,14,3,600,2.1181854882076263,0.4812934966175245,COMPLETED,0.010974322508656714,0.04704068379536368,0.029451754384250628,0.0646182717974364,0.947092223533933,0.0,0.38150838377820623,0.010873349677628989,0.0,0.0,2026-09-21T07:21:51.074756+00:00
2bc90ad13f49c60d910beeec4a256dc95bd0f4dfd108f0089a8669fdbc628759,ANALYTIC_MERTON,LONG_ONLY_FULL,0.01,14,3,600,2.1181854882076263,0.4812934966175245,COMPLETED,0.021180504450398315,0.10061051512949654,0.06446879057044151,0.1350882037443026,0.8915070964664025,0.0,0.8367044627305765,0.022283788599446564,0.0,0.0,2026-09-21T07:21:51.058200+00:00
e45431f0017e7aad891856a5c43337b7bddb920ba1c3cc63a91445bed83c802d,ANALYTIC_MERTON,LONG_ONLY_CAP50,0.01,14,4,600,2.1181854882076263,0.4812934966175245,COMPLETED,0.009377467445348628,0.05092973023421716,0.03420024313631228,0.06794230555383547,0.9457330344014103,0.0,0.38118018290974026,0.010910100078865125,0.0,0.0,2026-09-21T07:21:55.417865+00:00
cbd716a9e71ba1a38477ff15ff66b52630f1794ec0c9fc1c4308f35cca9b4d7e,ANALYTIC_MERTON,LONG_ONLY_FULL,0.01,14,4,600,2.1181854882076263,0.4812934966175245,COMPLETED,0.01758926646016599,0.10163978296154334,0.07197986136623546,0.13759368189870394,0.891693704686434,0.0,0.8362736075625826,0.02231825918042908,0.0,0.0,2026-09-21T07:21:55.400498+00:00
aa407145ecec4e64c584e1f507481ea275b43e25a0cccd65790efaec9564e7b1,ANALYTIC_MERTON,LONG_ONLY_CAP50,0.01,14,5,600,2.1181854882076263,0.4812934966175245,COMPLETED,0.011414738483130672,0.04279174841009794,0.029341912519385,0.06627444352578522,0.9533905657357195,0.0,0.38164412978182977,0.010876919672855562,0.0,0.0,2026-09-21T07:21:52.928342+00:00
82197d337acf32781478ebafddccbdf1b0566301e90af5e7866788f5180b3761,ANALYTIC_MERTON,LONG_ONLY_FULL,0.01,14,5,600,2.1181854882076263,0.4812934966175245,COMPLETED,0.02153802255823674,0.09017071541134321,0.06158956155192651,0.13553501161070594,0.9009373723893308,0.0,0.8370183376835204,0.02212744452782391,0.0,0.0,2026-09-21T07:21:52.911820+00:00
a92614a620d9cdb9e0c2227aedb29de88572867c61cbe35cab864693383f7f36,ANALYTIC_MERTON,LONG_ONLY_CAP50,0.01,14,6,600,2.1181854882076263,0.4812934966175245,COMPLETED,0.00971071592484952,0.044096346581411656,0.031245609756510875,0.06724876622944617,0.9508872500176797,0.0,0.38225889318877543,0.010749628760248651,0.0,0.0,2026-09-21T07:22:05.378818+00:00
2897083d872f7dd54b9f603fe8edf1bd4fbdcfb2be2cd6710fc2728e86fe7177,ANALYTIC_MERTON,LONG_ONLY_FULL,0.01,14,6,600,2.1181854882076263,0.4812934966175245,COMPLETED,0.017952884431715107,0.09230584737435572,0.07029536595424875,0.1389183247712424,0.8997807407738249,0.0,0.8378524018163943,0.021906884684554397,0.0,0.0,2026-09-21T07:22:05.362074+00:00
d4e4cdd821f7542e5adb83397528f8d80fab28e293f071001335d8ed0662885f,ANALYTIC_MERTON,LONG_ONLY_CAP50,0.01,14,7,600,2.1181854882076263,0.4812934966175245,COMPLETED,0.010543438835783459,0.04554264548128872,0.031542397144891134,0.06812901457428922,0.9453796397455703,0.0,0.38269657654816647,0.010728705909671498,0.0,0.0,2026-09-21T07:22:06.906473+00:00
a45dbb44b40f54251afc7cf4e1c256a218f01eed0d0aa04ead708012d0bc79c6,ANALYTIC_MERTON,LONG_ONLY_FULL,0.01,14,7,600,2.1181854882076263,0.4812934966175245,COMPLETED,0.02018693204313947,0.09585730449471278,0.06697430436474319,0.13990610898906508,0.8964819998633755,0.0,0.8384685469513304,0.021848099220690847,0.0,0.0,2026-09-21T07:22:06.884300+00:00
e98d4c12b16c8c3aa8931ef0fb1c94c2bd0b8c02d8d3342d76f21773ac28d157,ANALYTIC_MERTON,LONG_ONLY_CAP50,0.01,14,8,600,2.1181854882076263,0.4812934966175245,COMPLETED,0.01170871039164279,0.04219160488592289,0.03069483839875709,0.0639463530873939,0.9515614147327381,0.0,0.38104823712784747,0.010949397385456217,0.0,0.0,2026-09-21T07:22:11.101394+00:00
9673cdb9ebbe9d395ef3086486da96350640de3dcc146114f46a4bc9ad7f6f99,ANALYTIC_MERTON,LONG_ONLY_FULL,0.01,14,8,600,2.1181854882076263,0.4812934966175245,COMPLETED,0.022264553758588518,0.08977979098362508,0.06430736980257018,0.13231078121242246,0.9015988108149868,0.0,0.836087965312364,0.022388700778876648,0.0,0.0,2026-09-21T07:22:11.083770+00:00
9ab8bbe18e16c7fa31830999d0653033b2ac3f031d04ed679173bc6e09c56070,ANALYTIC_MERTON,LONG_ONLY_CAP50,0.01,14,9,600,2.1181854882076263,0.4812934966175245,COMPLETED,0.01190889124508277,0.04339776399079935,0.02956002841159281,0.0674904679186175,0.9470722784559183,0.0,0.3815091764119337,0.010869870546469993,0.0,0.0,2026-09-21T07:22:08.230884+00:00
940b4300d9bf9e6c62900da41d813034d9c257f300a8c467068f0232187ae766,ANALYTIC_MERTON,LONG_ONLY_FULL,0.01,14,9,600,2.1181854882076263,0.4812934966175245,COMPLETED,0.02342534746195521,0.09317567404158118,0.05810714784128184,0.13818460009795766,0.8937150016505574,0.0,0.8367619903400038,0.022206421079272953,0.0,0.0,2026-09-21T07:22:08.214371+00:00
507d5fd4d849c18d536876eefb79490112219a2ba669db0457fffa6348fa304d,ANALYTIC_MERTON,LONG_ONLY_CAP50,0.01,14,10,600,2.1181854882076263,0.4812934966175245,COMPLETED,0.011141598839495438,0.04593465204068618,0.030291558527738724,0.06928671713446674,0.9479901374921733,0.0,0.3816511549686326,0.01074303379408988,0.0,0.0,2026-09-21T07:22:20.557838+00:00
022c2802922fbd637704010e0b1b410aa243e582f7f7c25423c81d410ef27906,ANALYTIC_MERTON,LONG_ONLY_FULL,0.01,14,10,600,2.1181854882076263,0.4812934966175245,COMPLETED,0.020789280804458753,0.09932434050884259,0.06826149431574435,0.14408740685133573,0.8951795938801791,0.0,0.8370077579891451,0.021931895061419394,0.0,0.0,2026-09-21T07:22:20.541005+00:00
0d856abd1c35d4e22036db8c6ca55748a26d50ea4153b7f4994ac00706da1aeb,ANALYTIC_MERTON,LONG_ONLY_CAP50,0.01,14,11,600,2.1181854882076263,0.4812934966175245,COMPLETED,0.01244585508076007,0.040158643075208236,0.027684506557145508,0.06698402002643447,0.9491556257284265,0.0,0.382532219461593,0.010638348011991606,0.0,0.0,2026-09-21T07:22:22.459817+00:00
37ab78d3388d0181fdba1953dd14159f399710018f2d21d94d956a16c815b48f,ANALYTIC_MERTON,LONG_ONLY_FULL,0.01,14,11,600,2.1181854882076263,0.4812934966175245,COMPLETED,0.02485734637769353,0.08181620846096585,0.05351510010784929,0.13693415465756714,0.9001407476662009,0.0,0.8383098808225877,0.021605456637227773,0.0,0.0,2026-09-21T07:22:22.442054+00:00
629e68fb7176efab2ad7ae4fc1ab15adfc29f06624d830976a26453730e4ba80,ANALYTIC_MERTON,LONG_ONLY_CAP50,0.01,14,12,600,2.1181854882076263,0.4812934966175245,COMPLETED,0.010165858626998248,0.04840428443162996,0.03662528696540169,0.06964780276524775,0.9470421276723702,0.0,0.38216824062715904,0.01063454741780237,0.0,0.0,2026-09-21T07:22:26.475001+00:00
2d7ab91b7f203561aa48272ddd4291c949a692fc64e0aae0a02f475cba924430,ANALYTIC_MERTON,LONG_ONLY_FULL,0.01,14,12,600,2.1181854882076263,0.4812934966175245,COMPLETED,0.019572398664874154,0.1023515307803804,0.08143229656474686,0.1440188773845527,0.8951910779315271,0.0,0.8378570867817051,0.02154802649546374,0.0,0.0,2026-09-21T07:22:26.458320+00:00
154e6deef4ca39ef51aa96ec19749fa6040664b4bd1401ee52462b2aadec48db,ANALYTIC_MERTON,LONG_ONLY_CAP50,0.01,14,13,600,2.1181854882076263,0.4812934966175245,COMPLETED,0.010769930711276542,0.04040786223031864,0.02614307461025423,0.06646937236751532,0.9534705577113112,0.0,0.3817966319734157,0.010732613796153919,0.0,0.0,2026-09-21T07:22:23.774035+00:00
ca6698945d2f926d74449e228ff284e8f1a9d81e432c70be45004314c0c07a17,ANALYTIC_MERTON,LONG_ONLY_FULL,0.01,14,13,600,2.1181854882076263,0.4812934966175245,COMPLETED,0.020694354987554526,0.08500122105365147,0.056812848649618816,0.13913651947788733,0.8986997704778827,0.0,0.8372592729196147,0.021831517883401992,0.0,0.0,2026-09-21T07:22:23.756911+00:00
2790d4466c8af1694b3f3b0372f958ba982a04c010bfaf9dcd6635ebcfb8f0dc,ANALYTIC_MERTON,LONG_ONLY_CAP50,0.01,14,14,600,2.1181854882076263,0.4812934966175245,COMPLETED,0.010724798631407904,0.04646914804615667,0.0357937971001463,0.06676823876278323,0.9470553767937379,0.0,0.38186125862016834,0.010745424097485013,0.0,0.0,2026-09-21T07:22:36.229641+00:00
2959368c0501d37ab25444a8a3505b50f94ddb2a491db02f198c70d8142feceb,ANALYTIC_MERTON,LONG_ONLY_FULL,0.01,14,14,600,2.1181854882076263,0.4812934966175245,COMPLETED,0.01966110959201206,0.09637488001372811,0.07030600210698834,0.13826202969906923,0.8994994368788464,0.0,0.8374208412866598,0.0217655743749201,0.0,0.0,2026-09-21T07:22:36.212796+00:00
a42f86cc8229a91b598882b118fa011c7fdb77692cb812ec44c6248c8121c579,ANALYTIC_MERTON,LONG_ONLY_CAP50,0.01,15,0,600,2.1181854882076263,0.4812934966175245,COMPLETED,0.010176361991822036,0.04265988472244135,0.03134766219481376,0.06772193583863041,0.9471985301198247,0.0,0.38237887958112254,0.010775065072027624,0.0,0.0,2026-09-21T07:22:37.962257+00:00
86d6a1678ecc3affab723e01191d3c80c9112f48ca23d6caed0867d30cada76d,ANALYTIC_MERTON,LONG_ONLY_FULL,0.01,15,0,600,2.1181854882076263,0.4812934966175245,COMPLETED,0.019680714940941136,0.08882823251932584,0.06810628220559478,0.13596294759104738,0.905869898444931,0.0,0.8380492119587608,0.021904118135881414,0.0,0.0,2026-09-21T07:22:37.945880+00:00
fc841be193273fef1a0ffa4038845cf6166744e331649b6b6b6cb702e9d3358d,ANALYTIC_MERTON,LONG_ONLY_CAP50,0.01,15,1,600,2.1181854882076263,0.4812934966175245,COMPLETED,0.009422120288177708,0.04277561459879109,0.030549302949850754,0.06667516740661454,0.9500716957164356,0.0,0.3805344250157648,0.010818034171046934,0.0,0.0,2026-09-21T07:22:41.910355+00:00
0bd20206966b68403f92c511ce0fda819a2564b8a3002fbfd676f2636777b008,ANALYTIC_MERTON,LONG_ONLY_FULL,0.01,15,1,600,2.1181854882076263,0.4812934966175245,COMPLETED,0.018400914911174043,0.09083804564326926,0.060822929092421256,0.13730705430463158,0.9013456148157452,0.0,0.8355282892027065,0.021999562466437583,0.0,0.0,2026-09-21T07:22:41.890192+00:00
20278abd4f454b921909f2561d112c56cff5f1d834aaf2ca04b7d1f60273f5a8,ANALYTIC_MERTON,LONG_ONLY_CAP50,0.01,15,2,600,2.1181854882076263,0.4812934966175245,COMPLETED,0.010390938975309108,0.04335611982799271,0.031429761536582744,0.06416126822238473,0.9518807123927745,0.0,0.38243662296262076,0.01070747519185122,0.0,0.0,2026-09-21T07:22:38.822749+00:00
04142b829939c04f11358cec969c3e532bd1e3d103909248c3c9c64598798d92,ANALYTIC_MERTON,LONG_ONLY_FULL,0.01,15,2,600,2.1181854882076263,0.4812934966175245,COMPLETED,0.020256979942177532,0.09372822615266752,0.06341955101557376,0.13363940790300424,0.8967361345049122,0.0,0.838062683723588,0.02187927061270378,0.0,0.0,2026-09-21T07:22:38.806035+00:00
e418156a58d87c84d01746aeee96b56ed7ec73093466dd4aa321f9ac26384006,ANALYTIC_MERTON,LONG_ONLY_CAP50,0.01,15,3,600,2.1181854882076263,0.4812934966175245,COMPLETED,0.011059162687399118,0.04482252824273337,0.03045276081851383,0.07017134047929219,0.9489967138754959,0.0,0.38381876054846825,0.010434301865117703,0.0,0.0,2026-09-21T07:22:51.518963+00:00
6b3679335e3bdaaa0193277b7fd6fc9e9725c88159e9bf07176258aed0f4e94b,ANALYTIC_MERTON,LONG_ONLY_FULL,0.01,15,3,600,2.1181854882076263,0.4812934966175245,COMPLETED,0.021025833304768038,0.09281038306422139,0.06616170770009648,0.14305436358396345,0.8951824619827727,0.0,0.8401977447582939,0.021092442842958137,0.0,0.0,2026-09-21T07:22:51.501916+00:00
e2c48e32decb87d25d4f436ce6e4c2b5370fe3401293ef5071be39c233e123db,ANALYTIC_MERTON,LONG_ONLY_CAP50,0.01,15,4,600,2.1181854882076263,0.4812934966175245,COMPLETED,0.009489061185488822,0.04456027392129527,0.0319950993236985,0.06734066458472251,0.9488916074859632,0.0,0.38095186802059294,0.01086135533635725,0.0,0.0,2026-09-21T07:22:53.422946+00:00
4ec0acba5ef86e7269459c42f8af83e1dedb03035f5e7b01b63a614f3faf35c3,ANALYTIC_MERTON,LONG_ONLY_FULL,0.01,15,4,600,2.1181854882076263,0.4812934966175245,COMPLETED,0.017612368917568826,0.0947066090901349,0.061840939616981214,0.14208879979318556,0.8961710709342852,0.0,0.836047592603456,0.022130884989842857,0.0,0.0,2026-09-21T07:22:53.406478+00:00
7c8fad5c0877e4409ea30ba0724343664c679e34c4bf13b22d6698dd1e8e9100,ANALYTIC_MERTON,LONG_ONLY_CAP50,0.01,15,5,600,2.1181854882076263,0.4812934966175245,COMPLETED,0.009748975683762645,0.04671206431924741,0.03404634751728525,0.06916366533619203,0.9488393656500094,0.0,0.38154392793714614,0.010855276632125804,0.0,0.0,2026-09-21T07:22:57.781950+00:00
c9948d5ca3bc9afc01b86d6186293642d11bfd87ac65e839acaba8ccc2ad23a5,ANALYTIC_MERTON,LONG_ONLY_FULL,0.01,15,5,600,2.1181854882076263,0.4812934966175245,COMPLETED,0.018066918608479532,0.10043619029872293,0.0706596934476464,0.14048891705477745,0.891635442879412,0.0,0.8368336734694365,0.022153858529388497,0.0,0.0,2026-09-21T07:22:57.764442+00:00
cadb505d394e1dd2e47e5e5d77182e8d4b7abe551db7f49b2d16fe014686d444,ANALYTIC_MERTON,LONG_ONLY_CAP50,0.01,15,6,600,2.1181854882076263,0.4812934966175245,COMPLETED,0.010253569343928825,0.04487335695160481,0.029119152478981548,0.06669946741206476,0.9484122457772408,0.0,0.38261990339976387,0.010726149918872264,0.0,0.0,2026-09-21T07:22:54.351162+00:00
dcbfc72effb5d651a9c003b55e84a4c474aead7f77d0966090885d6666accb98,ANALYTIC_MERTON,LONG_ONLY_FULL,0.01,15,6,600,2.1181854882076263,0.4812934966175245,COMPLETED,0.02008899663937228,0.09486490172632404,0.0633067628890583,0.136977310752761,0.8964869651138262,0.0,0.8384766516169055,0.021697227059978313,0.0,0.0,2026-09-21T07:22:54.334403+00:00
32e03c09e01a36a0802dda59e3c70a366b6451300ae714e5639ba0c616e54c41,ANALYTIC_MERTON,LONG_ONLY_CAP50,0.01,15,7,600,2.1181854882076263,0.4812934966175245,COMPLETED,0.008981389451072111,0.04619272248780945,0.03160917772342323,0.06464345552778347,0.9468738214687731,0.0,0.3824929296329401,0.010792984513631861,0.0,0.0,2026-09-21T07:23:06.698737+00:00
4fed366191d73d4793c4d4374a3a6eb565ae74b9637f6f408f5c3bc573b957cd,ANALYTIC_MERTON,LONG_ONLY_FULL,0.01,15,7,600,2.1181854882076263,0.4812934966175245,COMPLETED,0.01753447033071786,0.1002288327867847,0.06572561589753552,0.13560455865106905,0.8912809906304541,0.0,0.8381493937007954,0.022017998996257532,0.0,0.0,2026-09-21T07:23:06.681821+00:00
95fdd45d9e3313797c93bd14131873c08638415b7b43e8baf8eee8a3439b41aa,ANALYTIC_MERTON,LONG_ONLY_CAP50,0.01,15,8,600,2.1181854882076263,0.4812934966175245,COMPLETED,0.010152711861200052,0.04434760172684949,0.031697796364659,0.06746576919305967,0.9527756858159602,0.0,0.38244387647949024,0.010694385409272094,0.0,0.0,2026-09-21T07:23:08.635499+00:00
1ce66c460210601070494e4972a4bfaaaddc07df05e39f4de838c0232c7a0d55,ANALYTIC_MERTON,LONG_ONLY_FULL,0.01,15,8,600,2.1181854882076263,0.4812934966175245,COMPLETED,0.018800929994736832,0.09456358045079201,0.06431828036400106,0.1396707738376732,0.8979267014136967,0.0,0.8381384724074863,0.02177423763763692,0.0,0.0,2026-09-21T07:23:08.618778+00:00
d4d939e0c316dcbf30f1493c0d7914e4ee468a441efe5814b4590332aa43a3da,ANALYTIC_MERTON,LONG_ONLY_CAP50,0.01,15,9,600,2.1181854882076263,0.4812934966175245,COMPLETED,0.008741502280834342,0.04982524442231866,0.03774279684364187,0.06808560319332072,0.9426102771405087,0.0,0.3817632516283213,0.010846082894496683,0.0,0.0,2026-09-21T07:23:13.153639+00:00
f5668a55f92d1deb37df010570decab156cf59c439ef13a6df936e73a00ec699,ANALYTIC_MERTON,LONG_ONLY_FULL,0.01,15,9,600,2.1181854882076263,0.4812934966175245,COMPLETED,0.01612852466737405,0.10534203064899995,0.07474005860333269,0.1404618708974114,0.8892763662896591,0.0,0.837198304880389,0.02205191062641089,0.0,0.0,2026-09-21T07:23:13.136718+00:00
4aaa1b37301e143f3b035bfa81842730a27c1a35901c6dcde2abb314a467eca8,ANALYTIC_MERTON,LONG_ONLY_CAP50,0.01,15,10,600,2.1181854882076263,0.4812934966175245,COMPLETED,0.011414479442031581,0.04210937823366302,0.03041396023876917,0.06477311048270448,0.952097270243364,0.0,0.38155081219124,0.010826367978336802,0.0,0.0,2026-09-21T07:23:09.821342+00:00
46e131b78c4a3458988b4f520c4474e03d59493c3c5accbe23923b7e7b01c2f4,ANALYTIC_MERTON,LONG_ONLY_FULL,0.01,15,10,600,2.1181854882076263,0.4812934966175245,COMPLETED,0.02177339829455779,0.09165470739747612,0.06245609227472681,0.1328915655445284,0.8988852577120598,0.0,0.8368766693039228,0.02206012075284284,0.0,0.0,2026-09-21T07:23:09.804795+00:00
84152061260f0fb45faf00ce458a2c29f9e38f5520ff97ee576942ed78dc4b65,ANALYTIC_MERTON,LONG_ONLY_CAP50,0.01,15,11,600,2.1181854882076263,0.4812934966175245,COMPLETED,0.009695766515591694,0.04592152452695598,0.035312446513758054,0.06516870055680672,0.9496306983942224,0.0,0.38150811067598533,0.010852291145702287,0.0,0.0,2026-09-21T07:23:21.680501+00:00
aee3f3aa6cb681bf36d9cf837481eea421c49580ac3265220fc09489eb21d69e,ANALYTIC_MERTON,LONG_ONLY_FULL,0.01,15,11,600,2.1181854882076263,0.4812934966175245,COMPLETED,0.018789088780463686,0.09730288560365166,0.06950153873947577,0.13614941884658888,0.8933877313593975,0.0,0.8367743784469166,0.02216242159146824,0.0,0.0,2026-09-21T07:23:21.663942+00:00
12add8aa5340053852646d156a3ed40855df2c53820b081874a9953e68020088,ANALYTIC_MERTON,LONG_ONLY_CAP50,0.01,15,12,600,2.1181854882076263,0.4812934966175245,COMPLETED,0.010244495724973665,0.045069833403646044,0.03016850571719914,0.06854530628912303,0.9480260185868754,0.0,0.38211904991464296,0.010766858833318373,0.0,0.0,2026-09-21T07:23:23.882263+00:00
e8ee21b315b2bb558aab5b9f912c291f261de7407ef30ecb10167e3457ccfa9e,ANALYTIC_MERTON,LONG_ONLY_FULL,0.01,15,12,600,2.1181854882076263,0.4812934966175245,COMPLETED,0.0199535748337226,0.09239952879365355,0.06192722637337754,0.1434452658511007,0.8942462894222731,0.0,0.8376412848214954,0.021963666612842984,0.0,0.0,2026-09-21T07:23:23.865125+00:00
13c61dca2e605df4c17b7ff37ad33679a860c7edf4493d92339e8f90f8f7d15d,ANALYTIC_MERTON,LONG_ONLY_CAP50,0.01,15,13,600,2.1181854882076263,0.4812934966175245,COMPLETED,0.009768993413121844,0.042838367442942636,0.027716686048372935,0.0698769704557062,0.9514943505263165,0.0,0.38188940673815475,0.010845691645732064,0.0,0.0,2026-09-21T07:23:28.279394+00:00
7ab606675abba97a813029498c5a4fe8166eb27b71dc88e90645ddfe47eae9f3,ANALYTIC_MERTON,LONG_ONLY_FULL,0.01,15,13,600,2.1181854882076263,0.4812934966175245,COMPLETED,0.01822494437502964,0.09331205523475297,0.060622268078830706,0.14102728186766478,0.8941740850419985,0.0,0.8372650580111857,0.02218523759179472,0.0,0.0,2026-09-21T07:23:28.262125+00:00
2c453ec636d2f44910a42dcf8fb51bbb33518d33a9f5ec5489efb96b1b51bc81,ANALYTIC_MERTON,LONG_ONLY_CAP50,0.01,15,14,600,2.1181854882076263,0.4812934966175245,COMPLETED,0.01054610303200288,0.044370751957108275,0.03145637233669987,0.06789529623873135,0.9498529705461372,0.0,0.3818386138050639,0.01075314865122216,0.0,0.0,2026-09-21T07:23:25.165228+00:00
f4f0f1dc40bdca8841c748a2a4597f38a30a7f942701057036b0c1d249f8ef95,ANALYTIC_MERTON,LONG_ONLY_FULL,0.01,15,14,600,2.1181854882076263,0.4812934966175245,COMPLETED,0.020585398017042792,0.09471753642769772,0.06969227196456503,0.1376260047281339,0.8994784230337627,0.0,0.8372020181760133,0.022018767834801767,0.0,0.0,2026-09-21T07:23:25.148045+00:00
07cfa9a50602e8e007b9e74984d4136c31b3fd7e54c34ad3ba80227ee5f1a03b,ANALYTIC_MERTON,LONG_ONLY_CAP50,0.01,16,0,600,2.1181854882076263,0.4812934966175245,COMPLETED,0.009230434297905639,0.049471392021747884,0.03697654920881437,0.07087526256086271,0.9453427632525663,0.0,0.38224219583075314,0.010693843204441071,0.0,0.0,2026-09-21T07:23:36.629729+00:00
e94a0470bcb9500d2a0024a6c5fb9f0180d7c03f4c475dcb4f19661ab63e0f06,ANALYTIC_MERTON,LONG_ONLY_FULL,0.01,16,0,600,2.1181854882076263,0.4812934966175245,COMPLETED,0.017514592330510385,0.1052199064636349,0.07866891924407007,0.1427931053563125,0.8882894999615223,0.0,0.8378671167476474,0.021758794395066793,0.0,0.0,2026-09-21T07:23:36.613276+00:00
7208ad487379c9086414865caf0e2dccc773af29a12809f8689d112075dfb302,ANALYTIC_MERTON,LONG_ONLY_CAP50,0.01,16,1,600,2.1181854882076263,0.4812934966175245,COMPLETED,0.01064384959706578,0.04678985376731682,0.03207795863665786,0.07240462549660683,0.9481565939750203,0.0,0.381919368763328,0.010725465634875041,0.0,0.0,2026-09-21T07:23:39.694468+00:00
d88967aa52519082f4d08de4e20a789377b80e21bbe5ef412437dae94e9d096c,ANALYTIC_MERTON,LONG_ONLY_FULL,0.01,16,1,600,2.1181854882076263,0.4812934966175245,COMPLETED,0.020310638647111787,0.09800355497967192,0.06523315162620225,0.14784230054984163,0.888180115589866,0.0,0.8374823233055514,0.021753473869955818,0.0,0.0,2026-09-21T07:23:39.677729+00:00
fc9cc3b43e50ad4ef56f74684926a25bb67a4b7abdce108f62ed559288e0ce9c,ANALYTIC_MERTON,LONG_ONLY_CAP50,0.01,16,2,600,2.1181854882076263,0.4812934966175245,COMPLETED,0.010671520407727307,0.04231304737210176,0.03322935373631014,0.06820955769377894,0.953315270672487,0.0,0.3816494654594447,0.010725631773265333,0.0,0.0,2026-09-21T07:23:43.527436+00:00
7e34fe822291fa5da9a94b855b8a2cda039ef829c49dff519fcda29a1cc83f01,ANALYTIC_MERTON,LONG_ONLY_FULL,0.01,16,2,600,2.1181854882076263,0.4812934966175245,COMPLETED,0.020232670029656705,0.08979308240695302,0.06733960574645297,0.1415145341080628,0.9056425422361383,0.0,0.8370819637871745,0.02178656669994959,0.0,0.0,2026-09-21T07:23:43.510524+00:00
0f0696f5e91947904e95499c8e0e6a54e3547e7ea715c659e0d4425569f2924c,ANALYTIC_MERTON,LONG_ONLY_CAP50,0.01,16,3,600,2.1181854882076263,0.4812934966175245,COMPLETED,0.009860486252614735,0.04738078049312116,0.033900640670165974,0.06790436642562746,0.946773963391348,0.0,0.3821295335057163,0.01087748636581372,0.0,0.0,2026-09-21T07:23:40.383278+00:00
4c6c601674fa061a7b882773d363d94ee042d7a54ba1137d3d5303e7aa5d7f20,ANALYTIC_MERTON,LONG_ONLY_FULL,0.01,16,3,600,2.1181854882076263,0.4812934966175245,COMPLETED,0.019193293438306884,0.09952072824592348,0.06915668715967586,0.140755229018575,0.8948064853199994,0.0,0.8376187768462307,0.022187872811422676,0.0,0.0,2026-09-21T07:23:40.366323+00:00
091c97272fc96d97d11f049547c3f6b09db66718cfb2031e8ec86886cdf9f2de,ANALYTIC_MERTON,LONG_ONLY_CAP50,0.01,16,4,600,2.1181854882076263,0.4812934966175245,COMPLETED,0.010838542982636779,0.0446653059951098,0.032940228144335025,0.0682060138623723,0.9480593647281051,0.0,0.38296930990799904,0.010604321958465827,0.0,0.0,2026-09-21T07:23:51.712405+00:00
973cae9b49f9e7ae1ee9f9b7ddb6a73125bc20b9b851d73315e81fd3b0ba06bf,ANALYTIC_MERTON,LONG_ONLY_FULL,0.01,16,4,600,2.1181854882076263,0.4812934966175245,COMPLETED,0.02111714641179346,0.09427140790069788,0.06213539640591536,0.13855015845500016,0.8929631325330145,0.0,0.8389308627370621,0.02150582440474804,0.0,0.0,2026-09-21T07:23:51.694575+00:00
aae03d29ed0920a2009bbc0b67713357d9f1f5092bce470bceae492c4500eb01,ANALYTIC_MERTON,LONG_ONLY_CAP50,0.01,16,5,600,2.1181854882076263,0.4812934966175245,COMPLETED,0.010883841944359929,0.044394294535922,0.029454078186810635,0.06654234395879025,0.9503690256804872,0.0,0.38171793360351625,0.010774699141893789,0.0,0.0,2026-09-21T07:23:55.039714+00:00
212f5ce38ceb2d59bed62215358ba1e2e9d18cc590bb66e58240504a61963194,ANALYTIC_MERTON,LONG_ONLY_FULL,0.01,16,5,600,2.1181854882076263,0.4812934966175245,COMPLETED,0.020356024398336274,0.09604364364730451,0.06911886458196478,0.13672317995341596,0.8988770539313083,0.0,0.8371429871235357,0.02190802202223622,0.0,0.0,2026-09-21T07:23:55.022436+00:00
4b261ffba1fbf4112ca782885f254b1f323b5f83f7a53cd222939c5924e671b7,ANALYTIC_MERTON,LONG_ONLY_CAP50,0.01,16,6,600,2.1181854882076263,0.4812934966175245,COMPLETED,0.009525717579674771,0.04742484099022681,0.03284785501229143,0.06516124574740097,0.9469968253825095,0.0,0.38180678241710825,0.010890549092701936,0.0,0.0,2026-09-21T07:23:58.608612+00:00
62f168889f9e9bb5a3e37cb6a3ecfa2559ba481cc44305defec26352c3fae28b,ANALYTIC_MERTON,LONG_ONLY_FULL,0.01,16,6,600,2.1181854882076263,0.4812934966175245,COMPLETED,0.01793650862880356,0.10055279648419752,0.06886009945786917,0.13500479591622425,0.8870485394209696,0.0,0.8372167989971082,0.02216915524650547,0.0,0.0,2026-09-21T07:23:58.592227+00:00
8e9d59179d843b05d6fcc03483a948aedf66ce1ac91a45d3d53c2f4711041277,ANALYTIC_MERTON,LONG_ONLY_CAP50,0.01,16,7,600,2.1181854882076263,0.4812934966175245,COMPLETED,0.00982462703109276,0.046280837352344076,0.03368182718717183,0.06624902252034448,0.9473404520635006,0.0,0.38155109013347693,0.01082227863813374,0.0,0.0,2026-09-21T07:23:56.087345+00:00
8033bd468fe0df5c8239109c6d752071d8c3f380e13de654626e7e72726e61aa,ANALYTIC_MERTON,LONG_ONLY_FULL,0.01,16,7,600,2.1181854882076263,0.4812934966175245,COMPLETED,0.01848223730661704,0.09747884855899427,0.06910061285010799,0.14019952404465258,0.8958184920665806,0.0,0.8368946893429339,0.022023724132475164,0.0,0.0,2026-09-21T07:23:56.070489+00:00
802387cd2c72a75a7046783810a23c17d0934e4d211df9cb3c32e0016e4ccbe2,ANALYTIC_MERTON,LONG_ONLY_CAP50,0.01,16,8,600,2.1181854882076263,0.4812934966175245,COMPLETED,0.011914176777837434,0.04382174915582363,0.028476515201952837,0.06768580184660807,0.9480056288053542,0.0,0.3819223325397843,0.010810186425749628,0.0,0.0,2026-09-21T07:24:07.103249+00:00
471e8aa9cd2442b84ed3c693694f2668bcc4d15e8f779b4b17c2b5e9bd864d3c,ANALYTIC_MERTON,LONG_ONLY_FULL,0.01,16,8,600,2.1181854882076263,0.4812934966175245,COMPLETED,0.022461762059147627,0.09380526984500102,0.06275840010706646,0.1402979596867913,0.8974997732667669,0.0,0.8373493558917781,0.022062553300128407,0.0,0.0,2026-09-21T07:24:07.086276+00:00
fed64094e403d681574c07277ff8faf1d6e278ea1dda102100bf7a447ad31cfa,ANALYTIC_MERTON,LONG_ONLY_CAP50,0.01,16,9,600,2.1181854882076263,0.4812934966175245,COMPLETED,0.010190533880793922,0.04949272089118801,0.03729796581438312,0.06791023833108867,0.9466259641118207,0.0,0.3825210998819068,0.010744906581516145,0.0,0.0,2026-09-21T07:24:10.180967+00:00
6b7753a68787c74960bd3e6e8a7d56ab33f939ae6e9318136271cfbfdd280d23,ANALYTIC_MERTON,LONG_ONLY_FULL,0.01,16,9,600,2.1181854882076263,0.4812934966175245,COMPLETED,0.019728627661799367,0.1015180206430882,0.07212541977023154,0.13809985766745156,0.8942329630996891,0.0,0.8381648172952015,0.021954032431419784,0.0,0.0,2026-09-21T07:24:10.164416+00:00
c7d96a341febcad65d6c703c708e7f24201a5318c7d2392f9f416575cbec6283,ANALYTIC_MERTON,LONG_ONLY_CAP50,0.01,16,10,600,2.1181854882076263,0.4812934966175245,COMPLETED,0.01161126770746354,0.04570567894404091,0.03295532527089321,0.06677071726768731,0.9512362171389123,0.0,0.3813307021382448,0.01086618034889093,0.0,0.0,2026-09-21T07:24:14.065496+00:00
a1eb36c5dfd6b6766cd9302cb35552186f4a2ae576181a01925036a616075e1d,ANALYTIC_MERTON,LONG_ONLY_FULL,0.01,16,10,600,2.1181854882076263,0.4812934966175245,COMPLETED,0.02226859241389036,0.09660423270720837,0.06090605767229584,0.1372168285459103,0.8970302544154319,0.0,0.8365504932841432,0.022157201838149586,0.0,0.0,2026-09-21T07:24:14.048311+00:00
45791266f98ea96eef229f5403661b5039bfda462073d199c806699e632789c8,ANALYTIC_MERTON,LONG_ONLY_CAP50,0.01,16,11,600,2.1181854882076263,0.4812934966175245,COMPLETED,0.00992175536074406,0.047907306442703246,0.03332791914861393,0.06997116973374065,0.9466985285112594,0.0,0.3809179082724556,0.011007694793009804,0.0,0.0,2026-09-21T07:24:11.192868+00:00
eda0972ec26657c4c302d6aa0e8eb0ea6949f86eaa79bd0e75d21d488548ba3b,ANALYTIC_MERTON,LONG_ONLY_FULL,0.01,16,11,600,2.1181854882076263,0.4812934966175245,COMPLETED,0.018740905553908945,0.09957579434987932,0.07246206065530197,0.1419429137059283,0.8952735284727735,0.0,0.8358928864981879,0.02252627533568294,0.0,0.0,2026-09-21T07:24:11.176322+00:00
a3e91e60380c8b5441979d9ed26ab39ede231db0003656e3d2d34badf6c37fb4,ANALYTIC_MERTON,LONG_ONLY_CAP50,0.01,16,12,600,2.1181854882076263,0.4812934966175245,COMPLETED,0.009566633577705295,0.048432457825260844,0.036045824451508016,0.06791418600480957,0.947719445192697,0.0,0.38211233419013285,0.010844662627115718,0.0,0.0,2026-09-21T07:24:22.139685+00:00
824416eac91b0e94347a235c54c697e1caebc6ae7b7e6085568f3fa19ebce8e0,ANALYTIC_MERTON,LONG_ONLY_FULL,0.01,16,12,600,2.1181854882076263,0.4812934966175245,COMPLETED,0.018089036675129167,0.10015868727720419,0.07536565318180036,0.14195236874089534,0.8950093156633211,0.0,0.8376940711323951,0.022008676046252687,0.0,0.0,2026-09-21T07:24:22.122655+00:00
97ae782ec88009568d1d213bde4a90515ad2c2855b7ca078475f5095a11eb748,ANALYTIC_MERTON,LONG_ONLY_CAP50,0.01,16,13,600,2.1181854882076263,0.4812934966175245,COMPLETED,0.011060361211116575,0.04427682424472826,0.033081938792583844,0.06667777274193558,0.9506932955532802,0.0,0.3824054856041349,0.010752487879466808,0.0,0.0,2026-09-21T07:24:25.266901+00:00
f40fdd4c4734b3c765e38e19ca4764ba1efe1ee4270f74e6b95d94746fd44fdc,ANALYTIC_MERTON,LONG_ONLY_FULL,0.01,16,13,600,2.1181854882076263,0.4812934966175245,COMPLETED,0.021628592310780233,0.09288239887953416,0.07142104443519098,0.1384667632383878,0.8990733511774146,0.0,0.8380706842477864,0.02188551489563001,0.0,0.0,2026-09-21T07:24:25.249507+00:00
189e6b5c828017c54b5dd5220a9aabd93ee1fececb1f13bc1931435eeb9a5674,ANALYTIC_MERTON,LONG_ONLY_CAP50,0.01,16,14,600,2.1181854882076263,0.4812934966175245,COMPLETED,0.011157104525434346,0.04401163684933696,0.03108325084027251,0.0649876396589141,0.9490202723213174,0.0,0.381823868092244,0.01093156442016444,0.0,0.0,2026-09-21T07:24:29.831450+00:00
af375c956eb4f6395fa7ca7546dfe5f72298bc887d0a21726cccb0881735b0b4,ANALYTIC_MERTON,LONG_ONLY_FULL,0.01,16,14,600,2.1181854882076263,0.4812934966175245,COMPLETED,0.020993397935957073,0.0910511131499871,0.06188467067768595,0.13617299450383072,0.8988224056681324,0.0,0.8371531677121212,0.022357299624391102,0.0,0.0,2026-09-21T07:24:29.814483+00:00
c9c0c14199cc77dc61b17bd29364e52cadb0e0b4e726e6c70c0b778c484e765b,ANALYTIC_MERTON,LONG_ONLY_CAP50,0.01,17,0,600,2.1181854882076263,0.4812934966175245,COMPLETED,0.011494532153291478,0.04562485642843819,0.033388407531760804,0.06629172873119271,0.9509775006630475,0.0,0.3820588667890039,0.01089011155475105,0.0,0.0,2026-09-21T07:24:26.622316+00:00
4681c1e0a6c1a803b315249648a0d7bc236759feea91ff648f5e81ca46144bf5,ANALYTIC_MERTON,LONG_ONLY_FULL,0.01,17,0,600,2.1181854882076263,0.4812934966175245,COMPLETED,0.021532881015497156,0.09797763178260464,0.06926367771293623,0.13972973953208384,0.8998385720574115,0.0,0.8373979202052529,0.02237973291572756,0.0,0.0,2026-09-21T07:24:26.605508+00:00
bd4ef9c417869c60ac83061cfee9bc5385e086cd9636212ade605f72d0f58864,ANALYTIC_MERTON,LONG_ONLY_CAP50,0.01,17,1,600,2.1181854882076263,0.4812934966175245,COMPLETED,0.010283277206198094,0.045047154007991634,0.0335170554693989,0.06738022394763589,0.9478240100824389,0.0,0.38276911164008787,0.010608497645423825,0.0,0.0,2026-09-21T07:24:37.376631+00:00
826b83ba274d3ded118688888a7ea182bfd6eefc6e324ba37c6276cbcf675c4f,ANALYTIC_MERTON,LONG_ONLY_FULL,0.01,17,1,600,2.1181854882076263,0.4812934966175245,COMPLETED,0.019942067952826145,0.09667888905096016,0.06446937184422519,0.13886853697108895,0.89624346096996,0.0,0.838632445811825,0.021559006372969723,0.0,0.0,2026-09-21T07:24:37.359578+00:00
a9dee725710d3bb165a479ad968bef1c1add6b57ab914aeac29d745ebc7defdd,ANALYTIC_MERTON,LONG_ONLY_CAP50,0.01,17,2,600,2.1181854882076263,0.4812934966175245,COMPLETED,0.010569821617238967,0.045517596106025994,0.0301061976373286,0.06689265058591291,0.9439489443514714,0.0,0.3824579107770938,0.010732551506840706,0.0,0.0,2026-09-21T07:24:40.630232+00:00
db04044ad8b3836beb7a0ea5d8923a4d60a871a7f5dfd65c9563d99396cfbe38,ANALYTIC_MERTON,LONG_ONLY_FULL,0.01,17,2,600,2.1181854882076263,0.4812934966175245,COMPLETED,0.020385465800378075,0.09504831917885574,0.06402617030124173,0.139221394086413,0.8911069078944313,0.0,0.83819635940994,0.021782434138361954,0.0,0.0,2026-09-21T07:24:40.613503+00:00
6400f2a7c43ad94473a4a133739829c139d3fa0a3188b9e9bdb21c64f82e4f1b,ANALYTIC_MERTON,LONG_ONLY_CAP50,0.01,17,3,600,2.1181854882076263,0.4812934966175245,COMPLETED,0.009390427587407222,0.04971364414153435,0.039177076418539694,0.06683770521480215,0.9476949804073028,0.0,0.38100904348829345,0.01096848644477631,0.0,0.0,2026-09-21T07:24:45.150250+00:00
63d129b606103cb98adfab586107f60b7ffdd362e048e6313daf2a932cddd07d,ANALYTIC_MERTON,LONG_ONLY_FULL,0.01,17,3,600,2.1181854882076263,0.4812934966175245,COMPLETED,0.017893478754640244,0.10462494674497065,0.07907265651827011,0.1379901966100857,0.8907123088589524,0.0,0.8360392818038127,0.02243610597698961,0.0,0.0,2026-09-21T07:24:45.133648+00:00
d6269950bd91bfedc00bc409b853955bee863020a565410963286c473ad3a733,ANALYTIC_MERTON,LONG_ONLY_CAP50,0.01,17,4,600,2.1181854882076263,0.4812934966175245,COMPLETED,0.008776407318384527,0.04550956180332447,0.03409820978430966,0.06942378673749915,0.9491717011968068,0.0,0.3819629462569255,0.010833882695091711,0.0,0.0,2026-09-21T07:24:42.055780+00:00
457a7c83271ada40c1379d35652ca1272e2d9c145bb392cf60c9460e757da570,ANALYTIC_MERTON,LONG_ONLY_FULL,0.01,17,4,600,2.1181854882076263,0.4812934966175245,COMPLETED,0.01596514500415443,0.10009115334028314,0.0795927555255055,0.1419405062499609,0.8950391043977491,0.0,0.8374044894769774,0.02211423820628056,0.0,0.0,2026-09-21T07:24:42.039007+00:00
adc5166e18bfa82f29dddee3e2547ad8f3d1f5f5042bb1c850a10ed9d97d7922,ANALYTIC_MERTON,LONG_ONLY_CAP50,0.01,17,5,600,2.1181854882076263,0.4812934966175245,COMPLETED,0.010877500589005698,0.04465164385316096,0.028113098681024747,0.07037072256518324,0.9482685929487903,0.0,0.38185779723804886,0.010856348129448634,0.0,0.0,2026-09-21T07:24:52.531352+00:00
02509ca1a4680a18c3a5b3457f863d13c10565996cdb7d90105fe20cd20d7a76,ANALYTIC_MERTON,LONG_ONLY_FULL,0.01,17,5,600,2.1181854882076263,0.4812934966175245,COMPLETED,0.020102488745056775,0.09415880918708294,0.05915603395815302,0.14825034796417902,0.8932665404499448,0.0,0.8372555693596674,0.02215379064722306,0.0,0.0,2026-09-21T07:24:52.514757+00:00
9e8139c3530e8701c7b1478ca51cd08d6fd85f0077fb38aaedb9f818d23600dd,ANALYTIC_MERTON,LONG_ONLY_CAP50,0.01,17,6,600,2.1181854882076263,0.4812934966175245,COMPLETED,0.011775868255069669,0.04376498717365793,0.030787041228521782,0.06630864022489506,0.9504706541919516,0.0,0.38221327900831426,0.010832554892391613,0.0,0.0,2026-09-21T07:24:56.216281+00:00
4bcd3ce79839706ec43009ebbb98dae575b46f286a6d4e789bd476c1ef84dea8,ANALYTIC_MERTON,LONG_ONLY_FULL,0.01,17,6,600,2.1181854882076263,0.4812934966175245,COMPLETED,0.022469603365562398,0.09291509572462915,0.06333938920441563,0.13855005355406644,0.8982021848834785,0.0,0.8377930794592193,0.022052815442631206,0.0,0.0,2026-09-21T07:24:56.199070+00:00
4cac3146da5a21f9b274734e8e97187f4ebaf2ae7921dbe7149f887810011fa5,ANALYTIC_MERTON,LONG_ONLY_CAP50,0.01,17,7,600,2.1181854882076263,0.4812934966175245,COMPLETED,0.009632057994414162,0.041201683256755585,0.027548480577904808,0.066046485879626,0.9552692781763448,0.0,0.38198176199031697,0.010744892969175801,0.0,0.0,2026-09-21T07:25:00.330695+00:00
a33d4ad2ad28913cc083b8d0a6d09fc9a36513962d9f1c13ea42d8364b628a3a,ANALYTIC_MERTON,LONG_ONLY_FULL,0.01,17,7,600,2.1181854882076263,0.4812934966175245,COMPLETED,0.018474702834387322,0.08649199385599264,0.058305797986669905,0.1384097409616188,0.9025096876088734,0.0,0.8374730027771432,0.021910450908889125,0.0,0.0,2026-09-21T07:25:00.313779+00:00
bb1d0d84470e27b429865556c04f7ab04a6ee97acc5200fd95e5f727cc3e059e,ANALYTIC_MERTON,LONG_ONLY_CAP50,0.01,17,8,600,2.1181854882076263,0.4812934966175245,COMPLETED,0.010016766875160394,0.046552917922058665,0.02990763184776242,0.06944504889049913,0.9466570427958215,0.0,0.3814705541604344,0.010897918637821429,0.0,0.0,2026-09-21T07:24:57.343741+00:00
637b7012f7ccdea6b0dde64dec89a5be552074f23c25da520fe34638c3868cfa,ANALYTIC_MERTON,LONG_ONLY_FULL,0.01,17,8,600,2.1181854882076263,0.4812934966175245,COMPLETED,0.01880748825687316,0.09690373537693983,0.062346893382520675,0.1398274982033801,0.8963071248451988,0.0,0.8367461674982557,0.02220428950829526,0.0,0.0,2026-09-21T07:24:57.326361+00:00
9a41c85cd75503f5218c7d7409007b8314e0ef31d05cb60d5e0010d7c1366880,ANALYTIC_MERTON,LONG_ONLY_CAP50,0.01,17,9,600,2.1181854882076263,0.4812934966175245,COMPLETED,0.011912371216877642,0.04056596317499876,0.027792725383145124,0.06591987742449036,0.9530693685126298,0.0,0.3805364744214637,0.010886714309849119,0.0,0.0,2026-09-21T07:25:08.001107+00:00
37af1a81a36015cfe6ac9863352c01727f6378027201d0f9977a3b7973b48162,ANALYTIC_MERTON,LONG_ONLY_FULL,0.01,17,9,600,2.1181854882076263,0.4812934966175245,COMPLETED,0.02267456584276519,0.08602387931791519,0.05662191454153578,0.1360280111034656,0.8978426549554167,0.0,0.8353675468501371,0.022322356493585795,0.0,0.0,2026-09-21T07:25:07.984671+00:00
762cfc653789bd1b7752dbc5e0cd48e72fed464cbdea93076e030d5068722967,ANALYTIC_MERTON,LONG_ONLY_CAP50,0.01,17,10,600,2.1181854882076263,0.4812934966175245,COMPLETED,0.009454031197238071,0.04603762997090233,0.0318921119716869,0.06885032490124389,0.9490969971584767,0.0,0.38159946093965247,0.010865043974281785,0.0,0.0,2026-09-21T07:25:11.600833+00:00
55a91c82767faaf7437ad04b7da9457c7620fb4e56b491ce7f75a0204937d7ea,ANALYTIC_MERTON,LONG_ONLY_FULL,0.01,17,10,600,2.1181854882076263,0.4812934966175245,COMPLETED,0.018365478183210313,0.09297215967493454,0.06126656861443771,0.1408826013833778,0.8968334313072687,0.0,0.836909892924771,0.022163450710178084,0.0,0.0,2026-09-21T07:25:11.584021+00:00
b27873391aca16e34862b279af9f9c34bc0e7d438c7d33ebba66039859cfc21d,ANALYTIC_MERTON,LONG_ONLY_CAP50,0.01,17,11,600,2.1181854882076263,0.4812934966175245,COMPLETED,0.010752775513978675,0.04480814642123431,0.035721468032586835,0.0654959328743739,0.9505999357538917,0.0,0.3814775825687481,0.010840385985515955,0.0,0.0,2026-09-21T07:25:16.310381+00:00
fbd97def078130728d7a90b37609538eeaf5ccdcf893427438d2d08bef2e0b71,ANALYTIC_MERTON,LONG_ONLY_FULL,0.01,17,11,600,2.1181854882076263,0.4812934966175245,COMPLETED,0.021007649378997736,0.09531571083827951,0.06695696818249089,0.13555474187910538,0.8981611609069908,0.0,0.8367921155472613,0.022055703955327556,0.0,0.0,2026-09-21T07:25:16.292849+00:00
7e91c634e723364cbf34b6718c1c05304239755723ff2dca789c92a8f14cdb87,ANALYTIC_MERTON,LONG_ONLY_CAP50,0.01,17,12,600,2.1181854882076263,0.4812934966175245,COMPLETED,0.010092703543811312,0.04808834753200713,0.03541248495199713,0.06836722148955073,0.9437257700044379,0.0,0.38087902678995056,0.0109764484623867,0.0,0.0,2026-09-21T07:25:12.572512+00:00
9c779a94207f4f5c6a867d7239379aace7c867d7383bee87ee19d923796128cb,ANALYTIC_MERTON,LONG_ONLY_FULL,0.01,17,12,600,2.1181854882076263,0.4812934966175245,COMPLETED,0.019453978980836045,0.0995943657714198,0.07515609092375286,0.1414308083720155,0.8896426443146099,0.0,0.8358644426787663,0.022429547426706026,0.0,0.0,2026-09-21T07:25:12.555702+00:00
82b126aa0f1fe0304ae2433a14b6c3b61b15ca2de78f612b8787933c4aff4d8b,ANALYTIC_MERTON,LONG_ONLY_CAP50,0.01,17,13,600,2.1181854882076263,0.4812934966175245,COMPLETED,0.009721313362709528,0.04462745771346192,0.025998207289813276,0.06760549882209763,0.9473438706657265,0.0,0.3818428917554399,0.010860513029921949,0.0,0.0,2026-09-21T07:25:23.376646+00:00
97d0d6d69fa6e7c179c2697f585b483456b47cb8f82b22057ccd81fdc5f49e85,ANALYTIC_MERTON,LONG_ONLY_FULL,0.01,17,13,600,2.1181854882076263,0.4812934966175245,COMPLETED,0.018872330450539033,0.09462637422598405,0.062064177122090794,0.14176382789702888,0.8903772595471137,0.0,0.8373135075209165,0.02204925202791577,0.0,0.0,2026-09-21T07:25:23.359835+00:00
77c0de9876ab3b8ac396ba6642dd006585eba187371a1709e0111c5b65b0119d,ANALYTIC_MERTON,LONG_ONLY_CAP50,0.01,17,14,600,2.1181854882076263,0.4812934966175245,COMPLETED,0.009716105090353068,0.04859135648382892,0.0369632610470626,0.0671534746186243,0.9461994451937451,0.0,0.38215037918096467,0.010599947261417204,0.0,0.0,2026-09-21T07:25:26.649485+00:00
5285e5f348c5a56e8b591c777da6439d0bdabc7211b7c75918a7cebeb3dcd346,ANALYTIC_MERTON,LONG_ONLY_FULL,0.01,17,14,600,2.1181854882076263,0.4812934966175245,COMPLETED,0.018629232031763608,0.10381602324585242,0.07862856686236654,0.14161931302396852,0.8889770683533926,0.0,0.8377105115284299,0.021664055985906545,0.0,0.0,2026-09-21T07:25:26.632817+00:00
ccf9df627c1603a85be8424304ee23e4331e30132b45b239248a508c747875c6,ANALYTIC_MERTON,LONG_ONLY_CAP50,0.01,18,0,600,2.1181854882076263,0.4812934966175245,COMPLETED,0.009967331479381168,0.04945872940160133,0.03524568942853825,0.07222206030642686,0.9472958011075652,0.0,0.3813932092446784,0.010876351087862335,0.0,0.0,2026-09-21T07:25:31.521767+00:00
920c4ed954811b92d2efa3192403b0abcd962bc21b3d45377dc9c8b442d8d653,ANALYTIC_MERTON,LONG_ONLY_FULL,0.01,18,0,600,2.1181854882076263,0.4812934966175245,COMPLETED,0.019384426606433556,0.10316803437200445,0.07512271944798539,0.14649916384638165,0.8931831425368676,0.0,0.8366268031822184,0.022194998833444838,0.0,0.0,2026-09-21T07:25:31.504527+00:00
92f3da152868179108692b191ae20de6dacd8c40fd6eb486c5d43b330a6ffcdb,ANALYTIC_MERTON,LONG_ONLY_CAP50,0.01,18,1,600,2.1181854882076263,0.4812934966175245,COMPLETED,0.010821611552940657,0.046068656007532655,0.033634694238519114,0.07093850113949278,0.9464882363906392,0.0,0.3810814858649513,0.011069412394297318,0.0,0.0,2026-09-21T07:25:27.852616+00:00
aaa11b756300c5c96542a997e7187fb1b80aa190a339eea839fbc236414356f8,ANALYTIC_MERTON,LONG_ONLY_FULL,0.01,18,1,600,2.1181854882076263,0.4812934966175245,COMPLETED,0.020423472222192523,0.09736434761902436,0.06883945071140386,0.14643652868649942,0.8933365485101676,0.0,0.8360112526997365,0.0227541016220292,0.0,0.0,2026-09-21T07:25:27.836038+00:00
dfad555f7de16f982858d4eebff265056b882b9b9b244fc4499c57e55af7c53a,ANALYTIC_MERTON,LONG_ONLY_CAP50,0.01,18,2,600,2.1181854882076263,0.4812934966175245,COMPLETED,0.010964880657347348,0.048073661948644854,0.03333703315158618,0.06842704708095732,0.9448726818413171,0.0,0.3813427031172818,0.010774481424917727,0.0,0.0,2026-09-21T07:25:38.629649+00:00
82d55ab59b0199031a39082065233248d1cd76f4aaaac8279f7bde8e8c687e69,ANALYTIC_MERTON,LONG_ONLY_FULL,0.01,18,2,600,2.1181854882076263,0.4812934966175245,COMPLETED,0.021022418445904092,0.10339792006484694,0.07794742081462543,0.14358085485719066,0.8878409228930361,0.0,0.8365629449765384,0.021996422513243977,0.0,0.0,2026-09-21T07:25:38.613300+00:00
8f0496540ff46bdd926bfb30332fdc90aa06f063720f50a38f1ff7bb391d4518,ANALYTIC_MERTON,LONG_ONLY_CAP50,0.01,18,3,600,2.1181854882076263,0.4812934966175245,COMPLETED,0.010095054707341095,0.047574137278345155,0.029453829933986635,0.06841663545490617,0.9425871150275015,0.0,0.38235180027100774,0.010820425906733442,0.0,0.0,2026-09-21T07:25:41.932959+00:00
4b32a1f5dfe7fb43b5166cdf6cc8a36649994ea81aa106603a22b0e4a8e9a426,ANALYTIC_MERTON,LONG_ONLY_FULL,0.01,18,3,600,2.1181854882076263,0.4812934966175245,COMPLETED,0.019304086813604363,0.10037495072576394,0.06527915408139862,0.1394313718777168,0.8885194169775262,0.0,0.8378961091561581,0.022143079327971493,0.0,0.0,2026-09-21T07:25:41.915791+00:00
3a15aba10540d0aba16f969a7e96bdcfea404daa82174238348c5dc504f745f1,ANALYTIC_MERTON,LONG_ONLY_CAP50,0.01,18,4,600,2.1181854882076263,0.4812934966175245,COMPLETED,0.010843913513166254,0.041534877315106786,0.03105813701165479,0.06523152267156741,0.9532470100943183,0.0,0.3820417512245916,0.010734660363569374,0.0,0.0,2026-09-21T07:25:46.790184+00:00
c607b7d48c88ede484f9d5e35f9c6053aaaad413ab344975f3cc33b57bda3173,ANALYTIC_MERTON,LONG_ONLY_FULL,0.01,18,4,600,2.1181854882076263,0.4812934966175245,COMPLETED,0.020879133064708663,0.09198908627540622,0.06514216387285526,0.13647491619365656,0.9009939379087086,0.0,0.8376010901328199,0.021815903739923877,0.0,0.0,2026-09-21T07:25:46.773517+00:00
b3447a8ea1eeb6f5fbd7992a2a7015aa6ed5461a0228fda3826c959371dcb278,ANALYTIC_MERTON,LONG_ONLY_CAP50,0.01,18,5,600,2.1181854882076263,0.4812934966175245,COMPLETED,0.012248518356477653,0.04584186898014115,0.033668527433200396,0.0684652488549399,0.9512625712514177,0.0,0.38191149305044597,0.010799495427229586,0.0,0.0,2026-09-21T07:25:42.928653+00:00
01826c86e74a7b265f5366d30f9ed0461a404a9524118265e9e7a26d12897780,ANALYTIC_MERTON,LONG_ONLY_FULL,0.01,18,5,600,2.1181854882076263,0.4812934966175245,COMPLETED,0.023224433294274746,0.09932057411132061,0.07810658537826046,0.14291253362277845,0.8982392058978891,0.0,0.8374284791836348,0.0219265335950547,0.0,0.0,2026-09-21T07:25:42.911971+00:00
627ccb64ed5843a83438ce7f2dba14d72654be624f5d55b466343cb5160373af,ANALYTIC_MERTON,LONG_ONLY_CAP50,0.01,18,6,600,2.1181854882076263,0.4812934966175245,COMPLETED,0.00881520269679499,0.047837795667910334,0.036365680928422815,0.06749645407795016,0.949863019386012,0.0,0.38131091436604514,0.010852116434130053,0.0,0.0,2026-09-21T07:25:54.118364+00:00
775f5bd3e498d0ca06fd8cea6fdb842859c87af091a4824d07010faee48122a5,ANALYTIC_MERTON,LONG_ONLY_FULL,0.01,18,6,600,2.1181854882076263,0.4812934966175245,COMPLETED,0.017442619878358354,0.10029363309123539,0.06987146885020161,0.14376745782527087,0.8946088146452593,0.0,0.8364949177336479,0.022162411827664975,0.0,0.0,2026-09-21T07:25:54.101552+00:00
5cb5aed45f01f4f14f9ec79c823ca94241e4f8a489e69e2f9f7c54e3ca6b58c8,ANALYTIC_MERTON,LONG_ONLY_CAP50,0.01,18,7,600,2.1181854882076263,0.4812934966175245,COMPLETED,0.010208104768196079,0.044407448823792,0.030149697391682224,0.06575181437695886,0.9477732316893182,0.0,0.38161061911479505,0.010695993371321055,0.0,0.0,2026-09-21T07:25:57.271029+00:00
f567b55f1641d5ff7ccaf6f5070809010362c536c31c8b89dc681cedb2b2b44b,ANALYTIC_MERTON,LONG_ONLY_FULL,0.01,18,7,600,2.1181854882076263,0.4812934966175245,COMPLETED,0.019569275010390526,0.09614292845122413,0.06799681752492343,0.13762742604566378,0.8971796149922258,0.0,0.8370521143145433,0.021726851841755122,0.0,0.0,2026-09-21T07:25:57.254024+00:00
2ea007de9af3819542519f2b353c66593dcf809a04b6d0bd0a8413f8aaff65f1,ANALYTIC_MERTON,LONG_ONLY_CAP50,0.01,18,8,600,2.1181854882076263,0.4812934966175245,COMPLETED,0.009694407388325004,0.045308627018668904,0.03516587110515032,0.06382112579823923,0.9498224749793612,0.0,0.3798794764773745,0.011073726270770932,0.0,0.0,2026-09-21T07:26:02.122597+00:00
e518200faf0dec189f6a668bf24c553a25a301a7fa76ec2718b4eb532fe8f993,ANALYTIC_MERTON,LONG_ONLY_FULL,0.01,18,8,600,2.1181854882076263,0.4812934966175245,COMPLETED,0.01837412020937153,0.09681229148792343,0.07259514527474095,0.1329948129311248,0.8928889782314217,0.0,0.8343566395924954,0.022790004333694838,0.0,0.0,2026-09-21T07:26:02.105773+00:00
e8291c763f67cbe0aa90935fe0c0cd201483872910c72e72aa835347ac4b471d,ANALYTIC_MERTON,LONG_ONLY_CAP50,0.01,18,9,600,2.1181854882076263,0.4812934966175245,COMPLETED,0.010930131856870869,0.042930175418435336,0.03014669151849267,0.06738786599756354,0.9477021621040264,0.0,0.3827117306306355,0.010629235931153997,0.0,0.0,2026-09-21T07:25:58.625291+00:00
57e2db3131006113243099aeae56667610a0240ffb038b8a024af85bf8e0ea28,ANALYTIC_MERTON,LONG_ONLY_FULL,0.01,18,9,600,2.1181854882076263,0.4812934966175245,COMPLETED,0.021453662200843892,0.08980082935632479,0.06324318340902675,0.13812036916017092,0.895105520974609,0.0,0.8384987863463248,0.021664192147279587,0.0,0.0,2026-09-21T07:25:58.607999+00:00
4241c9b0d5bfb6d4e21ddbb427e99e9f2f1446807707fe998c221d3e76204f2f,ANALYTIC_MERTON,LONG_ONLY_CAP50,0.01,18,10,600,2.1181854882076263,0.4812934966175245,COMPLETED,0.008323209888608567,0.04758349248696895,0.033482709263887356,0.06929954239911378,0.9457898473164201,0.0,0.38083269672950726,0.01093623489262864,0.0,0.0,2026-09-21T07:26:09.468038+00:00
06bc6ea6d039831180b30fdfecda93edb51769bb2f2c6023c3c6e39946bb55fe,ANALYTIC_MERTON,LONG_ONLY_FULL,0.01,18,10,600,2.1181854882076263,0.4812934966175245,COMPLETED,0.01594655490932331,0.10062339666948307,0.07155071602952207,0.14375425024795332,0.8909296338678385,0.0,0.8358962519040009,0.022253658811275986,0.0,0.0,2026-09-21T07:26:09.450967+00:00
7b023fe1ac93632723f45c088966420df88b6346fd68f1c04a9405e27d74db11,ANALYTIC_MERTON,LONG_ONLY_CAP50,0.01,18,11,600,2.1181854882076263,0.4812934966175245,COMPLETED,0.01021274118366617,0.0433827872755979,0.031958374550231185,0.06765443565816909,0.9515597930304519,0.0,0.3827705487733126,0.010663747023088317,0.0,0.0,2026-09-21T07:26:12.943756+00:00
bb866b2aa598066733fdeb139eb387f68675817a20ff5a96b3cfa65a97c72f54,ANALYTIC_MERTON,LONG_ONLY_FULL,0.01,18,11,600,2.1181854882076263,0.4812934966175245,COMPLETED,0.019515627830406508,0.08979854148748777,0.06225672775053078,0.13914200258131112,0.900200792474055,0.0,0.8385545018156748,0.021766565924978387,0.0,0.0,2026-09-21T07:26:12.926253+00:00
ca87e304305ed3b23028554411a5badcb99ba61e970241018b08a67a1cd2971f,ANALYTIC_MERTON,LONG_ONLY_CAP50,0.01,18,12,600,2.1181854882076263,0.4812934966175245,COMPLETED,0.009795579502375092,0.04461598116407581,0.027060421875222417,0.06833338930704225,0.9494270388763305,0.0,0.3824732599575378,0.010781336861061327,0.0,0.0,2026-09-21T07:26:17.282324+00:00
91ab2182e6d1fbee70d280fc11c2603041011120db04c5da83bd4fd8cda39722,ANALYTIC_MERTON,LONG_ONLY_FULL,0.01,18,12,600,2.1181854882076263,0.4812934966175245,COMPLETED,0.019231131160101923,0.09168346497387093,0.05747042389230496,0.1398285543392209,0.8931436297474564,0.0,0.8381034064581488,0.022012931488224006,0.0,0.0,2026-09-21T07:26:17.265383+00:00
cfdd8576a7c6a4da5cdb5bd2c8c3af2f95d5d625b84079af47d9a74192f4a35b,ANALYTIC_MERTON,LONG_ONLY_CAP50,0.01,18,13,600,2.1181854882076263,0.4812934966175245,COMPLETED,0.009424687053382149,0.050176604423082576,0.036045311936603625,0.06725650344353408,0.943222150681646,0.0,0.3823103240073575,0.010708274374542593,0.0,0.0,2026-09-21T07:26:14.130436+00:00
5b7f7b53e75f3326c5b45890f076df5e1887945219dbffdaf694a8e87f5bc797,ANALYTIC_MERTON,LONG_ONLY_FULL,0.01,18,13,600,2.1181854882076263,0.4812934966175245,COMPLETED,0.01748905919151692,0.1061589876254238,0.08011352016917767,0.137432518327089,0.8857962905467526,0.0,0.8379912615870352,0.021752510685143348,0.0,0.0,2026-09-21T07:26:14.113617+00:00
b4934c98173a8db987c06fb7359e060958e7301734da91379cd305f085e209da,ANALYTIC_MERTON,LONG_ONLY_CAP50,0.01,18,14,600,2.1181854882076263,0.4812934966175245,COMPLETED,0.010193492246477793,0.05112582893675875,0.033663810281972836,0.07106997829736507,0.9456502317307839,0.0,0.3820238567271288,0.010860819561652513,0.0,0.0,2026-09-21T07:26:24.928688+00:00
b5ab4702345d58da21b36946fe8b41f22460242ef620a262a462e45c4eb40481,ANALYTIC_MERTON,LONG_ONLY_FULL,0.01,18,14,600,2.1181854882076263,0.4812934966175245,COMPLETED,0.018727872027667083,0.105400192137984,0.07102708838331008,0.14600019172783146,0.8910809766923623,0.0,0.8375416582677238,0.022075309891574718,0.0,0.0,2026-09-21T07:26:24.911860+00:00
35d589526bc51b64895ce411783f29e5f9af0ce56b38738f4c2c1e88bf85aeb1,ANALYTIC_MERTON,LONG_ONLY_CAP50,0.01,19,0,600,2.1181854882076263,0.4812934966175245,COMPLETED,0.00907856920543318,0.04322052260288364,0.029102878605886694,0.06565185068422678,0.9474555909194892,0.0,0.3812224799679287,0.010874368307146628,0.0,0.0,2026-09-21T07:26:28.342913+00:00
c158ffeae17fd43a7ef3224d698802e4866a951ed8b1e726ee772c5bde975870,ANALYTIC_MERTON,LONG_ONLY_FULL,0.01,19,0,600,2.1181854882076263,0.4812934966175245,COMPLETED,0.016977630987682565,0.09273345542030195,0.06288416309721713,0.1386365093129853,0.8904058996886715,0.0,0.836395195770772,0.022181913462919013,0.0,0.0,2026-09-21T07:26:28.326197+00:00
002281bb3f2d84545893343743c74078368dc04df5d2dbd58806efd70f4f8367,ANALYTIC_MERTON,LONG_ONLY_CAP50,0.01,19,1,600,2.1181854882076263,0.4812934966175245,COMPLETED,0.010250792506762857,0.046626295263694106,0.032621020195288036,0.06744557978311708,0.9460433229229495,0.0,0.3829354284657046,0.01067104066755571,0.0,0.0,2026-09-21T07:26:32.495331+00:00
f50b64951cf5417fed95209f440d1c7403ba616add76c95db5b6061cf2fadb83,ANALYTIC_MERTON,LONG_ONLY_FULL,0.01,19,1,600,2.1181854882076263,0.4812934966175245,COMPLETED,0.01944586948727632,0.09686121735065817,0.06882787762275663,0.14029504838755166,0.8912026813437746,0.0,0.8388778373494454,0.02164388668704625,0.0,0.0,2026-09-21T07:26:32.478764+00:00
8c1474da551bf35b864c6984f30239ebe21a6b5bf0c229356022fbe2699dab3a,ANALYTIC_MERTON,LONG_ONLY_CAP50,0.01,19,2,600,2.1181854882076263,0.4812934966175245,COMPLETED,0.011250405919840183,0.04142825069858723,0.026180956299326506,0.06509195585838551,0.952514184456871,0.0,0.3818342231989574,0.010694418810797121,0.0,0.0,2026-09-21T07:26:29.400875+00:00
d85a2d5c3bc21595a129772e83e87404cf3d2569493736cba6ee3e2b5bd0ab32,ANALYTIC_MERTON,LONG_ONLY_FULL,0.01,19,2,600,2.1181854882076263,0.4812934966175245,COMPLETED,0.021344420817266126,0.08907294259608836,0.05648523408833574,0.13696072207371224,0.9022768252604779,0.0,0.8373378343811396,0.02172932793097611,0.0,0.0,2026-09-21T07:26:29.383607+00:00
521408656c26ddee5c22f3004ee2463ed4626274da10abdff15089b57b5e77bb,ANALYTIC_MERTON,LONG_ONLY_CAP50,0.01,19,3,600,2.1181854882076263,0.4812934966175245,COMPLETED,0.01003180374139223,0.04595339121209863,0.035059310667970744,0.06558276415830695,0.9490672028729819,0.0,0.38165188371096276,0.01081892811844505,0.0,0.0,2026-09-21T07:26:40.110985+00:00
f27eda532b37a89e9e88f1acd7f0a5df9ed64a0936751e8dfe418ac40dc30c6d,ANALYTIC_MERTON,LONG_ONLY_FULL,0.01,19,3,600,2.1181854882076263,0.4812934966175245,COMPLETED,0.01896816763831686,0.09614460626319768,0.06945927414350138,0.1364326533856163,0.8940532514720029,0.0,0.8370269901947615,0.02202711562396044,0.0,0.0,2026-09-21T07:26:40.094158+00:00
8445db8df4c82af36c3c1e2b7ebb4de626d504da1320ab206e803624b6d253ea,ANALYTIC_MERTON,LONG_ONLY_CAP50,0.01,19,4,600,2.1181854882076263,0.4812934966175245,COMPLETED,0.009821507587782764,0.052162968975747764,0.03475705306466204,0.06979519800244663,0.9429886427170049,0.0,0.3822514128504292,0.010821625060837472,0.0,0.0,2026-09-21T07:26:43.881901+00:00
9596644a2430c683b76d369a77542b97889a5b59a6de66a7bf4259699f7a6db9,ANALYTIC_MERTON,LONG_ONLY_FULL,0.01,19,4,600,2.1181854882076263,0.4812934966175245,COMPLETED,0.019099953886921803,0.10691727944788602,0.06555274958365682,0.14405118395098218,0.8816402128136522,0.0,0.8377496564597054,0.022144708234436445,0.0,0.0,2026-09-21T07:26:43.865276+00:00
d99dc4eab6f322ded556ff33cbc409c8cbfa6a5b42076a433ff99bc0055e257e,ANALYTIC_MERTON,LONG_ONLY_CAP50,0.01,19,5,600,2.1181854882076263,0.4812934966175245,COMPLETED,0.009967957757146727,0.04651277893698464,0.03133991330322092,0.06585578740319309,0.9474798159837468,0.0,0.3826365419930003,0.010716812280518087,0.0,0.0,2026-09-21T07:26:47.772301+00:00
b2489c76d4acdddd2ad3d5a1d70cd160397f164e5b1545c4b223dae5f034d83b,ANALYTIC_MERTON,LONG_ONLY_FULL,0.01,19,5,600,2.1181854882076263,0.4812934966175245,COMPLETED,0.019058484306900016,0.09640649032648634,0.06519344928348395,0.13725379087865955,0.8911929907624193,0.0,0.8383647452023625,0.02185508961609281,0.0,0.0,2026-09-21T07:26:47.755629+00:00
e2ca65c4a853fa73adcc261544d559332b32dd924c35e51d79d192468d0dea24,ANALYTIC_MERTON,LONG_ONLY_CAP50,0.01,19,6,600,2.1181854882076263,0.4812934966175245,COMPLETED,0.01145807388229056,0.046546487567963396,0.03193437765347186,0.0691222074904833,0.9485350119824358,0.0,0.3822726367655773,0.010739154453659729,0.0,0.0,2026-09-21T07:26:44.841588+00:00
87746147ebf45ce663e544f4236ee6b0d4a3b445e2be3d97a59f7e36311510c9,ANALYTIC_MERTON,LONG_ONLY_FULL,0.01,19,6,600,2.1181854882076263,0.4812934966175245,COMPLETED,0.02148035967428426,0.09847280932746048,0.0646323815139331,0.14029136632591713,0.8982592831296405,0.0,0.8378825927007748,0.021865153319426813,0.0,0.0,2026-09-21T07:26:44.824917+00:00
b0cac79f5a0f40faec1301dedbae730a17e52e8b1c4fdad06277e145561e720e,ANALYTIC_MERTON,LONG_ONLY_CAP50,0.01,19,7,600,2.1181854882076263,0.4812934966175245,COMPLETED,0.009741295895337633,0.043507158054378194,0.03148672980313565,0.06690627049215164,0.9526437721813207,0.0,0.3828721877987487,0.010682047200858592,0.0,0.0,2026-09-21T07:26:55.528662+00:00
ec7e6e362b552c7de35512bbfffd1dee99e99c36f27dfa5b4ed7e4948c9bb22f,ANALYTIC_MERTON,LONG_ONLY_FULL,0.01,19,7,600,2.1181854882076263,0.4812934966175245,COMPLETED,0.018965869846528295,0.08994163510240759,0.0640211292462775,0.13942412723599248,0.8959143286623692,0.0,0.8387740717113682,0.021679990785777016,0.0,0.0,2026-09-21T07:26:55.511854+00:00
a7ea1e69804bf64b300505589940f2e5bd09082f8c7a1efcb474c0ab1f94a29a,ANALYTIC_MERTON,LONG_ONLY_CAP50,0.01,19,8,600,2.1181854882076263,0.4812934966175245,COMPLETED,0.01115494200317899,0.04147808649766658,0.027570768450367635,0.06590994132988727,0.9508435779187013,0.0,0.3820909394651826,0.010622556571912781,0.0,0.0,2026-09-21T07:26:59.223624+00:00
557bea6f6d049f7cc8ad0c69d7a4ea05d5e9136db2d24aec111c73d9c3347fa0,ANALYTIC_MERTON,LONG_ONLY_FULL,0.01,19,8,600,2.1181854882076263,0.4812934966175245,COMPLETED,0.021221384259051502,0.08683343044671071,0.058499029121478995,0.1404140660053685,0.9027254908333222,0.0,0.8376847047654907,0.0216308188668683,0.0,0.0,2026-09-21T07:26:59.207001+00:00
7a72d6030ded8b5e1bae57249b7f7f90b47d6fad5bf9dd287e367401184dbcb9,ANALYTIC_MERTON,LONG_ONLY_CAP50,0.01,19,9,600,2.1181854882076263,0.4812934966175245,COMPLETED,0.010971228936923004,0.04312651716961528,0.030769022621359256,0.06711160947274558,0.9510327057402977,0.0,0.38154943827194926,0.010833783107122782,0.0,0.0,2026-09-21T07:27:03.200021+00:00
98a839886d2e6670c4b586aebdd53ed135d2e1b27e06eeb135e77beb0f3dbc18,ANALYTIC_MERTON,LONG_ONLY_FULL,0.01,19,9,600,2.1181854882076263,0.4812934966175245,COMPLETED,0.02081682446427531,0.09360109920865314,0.0666599584761475,0.13953756551300214,0.899513558794385,0.0,0.8368954453939008,0.022050426357385938,0.0,0.0,2026-09-21T07:27:03.183382+00:00
fc66024c8462bb83147e6ae04916999c58d6640da2330535a0174317eade7af4,ANALYTIC_MERTON,LONG_ONLY_CAP50,0.01,19,10,600,2.1181854882076263,0.4812934966175245,COMPLETED,0.011331729454821532,0.03989897282846398,0.02690071064981425,0.0699677969941328,0.9541350146211937,0.0,0.3818837265769018,0.010715628935968086,0.0,0.0,2026-09-21T07:27:00.108041+00:00
c1b62929db3438dfb1318c8b664d095c654a79aa099e04b067a8c99a2d1c8bc4,ANALYTIC_MERTON,LONG_ONLY_FULL,0.01,19,10,600,2.1181854882076263,0.4812934966175245,COMPLETED,0.021415582411157624,0.08573949325657627,0.05603203285974268,0.14253418382006816,0.9027968892964823,0.0,0.8373898968491229,0.02179092555583536,0.0,0.0,2026-09-21T07:27:00.091365+00:00
de14bfef4518520505f17378377cfadf93da96795aeafe7b5668c24ede95298a,ANALYTIC_MERTON,LONG_ONLY_CAP50,0.01,19,11,600,2.1181854882076263,0.4812934966175245,COMPLETED,0.011367585176945168,0.04647469133723983,0.03062587161511964,0.068101859125279,0.9465801559326132,0.0,0.3820579229626743,0.010833157730964606,0.0,0.0,2026-09-21T07:27:10.787315+00:00
b0d6a4b3be4204b47c49b73a2899655b8629a66c9c17c95c716ef5c27258a678,ANALYTIC_MERTON,LONG_ONLY_FULL,0.01,19,11,600,2.1181854882076263,0.4812934966175245,COMPLETED,0.021179857416696753,0.09988072503668702,0.07381162015354177,0.139974183219786,0.8926938619090683,0.0,0.8375943667160151,0.022029125126133878,0.0,0.0,2026-09-21T07:27:10.770816+00:00
b96b4704f609825875185a3e595b289347f176deb2fb0772dddafa764787a6bd,ANALYTIC_MERTON,LONG_ONLY_CAP50,0.01,19,12,600,2.1181854882076263,0.4812934966175245,COMPLETED,0.01073364289213848,0.041912203853249674,0.031096461045668038,0.06603201385782288,0.9522373396619055,0.0,0.3808422113958563,0.01091819436467915,0.0,0.0,2026-09-21T07:27:14.347192+00:00
852d23b00df06e63b76be5a45b7238a91b1e775f72d59e6b1e2f927628a4c110,ANALYTIC_MERTON,LONG_ONLY_FULL,0.01,19,12,600,2.1181854882076263,0.4812934966175245,COMPLETED,0.020833457126388837,0.08835247334287828,0.06233362111084129,0.1346058921818867,0.9006272941077959,0.0,0.8359086339443558,0.022213933975375084,0.0,0.0,2026-09-21T07:27:14.330790+00:00
f7b6d8078dc5ea0f92e61979825462328910ae01474eb01ce842e127aaa7468f,ANALYTIC_MERTON,LONG_ONLY_CAP50,0.01,19,13,600,2.1181854882076263,0.4812934966175245,COMPLETED,0.011324477746839994,0.044600694440816664,0.029487530033751527,0.06645438766470048,0.945295261493075,0.0,0.38256197524339897,0.01071785015529615,0.0,0.0,2026-09-21T07:27:18.875441+00:00
ef4d56e6de3abaaebd2300bad26072261488ede4ae92e57592ed4ae2ab8d4394,ANALYTIC_MERTON,LONG_ONLY_FULL,0.01,19,13,600,2.1181854882076263,0.4812934966175245,COMPLETED,0.021907357527377876,0.09341587576709305,0.06026168049197923,0.1347324177624414,0.891613223206515,0.0,0.8382145209429201,0.021926970240991345,0.0,0.0,2026-09-21T07:27:18.858839+00:00
09ba5a490c79fb6f7544535b6c3df7361f145d99e0e4cf910f9ce3a918e73ac1,ANALYTIC_MERTON,LONG_ONLY_CAP50,0.01,19,14,600,2.1181854882076263,0.4812934966175245,COMPLETED,0.012100466976986092,0.04854925385438642,0.030924524938765456,0.06539776452472372,0.9441587261856061,0.0,0.3815659305768209,0.010812038718402263,0.0,0.0,2026-09-21T07:27:15.370574+00:00
a44cb566fda7bb654a7dc4021adff5ec92a512de1b039b189c43c907360e7653,ANALYTIC_MERTON,LONG_ONLY_FULL,0.01,19,14,600,2.1181854882076263,0.4812934966175245,COMPLETED,0.02334957859524954,0.10218934579679985,0.06691463658328899,0.13510518263447938,0.8842094270181726,0.0,0.8368917621871209,0.02203266668316172,0.0,0.0,2026-09-21T07:27:15.353678+00:00
