stratum_id,constraint,cell_code,joint_training_replication,holdout_env_stream,eval_seed,train_attempt_id,eval_attempt_id_recomputed,eval_attempt_id_frozen,n_paths,eval_attempt_id_match,repro_mean_terminal_log_wealth,frozen_mean_terminal_log_wealth,repro_cvar_log_loss,frozen_cvar_log_loss,repro_var_log_loss,frozen_var_log_loss,repro_max_drawdown_q95,frozen_max_drawdown_q95,repro_q01_terminal_wealth,frozen_q01_terminal_wealth,repro_severe_loss_probability,frozen_severe_loss_probability,repro_executed_mean,frozen_executed_mean,repro_executed_variance,frozen_executed_variance,repro_latent_mean,frozen_latent_mean,repro_boundary_mass_lower,frozen_boundary_mass_lower,repro_boundary_mass_upper,frozen_boundary_mass_upper
S1_PRIMARY,LONG_ONLY_FULL,TT,0,0,0,0ad1ff00de5f12745943c90e185267f72edfbd2f1d5bc62d91f163288d6563eb,6ac1eabfa595228a61de2ba709bde8809378c3c023584a2d5fdddfcb89a732e1,6ac1eabfa595228a61de2ba709bde8809378c3c023584a2d5fdddfcb89a732e1,600,True,0.015590842160884544,0.015590823165098513,0.09141509236161464,0.09141512987249847,0.05809942816924396,0.05809942864636356,0.10717516259516367,0.10717516544619454,0.8913287490211945,0.8913287458538964,0.0,0.0,0.5026748636141779,0.5026748676073894,0.08289522287165364,0.08289522201691031,0.5026748636141779,0.5026748676073894,0.0,0.0,0.0,0.0
S1_PRIMARY,LONG_ONLY_FULL,TT,1,0,0,b3d6007b8d36af400863df4d8069756070c6065a21ba643c16e4d266602f3058,50d58a9f908064c709915e6ac0c767d82bc8ebf870839f64b6c683c26c123bc9,50d58a9f908064c709915e6ac0c767d82bc8ebf870839f64b6c683c26c123bc9,600,True,0.015716305954300347,0.015716286576251754,0.09124600138491017,0.09124603881251403,0.05806778989298128,0.05806779036224415,0.10709005654329763,0.10709005938198495,0.8917108016832893,0.8917108064153593,0.0,0.0,0.5024688926522283,0.5024688968194436,0.08290572992819333,0.08290572900002798,0.5024688926522283,0.5024688968194436,0.0,0.0,0.0,0.0
S1_PRIMARY,LONG_ONLY_FULL,TT,2,0,0,aa9821e7538e18491c151b8f06dfcead4b8fbaba9ac66d6259597de026ac2954,8fee86241c34490575688ea32831cc7fea6f86447bec70feac17ca84dfc772be,8fee86241c34490575688ea32831cc7fea6f86447bec70feac17ca84dfc772be,600,True,0.015611025637610935,0.01561100662969757,0.09132372618438753,0.09132376378097438,0.057993179583684225,0.05799318006908987,0.10700904168934004,0.10700904453892242,0.8913690157790606,0.89136901259535,0.0,0.0,0.5016324401635682,0.5016324443768421,0.08289571661068705,0.08289571573446532,0.5016324401635682,0.5016324443768421,0.0,0.0,0.0,0.0
S1_PRIMARY,LONG_ONLY_FULL,TT,3,0,0,9cddee0f94ecc5eee6d360f0f94f69c37a45b94fa14c27ef4eb5e2439cdb3358,5641e5067ba4d58630dcf8510a202d9d1cc66bf98b64206e912d981cefe5a78f,5641e5067ba4d58630dcf8510a202d9d1cc66bf98b64206e912d981cefe5a78f,600,True,0.015674617529652324,0.01567459827701657,0.09124410560044881,0.0912441431323205,0.05794869811651244,0.05794869858857175,0.10696770948983698,0.10696771233130878,0.8916159974584312,0.8916159942714542,0.0,0.0,0.5017288255044021,0.5017288297322593,0.08290756155827864,0.08290756064531102,0.5017288255044021,0.5017288297322593,0.0,0.0,0.0,0.0
S1_PRIMARY,LONG_ONLY_FULL,TT,4,0,0,45e4bdf966fd665589156e7bddc29b8db43a0112b0a6342b37be9ee8203125ef,815065a5b78ace79e27330c41d29b1a15b2880f63f921c9cd0346d2ec5a94fff,815065a5b78ace79e27330c41d29b1a15b2880f63f921c9cd0346d2ec5a94fff,600,True,0.015624391475030546,0.015624372489276582,0.09130536206602359,0.09130539961748257,0.05801165584840072,0.05801165633685991,0.10702582860825154,0.10702583145662392,0.8915480057299755,0.8915480104225622,0.0,0.0,0.5023997389174565,0.5023997432498337,0.08288783931827315,0.0828878384440579,0.5023997389174565,0.5023997432498337,0.0,0.0,0.0,0.0
S1_PRIMARY,LONG_ONLY_FULL,TT,5,0,0,22a3b836afbffcfee4b61e84361f542795eb9f40131f5c3b84fbea04e630c30b,4b2d1b825fe2c31028ea27f17c9f1822399556478bde545485b619d9b454e234,4b2d1b825fe2c31028ea27f17c9f1822399556478bde545485b619d9b454e234,600,True,0.015578448318376913,0.015578429318917942,0.09138536959216557,0.09138540713755058,0.05805721837501767,0.058057218855909545,0.10711173965975698,0.10711174250908606,0.8913779211653948,0.8913779179890547,0.0,0.0,0.5021018020501753,0.5021018060579192,0.08289712150386681,0.08289712064865935,0.5021018020501753,0.5021018060579192,0.0,0.0,0.0,0.0
S1_PRIMARY,LONG_ONLY_FULL,TT,6,0,0,97880e8cad0b04f484804c84ea78868282bf436b9d241069e437d6409fc331ac,284d72405c52459ff095425c7c050ba9c4b6c45e54b75b749e40cafa28e6a27b,284d72405c52459ff095425c7c050ba9c4b6c45e54b75b749e40cafa28e6a27b,600,True,0.01565450916998892,0.01565448979509994,0.09108912814115915,0.0910891657789763,0.057735843581723935,0.057735844059140395,0.10668149400013145,0.10668149683073115,0.8916451145222245,0.8916451192480659,0.0,0.0,0.4995692226314403,0.4995692269121174,0.08290492776360191,0.08290492683349161,0.4995692226314403,0.4995692269121174,0.0,0.0,0.0,0.0
S1_PRIMARY,LONG_ONLY_FULL,TT,7,0,0,3856d94e9106f20120adc545e35f2156fc8b2347509e2de78a347775f0831968,16a5cf933aeb9d623d209c253a83306aff295ac7b3d5ea7f271689f7fdfc027e,16a5cf933aeb9d623d209c253a83306aff295ac7b3d5ea7f271689f7fdfc027e,600,True,0.015567590648120385,0.015567571575842246,0.09127227331342506,0.09127231093937634,0.05793631153779781,0.05793631202882727,0.10691573318832204,0.1069157360300924,0.891480712422151,0.8914807171231407,0.0,0.0,0.5006913302915795,0.5006913344046189,0.08290283877317532,0.08290283790715001,0.5006913302915795,0.5006913344046189,0.0,0.0,0.0,0.0
S1_PRIMARY,LONG_ONLY_FULL,TT,8,0,0,d6322b47f4243479a26fe7b990f610b7286df4d50d9a12ff3c33a17f8f23f189,339165844982f26c32c66b1e29993c61c88766d4d2806a954e402fd312fd78cf,339165844982f26c32c66b1e29993c61c88766d4d2806a954e402fd312fd78cf,600,True,0.01564444573398822,0.015644426531903288,0.09124476530418044,0.09124480286128317,0.0578218446289445,0.05782184509140968,0.10688983089691585,0.10688983360965953,0.8912437742837048,0.8912437710997243,0.0,0.0,0.5014620941846153,0.5014620983463443,0.08290533893935534,0.08290533803837181,0.5014620941846153,0.5014620983463443,0.0,0.0,0.0,0.0
S1_PRIMARY,LONG_ONLY_FULL,TT,9,0,0,6ec884b1dfca21bee854c951cc44e21428ef88a5c600e90f1e6f581c6f2ff601,ded8595ccb3f232c0e89f60128b36b06e70aaeaf41159463e4fad12b605c998b,ded8595ccb3f232c0e89f60128b36b06e70aaeaf41159463e4fad12b605c998b,600,True,0.015560633439797475,0.015560614305064533,0.09127891109292295,0.09127894871701328,0.05793577664293458,0.057935777127869965,0.10692450346795793,0.10692450630836647,0.8914881563312494,0.8914881610384172,0.0,0.0,0.5004231312876941,0.5004231352834185,0.0829034711266456,0.08290347025801904,0.5004231312876941,0.5004231352834185,0.0,0.0,0.0,0.0
S1_PRIMARY,LONG_ONLY_FULL,TT,10,0,0,d8520d6f1fb6e511142d03e0d684844cca92e471b097db39072ebf2e1543cc3d,7ad047f7f800680b2c2ea4f760307a1c28f3f2c372dbacaef638eaf585fce66b,7ad047f7f800680b2c2ea4f760307a1c28f3f2c372dbacaef638eaf585fce66b,600,True,0.015583874328648379,0.015583855127953967,0.091277569696262,0.0912776072870841,0.057936772497501635,0.057936772974249894,0.10694437965302651,0.10694438249232548,0.8913103657611471,0.8913103625577488,0.0,0.0,0.500718392038603,0.5007183960030357,0.0828969471733496,0.08289694629516563,0.500718392038603,0.5007183960030357,0.0,0.0,0.0,0.0
S1_PRIMARY,LONG_ONLY_FULL,TT,11,0,0,b27b28e1323053e3fdd83e6fb1e1dcbc2b9101521bede40e5375df4b8f715cc0,a9dfc1321fc828814b9d8666e1455253822b9d7856f1ba1212dc6a39d253349a,a9dfc1321fc828814b9d8666e1455253822b9d7856f1ba1212dc6a39d253349a,600,True,0.01562282653305133,0.015622807400487184,0.09133160061403557,0.09133163814184071,0.058049345349718874,0.058049345829024754,0.1070796465788484,0.10707964942410662,0.8913575869071662,0.8913575837260655,0.0,0.0,0.5019115786966633,0.5019115827507662,0.08290403595464073,0.08290403507456592,0.5019115786966633,0.5019115827507662,0.0,0.0,0.0,0.0
S1_PRIMARY,LONG_ONLY_FULL,TT,12,0,0,facdb9827fe812da9c9bb34a4b0298245e1ee3ba72f33735397c5110cb18d324,b3b4c769810643e387cb8ecdfe4d29b2d995c058fd55f56c08b1e4276c5557d8,b3b4c769810643e387cb8ecdfe4d29b2d995c058fd55f56c08b1e4276c5557d8,600,True,0.015649281830136592,0.01564926265555628,0.09132468683526877,0.09132472433742872,0.058077101509341346,0.05807710198711123,0.10710472046719413,0.10710472331233037,0.8916030524648,0.8916030571792888,0.0,0.0,0.5023083287476882,0.5023083328679612,0.08291031279853815,0.08291031190782093,0.5023083287476882,0.5023083328679612,0.0,0.0,0.0,0.0
S1_PRIMARY,LONG_ONLY_FULL,TT,13,0,0,d8cb7781d6a82c96f1acacf9d58a820c6bb99c42585bccdaabdefe52349363bd,4a634a3aa46548a494e818ec46063b25fcfe2e68a6a5735fce10020e383ca913,4a634a3aa46548a494e818ec46063b25fcfe2e68a6a5735fce10020e383ca913,600,True,0.015627718216579208,0.015627699057152996,0.09130051425374104,0.09130055179166245,0.058040064515190976,0.05804006499723387,0.10704676630940482,0.10704676915310804,0.8915640098278356,0.8915640145391747,0.0,0.0,0.5016856735023462,0.5016856776107603,0.08289854257128018,0.08289854168418691,0.5016856735023462,0.5016856776107603,0.0,0.0,0.0,0.0
S1_PRIMARY,LONG_ONLY_FULL,TT,14,0,0,41e4116789380c024734ab58deec0848cc1675215d3b85821ed1efb86e0006ca,dbe5af40dc28d81a8467ff5f6235ce3a23ec3458b41ffb0c20bca7a21305c30a,dbe5af40dc28d81a8467ff5f6235ce3a23ec3458b41ffb0c20bca7a21305c30a,600,True,0.015563975125790348,0.015563956027028286,0.09130337148942826,0.09130340907450221,0.05793358707751715,0.05793358755647695,0.10695904724032586,0.10695905008164966,0.8915240507592891,0.8915240554623903,0.0,0.0,0.5013036199267349,0.5013036239488445,0.0829003384693682,0.08290033760956105,0.5013036199267349,0.5013036239488445,0.0,0.0,0.0,0.0
S1_PRIMARY,LONG_ONLY_FULL,TT,15,0,0,69824712dfe453549c0869ec617c40d6d28f5f0644418ce0bc3900516e0dc9b3,ee0c69f5b49dabfea15d9a24af3a419c6b5690d99f6d9875318b26ced4c5c0cb,ee0c69f5b49dabfea15d9a24af3a419c6b5690d99f6d9875318b26ced4c5c0cb,600,True,0.015545224509427347,0.01554520552794127,0.09134955202323465,0.09134958965281419,0.057940598219610825,0.0579405987019685,0.10697464929859256,0.10697465214571836,0.8912269136627445,0.8912269104721279,0.0,0.0,0.501087135015968,0.5010871390202558,0.08289571703600278,0.0828957161868828,0.501087135015968,0.5010871390202558,0.0,0.0,0.0,0.0
S1_PRIMARY,LONG_ONLY_FULL,TT,16,0,0,e126bef6226c310bf916f77410efd948f74c3ec63781a25a9d8d48edd93dce67,6c767497abedd1bbcbd721c4422596d26f7f0ee21a701249a502cf9f5c6885b5,6c767497abedd1bbcbd721c4422596d26f7f0ee21a701249a502cf9f5c6885b5,600,True,0.015623590318537106,0.015623571311046905,0.09138303520467625,0.09138307271306514,0.058133756612198544,0.058133757096904694,0.10717315377350978,0.10717315662507668,0.8915431040351872,0.8915431087339091,0.0,0.0,0.5027513141704787,0.5027513183207862,0.08289551601988074,0.08289551514944332,0.5027513141704787,0.5027513183207862,0.0,0.0,0.0,0.0
S1_PRIMARY,LONG_ONLY_FULL,TT,17,0,0,db8aa973307b83edceceb097da744ffba780b93c53774a05ccae695ef8c206f6,2f1a8461f7d17ef40239d0ffca6afe27207a3d315583701551778cb6e4987932,2f1a8461f7d17ef40239d0ffca6afe27207a3d315583701551778cb6e4987932,600,True,0.015680105371433828,0.01568008609953031,0.09129751050643943,0.09129754796463492,0.05809937288241817,0.05809937335635721,0.10712268379337488,0.10712268663564121,0.8916448586328778,0.8916448633556446,0.0,0.0,0.5024811786654702,0.5024811827831781,0.08289856433586087,0.08289856342916929,0.5024811786654702,0.5024811827831781,0.0,0.0,0.0,0.0
S1_PRIMARY,LONG_ONLY_FULL,TT,18,0,0,29437827b9ad7b900fdd7ffe8170f55c9443370830630814ef278674f848cf3e,ed8c3f1b9a6a94f1c6db9d705cf38fe82ab9d463b28ba32557d60a2840d0bbe6,ed8c3f1b9a6a94f1c6db9d705cf38fe82ab9d463b28ba32557d60a2840d0bbe6,600,True,0.015568896895906974,0.015568877902054539,0.09138224679146606,0.0913822843399258,0.05806518960051819,0.05806519008437123,0.10710963215606306,0.10710963500465022,0.8914992637377076,0.8914992684341367,0.0,0.0,0.5020621850395447,0.5020621890495294,0.08289974896304637,0.08289974811190247,0.5020621850395447,0.5020621890495294,0.0,0.0,0.0,0.0
S1_PRIMARY,LONG_ONLY_FULL,TT,19,0,0,f42e6192b68fc5bcbfcdbb53b85f4e0e773d67b6dc0e851ebe63257c6df73c58,f24f1a1f477aceab988af057546de42444d4c8b05fae2c423c5881cc95185eae,f24f1a1f477aceab988af057546de42444d4c8b05fae2c423c5881cc95185eae,600,True,0.01577251138237286,0.015772491935472064,0.09115792829369475,0.0911579657205503,0.057989250437569695,0.05798925090643696,0.10699109838440729,0.10699110122086393,0.8917855523271461,0.8917855570637869,0.0,0.0,0.5024050570860131,0.5024050614997992,0.08291432877379078,0.08291432781367414,0.5024050570860131,0.5024050614997992,0.0,0.0,0.0,0.0
S1_PRIMARY,LONG_ONLY_FULL,TT,20,0,0,2f1976ffb96fd52978724777929202e84184895991edee28ec6fb42099dcc924,fc58e5be7e5997ddb9352b653b8b2efddcf4ac8a52722026350ad73c0a1ab0bc,fc58e5be7e5997ddb9352b653b8b2efddcf4ac8a52722026350ad73c0a1ab0bc,600,True,0.01562163973308584,0.01562162062569703,0.0912521794294811,0.09125221702993352,0.05794257215145124,0.05794257263819175,0.1069270392414336,0.10692704208519854,0.8915491100081709,0.8915491147122266,0.0,0.0,0.5011291268182484,0.5011291310764016,0.08289648543522096,0.08289648454515423,0.5011291268182484,0.5011291310764016,0.0,0.0,0.0,0.0
S1_PRIMARY,LONG_ONLY_FULL,TT,21,0,0,19e4bc65d4ea60011183783c8397b390b77210b349c3d65d90ad0f9fe5c1b9ef,f605f797cc9fc8deebfd53b5ac457b365f26062fd41263d48c06bd6f6bcdf17c,f605f797cc9fc8deebfd53b5ac457b365f26062fd41263d48c06bd6f6bcdf17c,600,True,0.015666876400302353,0.015666857175540047,0.0912811039526943,0.0912811414477913,0.05798900244107195,0.05798900291132074,0.1070352015987675,0.10703520444147417,0.8916579244992783,0.8916579213212067,0.0,0.0,0.5021991953350341,0.5021991994967366,0.08291108611860758,0.0829110852155478,0.5021991953350341,0.5021991994967366,0.0,0.0,0.0,0.0
S1_PRIMARY,LONG_ONLY_FULL,TT,22,0,0,3e6b77ac2b409839fdb23dd6de74316fabea70b0f46d304059c2305c7883560e,938c489136c869195a0065c1bd137cb016b8fe34bf7828bb51cc0df8a762e95e,938c489136c869195a0065c1bd137cb016b8fe34bf7828bb51cc0df8a762e95e,600,True,0.015677706954302505,0.015677687698775776,0.0912796936133343,0.09127973106851558,0.058044112127250844,0.05804411259990933,0.10708021783689213,0.10708022067805117,0.8916652869206727,0.8916652916407073,0.0,0.0,0.5026322122316869,0.5026322164113797,0.08291078608507628,0.08291078518115674,0.5026322122316869,0.5026322164113797,0.0,0.0,0.0,0.0
S1_PRIMARY,LONG_ONLY_FULL,TT,23,0,0,7d2c686f155eb83cd272f5063deae31a089067eb4961cb9909ef4e9f20f2f24f,864bd1fa71ef4b7606c930cbfaa816889333e19f9a8e91ad9a23ee2629912b7d,864bd1fa71ef4b7606c930cbfaa816889333e19f9a8e91ad9a23ee2629912b7d,600,True,0.015683164130979033,0.015683144780543962,0.09122108296838431,0.09122112045773392,0.057990788243269704,0.05799078871708163,0.1069945395215151,0.10699454235852172,0.8916689656157618,0.8916689703444564,0.0,0.0,0.5016521917729665,0.501652195933167,0.08291623236475394,0.08291623144487299,0.5016521917729665,0.501652195933167,0.0,0.0,0.0,0.0
S1_PRIMARY,LONG_ONLY_FULL,TT,24,0,0,390b8af2860b5b32b60b91ea1a79e6af7506a2dca01c514d1a93c145afa509de,6dc4b8357e507a6e04778519a4d4cf4055804ebc066de2a2dc4a505c2b5eb8f4,6dc4b8357e507a6e04778519a4d4cf4055804ebc066de2a2dc4a505c2b5eb8f4,600,True,0.015616076583290497,0.015616057418322449,0.09124035695224424,0.09124039451946593,0.05792448673991773,0.05792448722116295,0.10692246898883094,0.10692247182856834,0.8915697323650591,0.8915697370728124,0.0,0.0,0.5013717809702749,0.501371785172834,0.08289553285799206,0.08289553197134776,0.5013717809702749,0.501371785172834,0.0,0.0,0.0,0.0
S1_PRIMARY,LONG_ONLY_FULL,TT,25,0,0,721aea77f390058f8bb72073f4781a871c1ff82475cab27a4f5ae4bcddc4d558,e40a594b3db75e3cadb22068c2406cad0ed444ee3fd425737a36040323ae8274,e40a594b3db75e3cadb22068c2406cad0ed444ee3fd425737a36040323ae8274,600,True,0.015609136004482676,0.015609116837108748,0.09123120399314474,0.09123124160517485,0.05793144814588761,0.05793144863361597,0.10689666439461636,0.10689666723478862,0.8915283397951114,0.8915283445042408,0.0,0.0,0.5006489170142556,0.5006489212044002,0.08289923696084871,0.08289923607039777,0.5006489170142556,0.5006489212044002,0.0,0.0,0.0,0.0
S1_PRIMARY,LONG_ONLY_FULL,TT,26,0,0,3db67f8676c13a11c6940c515da8257eec187159d105d84012b90df81aac2152,f9be7482f25f4ab526e8f6dde27e1a48d143f4c14cd52cc4680971ceb9f57a84,f9be7482f25f4ab526e8f6dde27e1a48d143f4c14cd52cc4680971ceb9f57a84,600,True,0.015742450336033886,0.015742431041100194,0.09120750393217603,0.09120754139257409,0.058035564830077525,0.05803556530938312,0.10702571182308854,0.10702571466444212,0.891705350303891,0.8917053550268402,0.0,0.0,0.5025909536900559,0.5025909581399648,0.08290546249726866,0.08290546156019117,0.5025909536900559,0.5025909581399648,0.0,0.0,0.0,0.0
S1_PRIMARY,LONG_ONLY_FULL,TT,27,0,0,ec206cfb39fc39a9d820e2dfd9fe02d5d4161a8ca469b044b2efb0a7e8ed0683,e82763a5751b997c5cd47f08b1648403b24f69d035007bad14d741a9ff79b289,e82763a5751b997c5cd47f08b1648403b24f69d035007bad14d741a9ff79b289,600,True,0.015598712957023905,0.015598693745231325,0.09129583809232292,0.09129587562739457,0.05795010287417596,0.057950103345113566,0.10699484201030443,0.1069948448496079,0.8915976179666815,0.8915976226823921,0.0,0.0,0.501450659313895,0.5014506632687172,0.08290967392056363,0.08290967304356417,0.501450659313895,0.5014506632687172,0.0,0.0,0.0,0.0
S1_PRIMARY,LONG_ONLY_FULL,TT,28,0,0,f47dd4fe214d78059c4efadc14788c0c437d0c81bb2360d6e85cb7b37165f094,c9ddc231678a06c41852b4ad512373462fdeabe42f60d99cd442227c57e9d4a7,c9ddc231678a06c41852b4ad512373462fdeabe42f60d99cd442227c57e9d4a7,600,True,0.015647176666577594,0.015647157484771183,0.09125637745567214,0.09125641499817193,0.05797012550450793,0.05797012598436918,0.10697485530093573,0.10697485814280505,0.8916055332089359,0.8916055379206813,0.0,0.0,0.5017211300189567,0.5017211342467729,0.08289989021222482,0.08289988931515713,0.5017211300189567,0.5017211342467729,0.0,0.0,0.0,0.0
S1_PRIMARY,LONG_ONLY_FULL,TT,29,0,0,085f18ee2c5928471fed8073794c6a6458eabd914c7cbadd8caf95a90678d9e3,a379304af996fbfbd19aee9dcdde3fbc35e8eb09acbd8d9dd43eda40a8c2b706,a379304af996fbfbd19aee9dcdde3fbc35e8eb09acbd8d9dd43eda40a8c2b706,600,True,0.015589943779445049,0.015589924744918686,0.09132312292945734,0.09132316051262471,0.05795505805674004,0.057955058536956,0.1069925124117504,0.10699251525830661,0.8915500162117508,0.8915500209107872,0.0,0.0,0.5016410380686294,0.5016410421931935,0.08290373536422407,0.08290373449713115,0.5016410380686294,0.5016410421931935,0.0,0.0,0.0,0.0
S1_PRIMARY,LONG_ONLY_FULL,TT,30,0,0,111ad407cebaced38defbd387ffa68d380f9e4c7aeb34b8f001c06bef0dd75ac,454d7818ecea1147fee1d57c5868e691d7c9f67256b1010fda8b346c590ba430,454d7818ecea1147fee1d57c5868e691d7c9f67256b1010fda8b346c590ba430,600,True,0.01563047545375158,0.01563045648840041,0.09145248446483399,0.09145252192001806,0.058189499269162774,0.058189499746320546,0.10728557993279132,0.10728558278853463,0.89114143762845,0.8911414344781413,0.0,0.0,0.5035851186608327,0.503585122720975,0.08289995829342918,0.08289995743080508,0.5035851186608327,0.503585122720975,0.0,0.0,0.0,0.0
S1_PRIMARY,LONG_ONLY_FULL,TT,31,0,0,b42f1577b43026bd5de4b725b324ec6c6bf3983256b4f8b70edfd5b7130dd372,65000f1aa372c498f03a4c82021060a6c39fca72c40a47593d3ce09ebc7f84fa,65000f1aa372c498f03a4c82021060a6c39fca72c40a47593d3ce09ebc7f84fa,600,True,0.015607596645244227,0.015607577478734841,0.0911825971686815,0.09118263480487983,0.0578227048354407,0.057822705320708406,0.10679095427864767,0.10679095711654682,0.8915555025557272,0.891555507262232,0.0,0.0,0.5003768362733413,0.5003768405481887,0.08289851309519486,0.08289851220152279,0.5003768362733413,0.5003768405481887,0.0,0.0,0.0,0.0
S1_PRIMARY,LONG_ONLY_FULL,TT,32,0,0,ef91df92304d8d2f4913fcd7cef06bb20625ab8a8a1a07ba41345a39248769ef,12bbd6bd36c25a4b6eacc976a3ef444e16e5643f4d2f596acaf10bcdc67c11cb,12bbd6bd36c25a4b6eacc976a3ef444e16e5643f4d2f596acaf10bcdc67c11cb,600,True,0.015537483901167472,0.015537464967123773,0.0914343744523456,0.09143441202286545,0.05811602632146541,0.0581160268083554,0.10715866148270686,0.10715866433390567,0.8914391706005982,0.8914391752928776,0.0,0.0,0.5020465592064253,0.5020465631301653,0.08290061359006104,0.0829006127558494,0.5020465592064253,0.5020465631301653,0.0,0.0,0.0,0.0
S1_PRIMARY,LONG_ONLY_FULL,TT,33,0,0,becc6121dcc5f1ada8405f224f1e0b727d47951d8207754966fbbedd5748f29a,205c5279a546a11b8598869557cd1b63921576a0bed9121970e68e872907a2a1,205c5279a546a11b8598869557cd1b63921576a0bed9121970e68e872907a2a1,600,True,0.01555300998543744,0.01555299107431455,0.09141004074144261,0.091410078292741,0.05806034540399138,0.05806034588847673,0.10712499620891905,0.1071249990600356,0.8914901440617445,0.8914901487508803,0.0,0.0,0.5023128773150842,0.5023128813264226,0.08290165020267977,0.08290164936409287,0.5023128773150842,0.5023128813264226,0.0,0.0,0.0,0.0
S1_PRIMARY,LONG_ONLY_FULL,TT,34,0,0,82f69c941251f891aceaca1f1b1222bd69ecb0d21b1422f70073a50c5fa923a0,e06bfed52056087a19cb0867eeff30c56395299fd0f32f6582ec13921808e90f,e06bfed52056087a19cb0867eeff30c56395299fd0f32f6582ec13921808e90f,600,True,0.015511190665744194,0.0155111717455367,0.09138075919069796,0.09138079685457827,0.05794562444593809,0.05794562493070811,0.10697939597176921,0.10697939882072605,0.891020719955536,0.8910207167620083,0.0,0.0,0.5008626932682347,0.5008626972130027,0.08289881935099626,0.08289881851693504,0.5008626932682347,0.5008626972130027,0.0,0.0,0.0,0.0
S1_PRIMARY,LONG_ONLY_FULL,TT,35,0,0,dac52f7c6d8c3dae3562073bef0d3a4517a995aaf1cfc15323d30c40f38b26f3,32e5a79a6fdd92db9cefa886d0a795e6dd4f328236aa3a9540eb226657516282,32e5a79a6fdd92db9cefa886d0a795e6dd4f328236aa3a9540eb226657516282,600,True,0.015640886908313428,0.015640867690099394,0.09125384674399431,0.09125388429461684,0.057939016883406344,0.057939017358537404,0.10695683344883097,0.10695683628981825,0.8916220968697806,0.8916221015856203,0.0,0.0,0.5014185499404494,0.5014185541008599,0.08291304351545087,0.08291304261608899,0.5014185499404494,0.5014185541008599,0.0,0.0,0.0,0.0
S1_PRIMARY,LONG_ONLY_FULL,TT,36,0,0,8c6b1a4de743b2f1f84a68e3839dcd23a527dc0950faa6a41b13573c4f1ded9c,bad49e9b3fc5b4103b02e1f32225b285daa3f3ad29eb361cf260df01bfa9ec70,bad49e9b3fc5b4103b02e1f32225b285daa3f3ad29eb361cf260df01bfa9ec70,600,True,0.01555268820905461,0.01555266910195454,0.09127941174192837,0.09127944935714806,0.05790888717351163,0.057908887656744866,0.10691301279525688,0.10691301563529329,0.8914975143439198,0.8914975190475416,0.0,0.0,0.5006030107060847,0.5006030147028461,0.08289687785554792,0.08289687699353888,0.5006030107060847,0.5006030147028461,0.0,0.0,0.0,0.0
S1_PRIMARY,LONG_ONLY_FULL,TT,37,0,0,79db97d27e50f32fcab4dd69166d1737aaba1463c07030ab5334430b157af1c7,ac65bdcebacd493c312357b30ccbf81cc45685f50d253805223b4426c2709f75,ac65bdcebacd493c312357b30ccbf81cc45685f50d253805223b4426c2709f75,600,True,0.01555760559864576,0.015557586620598748,0.09141302307544459,0.09141306059016871,0.058119278578895824,0.05811927906278888,0.1071771342604919,0.10717713710950802,0.8914835222216505,0.8914835269166892,0.0,0.0,0.5024934850952082,0.502493489044659,0.08290065294721415,0.08290065210624728,0.5024934850952082,0.502493489044659,0.0,0.0,0.0,0.0
S1_PRIMARY,LONG_ONLY_FULL,TT,38,0,0,9b6e6f82dc6de665a9d2798617f241393d363389ea677dbd9e779a8df6ba06ee,8321faddc4a52ff2d563200d69b32da9d5da0cdce29f72f358c4c04c7cfe15b5,8321faddc4a52ff2d563200d69b32da9d5da0cdce29f72f358c4c04c7cfe15b5,600,True,0.015668672995460185,0.015668653716321833,0.09126559181641246,0.09126562930225754,0.058064534538124414,0.05806453501760639,0.10706396089065277,0.10706396373077695,0.8916181328281001,0.8916181375508385,0.0,0.0,0.50199204637925,0.5019920505296707,0.0829128820386515,0.08291288113194856,0.50199204637925,0.5019920505296707,0.0,0.0,0.0,0.0
S1_PRIMARY,LONG_ONLY_FULL,TT,39,0,0,179c9b821e31bd946032beca9566151784ab33004d7137d98f084ca2fe6e20ca,fa1dbe1dfae90f6bbfa19daf627f1210023934618a0a4b47359166b36dda7f78,fa1dbe1dfae90f6bbfa19daf627f1210023934618a0a4b47359166b36dda7f78,600,True,0.01574145916486463,0.015741439878792216,0.09126333368329415,0.09126337111147646,0.05807112383316289,0.05807112430405133,0.10711014702362437,0.10711014986799067,0.891741666396423,0.891741671121531,0.0,0.0,0.502969097531308,0.5029691018494222,0.08291426732885804,0.08291426639640365,0.502969097531308,0.5029691018494222,0.0,0.0,0.0,0.0
S2_CONFIRMATORY_CONSTRAINT,LONG_ONLY_CAP50,TT,0,0,0,6edf30b752c62b6bd0e695606ae9bf0e27c03deb387b6e07215ffcd28b15489d,d80c3299adbdb8881bcb5e56ea1f677affc881707cc6c7378d7fa81f6f720018,d80c3299adbdb8881bcb5e56ea1f677affc881707cc6c7378d7fa81f6f720018,600,True,0.007917839606141104,0.007917830867720271,0.04520370385898991,0.045203722787405365,0.028566931353635753,0.028566934669763885,0.05405023494805731,0.05405023623319939,0.9440277575866746,0.9440277561670938,0.0,0.0,0.25074458407436284,0.25074458474044414,0.02076330769829792,0.020763307607716552,0.25074458407436284,0.25074458474044414,0.0,0.0,0.0,0.0
S2_CONFIRMATORY_CONSTRAINT,LONG_ONLY_CAP50,TT,1,0,0,51f9dbfff7586569633fd46026fc08f1e4046ce44ba3970c6315f23e40e5eb7c,f202119efad68762c99e512dee80f5dbd89fc189245a4751dc0a740dd34266c8,f202119efad68762c99e512dee80f5dbd89fc189245a4751dc0a740dd34266c8,600,True,0.007946603951963938,0.007946595106363068,0.04516475017528055,0.04516476908259426,0.028516667426887892,0.028516670741087227,0.05402977078654762,0.054029772068765025,0.944025734830413,0.944025733410688,0.0,0.0,0.250666266224778,0.25066626690460286,0.020764427529820568,0.020764427432832352,0.250666266224778,0.25066626690460286,0.0,0.0,0.0,0.0
S2_CONFIRMATORY_CONSTRAINT,LONG_ONLY_CAP50,TT,2,0,0,758c7dd4846627924b9bcadfdee47c500366684de8bc8ee3527b0a7609b9d3c0,5092b91db7908496250a968a789efd9a83c238c2d24931f29eb261d5dd85ed7b,5092b91db7908496250a968a789efd9a83c238c2d24931f29eb261d5dd85ed7b,600,True,0.007921118326444846,0.007921109564032344,0.045185743686113965,0.045185762629480146,0.02854110501803597,0.028541108334033848,0.054018211829632415,0.05401821311057829,0.9440197945944732,0.9440197931750398,0.0,0.0,0.25048130736159024,0.2504813080450779,0.020763354940816183,0.020763354847920235,0.25048130736159024,0.2504813080450779,0.0,0.0,0.0,0.0
S2_CONFIRMATORY_CONSTRAINT,LONG_ONLY_CAP50,TT,3,0,0,6fd2fc58547deb63bb3e8e63b1c57eca280e1251cfc31fe666fb295efdd03765,e9ca1f04b32cdefc608c42d146d54cd2a77d8ea49745f381460f36b73c1989da,e9ca1f04b32cdefc608c42d146d54cd2a77d8ea49745f381460f36b73c1989da,600,True,0.007929650380638368,0.007929641582780348,0.04517437262628173,0.04517439156085744,0.028525337736516887,0.028525341050653418,0.054008060303294934,0.05400806158422203,0.9440292218988157,0.9440292204791383,0.0,0.0,0.25050162057731334,0.25050162125896247,0.0207643038217863,0.020764303727247246,0.25050162057731334,0.25050162125896247,0.0,0.0,0.0,0.0
S2_CONFIRMATORY_CONSTRAINT,LONG_ONLY_CAP50,TT,4,0,0,f308b15df0894592f4d391bd3171a240cb3a8999f304da22950d010500153a3c,c300d63961fd7d7fafe2aa6bed99ffa1fa35d1b9f8aa4dc579ee8636c94f4968,c300d63961fd7d7fafe2aa6bed99ffa1fa35d1b9f8aa4dc579ee8636c94f4968,600,True,0.007928322760172213,0.007928313993736828,0.04517660258065701,0.04517662150494227,0.02855112398644176,0.028551127302455223,0.05402608042232757,0.054026081701107294,0.9440395001691436,0.944039498749261,0.0,0.0,0.25068057781762965,0.25068057852136033,0.020762418328512538,0.020762418235148267,0.25068057781762965,0.25068057852136033,0.0,0.0,0.0,0.0
S2_CONFIRMATORY_CONSTRAINT,LONG_ONLY_CAP50,TT,5,0,0,d1f3c936a0267e41b3f79fe1e74ecde8a872beea114e539cbe9444f55b5bea97,75508eb02875a6a1244493f1e43f8a305b0dffc965ea0cf0d6ea4c5a12f64f1c,75508eb02875a6a1244493f1e43f8a305b0dffc965ea0cf0d6ea4c5a12f64f1c,600,True,0.00791533933481919,0.00791533058633051,0.04519895225496964,0.045198971190057786,0.02855420825487965,0.028554211570228947,0.05403772755482207,0.05403772884066672,0.9440181492251359,0.9440181478056817,0.0,0.0,0.25060712585401695,0.25060712651142336,0.020763611112744513,0.02076361102192342,0.25060712585401695,0.25060712651142336,0.0,0.0,0.0,0.0
S2_CONFIRMATORY_CONSTRAINT,LONG_ONLY_CAP50,TT,6,0,0,f8c2ca65ea30d315bc43fc73b5eeb81572a34012cf00a84767b47712ed310b84,ce5812a433c9aeb01974d03f8a95f6f446131a1d8a7166209d10aac1d961e924,ce5812a433c9aeb01974d03f8a95f6f446131a1d8a7166209d10aac1d961e924,600,True,0.007936891402908729,0.007936882523946719,0.04512026457878035,0.045120283526961194,0.028451313713040206,0.02845131784593056,0.053932086816551955,0.05393208809196116,0.944014675516402,0.9440146740968174,0.0,0.0,0.24996329573218595,0.24996329643103052,0.020764202911092777,0.02076420281145626,0.24996329573218595,0.24996329643103052,0.0,0.0,0.0,0.0
S2_CONFIRMATORY_CONSTRAINT,LONG_ONLY_CAP50,TT,7,0,0,6566dbc98c7b79976b1c930286ad849011de7bf7b518989f9af1e45bc57993f6,67f9bd167c745d8952d27c7639cb27ae928bacc27eb0238c24ce6cf83f6daec2,67f9bd167c745d8952d27c7639cb27ae928bacc27eb0238c24ce6cf83f6daec2,600,True,0.007910307122696022,0.00791029835815262,0.04517240880917401,0.04517242776095057,0.028527491905397787,0.02852749521987273,0.0539945501474658,0.05399455142914896,0.9440061390325194,0.9440061376131494,0.0,0.0,0.2502625547771817,0.25026255545183335,0.020763361575529788,0.020763361483408953,0.2502625547771817,0.25026255545183335,0.0,0.0,0.0,0.0
S2_CONFIRMATORY_CONSTRAINT,LONG_ONLY_CAP50,TT,8,0,0,1a2918eb0137a01640eb60e189b2a2792e79d2ff6c7ec63e1d17b02b6081b2a0,13a1feeb10edbd01777964336d0cc008d01f07fa50b3851d0757b8024e24a810,13a1feeb10edbd01777964336d0cc008d01f07fa50b3851d0757b8024e24a810,600,True,0.007923323094477549,0.007923314299947226,0.0451712157844194,0.04517123472494875,0.028517346834974495,0.02851735014661301,0.05398649465215429,0.05398649593422578,0.9440386903799629,0.9440386889601452,0.0,0.0,0.2504210899970747,0.2504210906665701,0.020763845215601498,0.020763845121879638,0.2504210899970747,0.2504210906665701,0.0,0.0,0.0,0.0
S2_CONFIRMATORY_CONSTRAINT,LONG_ONLY_CAP50,TT,9,0,0,76e94cff89ee96db4c4caf990e79c581a1e4f62775562c6fd9558fb00831a654,b03fd827ae7af11b4985f4fd061fbbf9d9a47b5297da812cf780dbb0b883837f,b03fd827ae7af11b4985f4fd061fbbf9d9a47b5297da812cf780dbb0b883837f,600,True,0.007914406508444457,0.00791439771885978,0.04517042661062225,0.045170445563520296,0.028510988410740956,0.02851099172425693,0.05398963518051993,0.05398963646382195,0.9439986622326267,0.9439986608135086,0.0,0.0,0.25018837971062713,0.250188380371578,0.02076348022790577,0.0207634801345857,0.25018837971062713,0.250188380371578,0.0,0.0,0.0,0.0
S2_CONFIRMATORY_CONSTRAINT,LONG_ONLY_CAP50,TT,10,0,0,e0a144c99f577fa4d1010a376323951c8b420b874e7302e14aae4e802041073c,453bf39a7dd71241011551c778c4b461d16555d0aaa17484c629ce8efdbeeea0,453bf39a7dd71241011551c778c4b461d16555d0aaa17484c629ce8efdbeeea0,600,True,0.00792013872166304,0.007920129912263702,0.04516780266465871,0.04516782160849922,0.028505902376298155,0.028505905688841066,0.05399237714644421,0.05399237843081107,0.9440046594973701,0.9440046580781583,0.0,0.0,0.2502619997579529,0.25026200041262825,0.02076316000635211,0.020763159912353283,0.2502619997579529,0.25026200041262825,0.0,0.0,0.0,0.0
S2_CONFIRMATORY_CONSTRAINT,LONG_ONLY_CAP50,TT,11,0,0,1bb8eb16c4e7b1fe2ac26039d54921d22aafe33afaa783bdf22c1bacc4e1ce82,a479956f59d201879f4a9b37f8b36b47a4521e81f86ac359da222d359745be4e,a479956f59d201879f4a9b37f8b36b47a4521e81f86ac359da222d359745be4e,600,True,0.007924041980554542,0.007924033203491474,0.04518633137555412,0.04518635030592306,0.028540590403420708,0.028540593718765467,0.054031258895962886,0.054031260179892085,0.9440165248078896,0.9440165233884182,0.0,0.0,0.2505711128169468,0.25057111348503,0.020763559458677534,0.020763559365839932,0.2505711128169468,0.25057111348503,0.0,0.0,0.0,0.0
S2_CONFIRMATORY_CONSTRAINT,LONG_ONLY_CAP50,TT,12,0,0,3aac4d0a1c79ec77494f8e4452756368cc14db49474cb52bba433105a7a7d5d3,51aa2537dcdc431c9d577f1465e18636e327410090fb4a7ca38ad5cae48f8b8b,51aa2537dcdc431c9d577f1465e18636e327410090fb4a7ca38ad5cae48f8b8b,600,True,0.007923548771443911,0.007923540001887178,0.045190917347086884,0.045190936271288853,0.028552267902255644,0.028552271218158457,0.05404460196596186,0.05404460325044022,0.9440194227783419,0.9440194213587499,0.0,0.0,0.2506830684135032,0.25068306908241506,0.02076407518946577,0.020764075097362847,0.2506830684135032,0.25068306908241506,0.0,0.0,0.0,0.0
S2_CONFIRMATORY_CONSTRAINT,LONG_ONLY_CAP50,TT,13,0,0,2204f08dfc06c55e6b086ae27ab21753ee4fcf2d8e1d6690479fdf4ac7aa3b71,5fc85fe33e9f51518752342e7274bc5b401e23c760c5d1470c5437dd3f492527,5fc85fe33e9f51518752342e7274bc5b401e23c760c5d1470c5437dd3f492527,600,True,0.007935084082823743,0.007935075263416509,0.04517182577462691,0.04517184470149095,0.028518340851993455,0.028518344166707035,0.05402001755980902,0.05402001884224022,0.9440140055403344,0.9440140041209082,0.0,0.0,0.2505013365839974,0.2505013372578619,0.020763872581846147,0.020763872486307768,0.2505013365839974,0.2505013372578619,0.0,0.0,0.0,0.0
S2_CONFIRMATORY_CONSTRAINT,LONG_ONLY_CAP50,TT,14,0,0,648316d23134f5aa0043d63317b23936e11232556803d966a42fb381520cc37d,bb12f982e2b225bb24fecb60919ef7a80648f7303c9e8ece68dba8c5fa64fdbb,bb12f982e2b225bb24fecb60919ef7a80648f7303c9e8ece68dba8c5fa64fdbb,600,True,0.007908262757837903,0.007908253998511396,0.04517788259642794,0.045177901539749016,0.028535747335253634,0.02853575064812018,0.053999813666451325,0.053999814950656214,0.9440209392145302,0.9440209377948362,0.0,0.0,0.2504012893606471,0.25040129002201233,0.020764214757070396,0.020764214666209688,0.2504012893606471,0.25040129002201233,0.0,0.0,0.0,0.0
S2_CONFIRMATORY_CONSTRAINT,LONG_ONLY_CAP50,TT,15,0,0,5e801c625fe6d9a61850fa1b47caaa5feff4da3c54e2f2bee3f7a93aeccedc88,2724ef8055d349b0eed5eb23b9212b4aa2673281401ae936370701fcb2fc6c2c,2724ef8055d349b0eed5eb23b9212b4aa2673281401ae936370701fcb2fc6c2c,600,True,0.00790060174666124,0.007900593022678966,0.045196832211089166,0.04519685117083758,0.028546369077461563,0.028546372391721354,0.054005513587394215,0.054005514872450484,0.9440135752306098,0.9440135738113126,0.0,0.0,0.25034257429411433,0.2503425749478384,0.020762786060232713,0.020762785970787585,0.25034257429411433,0.2503425749478384,0.0,0.0,0.0,0.0
S2_CONFIRMATORY_CONSTRAINT,LONG_ONLY_CAP50,TT,16,0,0,d52898c1526b4500f86731f1ed967af4df12e21ea105cd2303fe0422cf6ebc16,78aabe57e77bb7f7a9b07d59b29a3b963c06c207b1b26fd56a2d22de50b7e781,78aabe57e77bb7f7a9b07d59b29a3b963c06c207b1b26fd56a2d22de50b7e781,600,True,0.007922476008114339,0.007922467261920384,0.04520086447586128,0.04520088340043651,0.028567077635556437,0.028567080952814756,0.054057317886295565,0.05405731917027294,0.9440230788352664,0.9440230774157579,0.0,0.0,0.2507658149327269,0.2507658156079563,0.02076295055052592,0.020762950459116983,0.2507658149327269,0.2507658156079563,0.0,0.0,0.0,0.0
S2_CONFIRMATORY_CONSTRAINT,LONG_ONLY_CAP50,TT,17,0,0,a64b9560e1f5829e7b2e964c33627b4454795cb349dd7e915c83e5bd92625bc1,e73e86710e3ae0c63f9f379cb969ce04a32ae210800609910b48ed030b082f5b,e73e86710e3ae0c63f9f379cb969ce04a32ae210800609910b48ed030b082f5b,600,True,0.007934630023390317,0.007934621220672662,0.04518210810238144,0.045182127019055815,0.028537603580598498,0.02853760689578733,0.05404037787079942,0.05404037915454344,0.9440237414666353,0.9440237400469987,0.0,0.0,0.2506967219407827,0.25069672261267495,0.02076398426278232,0.02076398416854014,0.2506967219407827,0.25069672261267495,0.0,0.0,0.0,0.0
S2_CONFIRMATORY_CONSTRAINT,LONG_ONLY_CAP50,TT,18,0,0,95230c73b6d57b0f6bd6551c722fa17059957780f4949138c7e1347d2a912ab1,c8e61c2d45c312f1e80ebab80cc590683db8d7f411deb05de2eab73b1038994e,c8e61c2d45c312f1e80ebab80cc590683db8d7f411deb05de2eab73b1038994e,600,True,0.007916525294448924,0.007916516542038104,0.04519378331265392,0.0451938022473627,0.02855209883830352,0.028552102153877858,0.05403446170753291,0.05403446299211465,0.9440178770624907,0.9440178756430302,0.0,0.0,0.25058843730598435,0.25058843797145025,0.02076343827579176,0.020763438184515873,0.25058843730598435,0.25058843797145025,0.0,0.0,0.0,0.0
S2_CONFIRMATORY_CONSTRAINT,LONG_ONLY_CAP50,TT,19,0,0,9752d16be17cd675875c30146071baa1aea462ec5b88d2f751092f89cd6ec312,497f167fac5cfc69733d64c338799e7623b78202d3d34dd3867bf4776ac36e48,497f167fac5cfc69733d64c338799e7623b78202d3d34dd3867bf4776ac36e48,600,True,0.007959496688936226,0.007959487817710009,0.045150524595688184,0.04515054349896273,0.028505187231423687,0.028505190545670692,0.05401700501445014,0.05401700629200908,0.9440402792702702,0.9440402778503165,0.0,0.0,0.2506767680382145,0.2506767687456086,0.020764369760970378,0.020764369661240237,0.2506767680382145,0.2506767687456086,0.0,0.0,0.0,0.0
S2_CONFIRMATORY_CONSTRAINT,LONG_ONLY_CAP50,TT,20,0,0,e6bf1f79ea5a53756827d5dec156ef9f51141298d4a23cac0065e6bea9e43391,baaf41b4309e0c24568a8a93b872b783fd2653a5c475d0ba5f54b7befaeda490,baaf41b4309e0c24568a8a93b872b783fd2653a5c475d0ba5f54b7befaeda490,600,True,0.007918417141200718,0.00791840837005788,0.04517675204499586,0.04517677099252049,0.02852973608356702,0.028529739398393435,0.05400147461600328,0.05400147589675644,0.9440173661261314,0.9440173647066795,0.0,0.0,0.25036764906947323,0.250367649750662,0.020763425052854365,0.020763424959764867,0.25036764906947323,0.250367649750662,0.0,0.0,0.0,0.0
S2_CONFIRMATORY_CONSTRAINT,LONG_ONLY_CAP50,TT,21,0,0,fa8c058d8c08746c626f8b9f2a591f05388ef4428892a85bc558d9d6f487a674,181d54f959771143c23f297728fa1dcf5a6dd1f2e4b8abffd14b4f16e615d111,181d54f959771143c23f297728fa1dcf5a6dd1f2e4b8abffd14b4f16e615d111,600,True,0.00792784110188814,0.007927832312237003,0.04517691478608193,0.04517693371030747,0.028537023278408864,0.028537026592728908,0.054022499355875636,0.054022500638265955,0.9440302249164152,0.9440302234966073,0.0,0.0,0.25061735521716677,0.25061735589517,0.020764264908955478,0.02076426481545437,0.25061735521716677,0.25061735589517,0.0,0.0,0.0,0.0
S2_CONFIRMATORY_CONSTRAINT,LONG_ONLY_CAP50,TT,22,0,0,3a5a1a68e6f567a236e525709132f109dfa55622a93feabe83088e34d2f7e03e,d389b93e7b30c9dfc8c6d3716e76c9e7a879e1b9e9b5fd0423ab49eee9bc612d,d389b93e7b30c9dfc8c6d3716e76c9e7a879e1b9e9b5fd0423ab49eee9bc612d,600,True,0.007934621580468452,0.007934612780104525,0.04517562948624992,0.045175648400033415,0.028539499332012542,0.028539502646810152,0.05403371243034083,0.05403371371245171,0.9440335142942007,0.9440335128743162,0.0,0.0,0.25072163561127575,0.25072163629445193,0.020764143466127923,0.020764143371873857,0.25072163561127575,0.25072163629445193,0.0,0.0,0.0,0.0
S2_CONFIRMATORY_CONSTRAINT,LONG_ONLY_CAP50,TT,23,0,0,5b22eec30ef475775797eb3775e332b15dd95ad0ff9c83518fb0330aa5a00b29,ea0b82d788bfd4cdb28eb68ef178a704d2e66f34f0249c59e8289a04ea647e2a,ea0b82d788bfd4cdb28eb68ef178a704d2e66f34f0249c59e8289a04ea647e2a,600,True,0.007933757655381131,0.007933748835929955,0.04516586833007922,0.045165887256014794,0.028517489885974016,0.02851749320024618,0.05401280186423696,0.0540128031457364,0.9440179345332734,0.9440179331136674,0.0,0.0,0.25048753602523177,0.25048753670517776,0.020764461833458148,0.020764461737973666,0.25048753602523177,0.25048753670517776,0.0,0.0,0.0,0.0
S2_CONFIRMATORY_CONSTRAINT,LONG_ONLY_CAP50,TT,24,0,0,8f9a2956d2431a04a74f6c4945badf3d928b1bd90c843c674ac201058726de9d,f5233a9727e76c04c4fd5e5993613d7a8a34e06794267abf32c9aa3949e7555a,f5233a9727e76c04c4fd5e5993613d7a8a34e06794267abf32c9aa3949e7555a,600,True,0.007921590263521029,0.00792158147226926,0.045160338733324666,0.04516035766989061,0.028522032615273564,0.028522035928606238,0.053991045568382336,0.05399104684818417,0.9440265522790308,0.944026550859268,0.0,0.0,0.25039274049195226,0.25039274118036725,0.020763459540399477,0.020763459446590894,0.25039274049195226,0.25039274118036725,0.0,0.0,0.0,0.0
S2_CONFIRMATORY_CONSTRAINT,LONG_ONLY_CAP50,TT,25,0,0,4e6692cac162ed0407e5b38e5a0319ab40ecb9ece233e8fa2c596352bdb38909,34a079b3588d361c5f563a88668a29908e83e4660b2b36649ce970c27569df00,34a079b3588d361c5f563a88668a29908e83e4660b2b36649ce970c27569df00,600,True,0.007913676625581128,0.007913667848483026,0.045167834494766794,0.04516785344544308,0.028521977702117993,0.028521981016534866,0.0539916703286267,0.05399167160953004,0.9440062190582045,0.9440062176388219,0.0,0.0,0.25025125203281234,0.2502512527116837,0.020763697818619378,0.02076369772569539,0.25025125203281234,0.2502512527116837,0.0,0.0,0.0,0.0
S2_CONFIRMATORY_CONSTRAINT,LONG_ONLY_CAP50,TT,26,0,0,756bb8358df58abaa3474ff1cee424d0615f6e0e8bc22cdf8c8462a5a97a2c08,dd26cfd358d33a6af5e1ce9fdbccc1147e1f3daa159b563309758819a9965b5e,dd26cfd358d33a6af5e1ce9fdbccc1147e1f3daa159b563309758819a9965b5e,600,True,0.007958104229772348,0.007958095367690895,0.04515246023424961,0.04515247913494625,0.028514937038783262,0.0285149403541845,0.05402726134711703,0.05402726262429126,0.9440368910014204,0.9440368895814172,0.0,0.0,0.2507256509540558,0.250725651667297,0.02076468120047623,0.02076468110132229,0.2507256509540558,0.250725651667297,0.0,0.0,0.0,0.0
S2_CONFIRMATORY_CONSTRAINT,LONG_ONLY_CAP50,TT,27,0,0,fc535c6bf532cbc2aca51a9789638f9a055e6757954fe5bb98d1a5c04f717d3e,c53e9b95e5590fac7f5ab578dc0117740a9ad742b0f346452b3a9db8cd7afd2f,c53e9b95e5590fac7f5ab578dc0117740a9ad742b0f346452b3a9db8cd7afd2f,600,True,0.007918869478078678,0.007918860685041818,0.04517478383087773,0.04517480276453575,0.02852295018574604,0.028522953498030384,0.05400505631539454,0.05400505760082548,0.944019171450648,0.9440191700310232,0.0,0.0,0.2504406221890067,0.2504406228421315,0.020764171644572362,0.020764171551943038,0.2504406221890067,0.2504406228421315,0.0,0.0,0.0,0.0
S2_CONFIRMATORY_CONSTRAINT,LONG_ONLY_CAP50,TT,28,0,0,32e14c4cd28cde4ac4d52f8ea4996d2f3d11f6b0cdd4001d06d9490bad4b5fc2,953e11c86a9b2e368dc70ebaad9fb86a066a6457d3d1a3860467f5a73a6da3ba,953e11c86a9b2e368dc70ebaad9fb86a066a6457d3d1a3860467f5a73a6da3ba,600,True,0.007927393291202739,0.007927384498434928,0.04517209833252541,0.045172117265353945,0.028528504311365065,0.028528507625719762,0.05400929903059493,0.05400930031138952,0.9440269942601638,0.9440269928404683,0.0,0.0,0.2505024929890029,0.2505024936729828,0.020763755043891073,0.020763754949773196,0.2505024929890029,0.2505024936729828,0.0,0.0,0.0,0.0
S2_CONFIRMATORY_CONSTRAINT,LONG_ONLY_CAP50,TT,29,0,0,b9121c466ee6e47bfc4d23f6285f45a7a5bf07270c87877473f7ff0d39185a6c,b837721ae1a61addf743c003706e7ce56c4f3c9d3f6f7f18141f107f059f09f7,b837721ae1a61addf743c003706e7ce56c4f3c9d3f6f7f18141f107f059f09f7,600,True,0.0079164219132458,0.007916413154057222,0.045185490503174885,0.045185509444393465,0.028542374583916272,0.02854237789857989,0.05401481990646655,0.05401482118912397,0.9440241809729328,0.9440241795533718,0.0,0.0,0.2504995173149967,0.25049951798804326,0.020763386599243126,0.020763386507369305,0.2504995173149967,0.25049951798804326,0.0,0.0,0.0,0.0
S2_CONFIRMATORY_CONSTRAINT,LONG_ONLY_CAP50,TT,30,0,0,c4b6bd83bb5603ec8c6948e9206f89ec9f9b1cd4c2eac2efa52613e13174a9a2,8cddf86feca1904ba7d80b0e2e745dd6320ed5cc84708c10156e234a215b3a3b,8cddf86feca1904ba7d80b0e2e745dd6320ed5cc84708c10156e234a215b3a3b,600,True,0.007916086282835674,0.007916077579353567,0.04522785386621563,0.04522787278587082,0.028598444991301052,0.02859844830959978,0.05409005386419112,0.05409005515189882,0.9440292996346681,0.9440292982151515,0.0,0.0,0.25099373809138736,0.25099373875022174,0.02076264734202047,0.020762647253435896,0.25099373809138736,0.25099373875022174,0.0,0.0,0.0,0.0
S2_CONFIRMATORY_CONSTRAINT,LONG_ONLY_CAP50,TT,31,0,0,5878ddbb106c6c0cea90f76aa084b3edc72bd340d44f8a0e8622b2e030bf59b2,73cd358adf14a596dbe3b0060aa6b42643c114b11a307c19173f6f71761070bd,73cd358adf14a596dbe3b0060aa6b42643c114b11a307c19173f6f71761070bd,600,True,0.007920153677432328,0.007920144875706213,0.045151981571164186,0.04515200052255655,0.028502822625042074,0.028502826758942293,0.0539657575493245,0.05396575882741545,0.944019548434591,0.9440195470150099,0.0,0.0,0.25017337912984333,0.25017337982121374,0.020763536676683868,0.02076353658182155,0.25017337912984333,0.25017337982121374,0.0,0.0,0.0,0.0
S2_CONFIRMATORY_CONSTRAINT,LONG_ONLY_CAP50,TT,32,0,0,b8fbdf65d6774114371f0770e88625d9b7ece44a01498f527222c9618f0d89bd,af6daaa75aa987ee8832f3003a1367c8e9878feaebbbd40daaa4e9fa955786b4,af6daaa75aa987ee8832f3003a1367c8e9878feaebbbd40daaa4e9fa955786b4,600,True,0.007910690014290636,0.0079106812722591,0.04520141835133565,0.04520143728757593,0.0285589385718187,0.028558941887806902,0.054044985778248886,0.054044987065107616,0.9440076555479232,0.9440076541286139,0.0,0.0,0.2505941189601854,0.2505941196134033,0.020764058114764672,0.020764058024724398,0.2505941189601854,0.2505941196134033,0.0,0.0,0.0,0.0
S2_CONFIRMATORY_CONSTRAINT,LONG_ONLY_CAP50,TT,33,0,0,98dfa29eb033cf52f5b5ae3ea0938dfa9ff79486c8fc98a6ac1432eb152bf069,d578f87c9ad61028a04bac4ce1bf1018a4b8ae67334131b2f6e45cdc970a780c,d578f87c9ad61028a04bac4ce1bf1018a4b8ae67334131b2f6e45cdc970a780c,600,True,0.007918373481520923,0.007918364723952753,0.04519457907408423,0.045194598003548414,0.028552811139966078,0.028552814455056544,0.054038192799939995,0.05403819408537567,0.9440221210648727,0.9440221196453207,0.0,0.0,0.250647092979837,0.2506470936410736,0.020763714433288522,0.02076371434200792,0.250647092979837,0.2506470936410736,0.0,0.0,0.0,0.0
S2_CONFIRMATORY_CONSTRAINT,LONG_ONLY_CAP50,TT,34,0,0,4a8de310ddbd6cf007f7572caeab1ce361973c870b3b0a2943fad781b3dc0e78,3f3eca4b1c0d5f89def2a1d2a191aa0da86cd9052b9a0a3ac7d000b99a969e19,3f3eca4b1c0d5f89def2a1d2a191aa0da86cd9052b9a0a3ac7d000b99a969e19,600,True,0.007902271609642304,0.007902262874010446,0.04519317109048031,0.04519319005219078,0.028539981696440994,0.028539985011045814,0.05400393496098867,0.054003936245555315,0.9440060617054521,0.9440060602862983,0.0,0.0,0.250290576715661,0.25029057737156585,0.020763150743172528,0.02076315065301942,0.250290576715661,0.25029057737156585,0.0,0.0,0.0,0.0
S2_CONFIRMATORY_CONSTRAINT,LONG_ONLY_CAP50,TT,35,0,0,44ef8c968ea28c16821f5a9f2ff2384b9f541ff31845ff113dc334b9ecc6d78e,0259b3d4f2190bb47843610708f8a4e1cd4a30a9a50dd6c1b50383dcb3fb6cb1,0259b3d4f2190bb47843610708f8a4e1cd4a30a9a50dd6c1b50383dcb3fb6cb1,600,True,0.007927393467128167,0.00792738466179053,0.04516790187915631,0.045167920814398396,0.028518575488790564,0.028518578802606165,0.05400263438187417,0.054002635663144165,0.9440204189102932,0.9440204174907102,0.0,0.0,0.25042442998833064,0.2504244306672833,0.020764397347580572,0.020764397252942123,0.25042442998833064,0.2504244306672833,0.0,0.0,0.0,0.0
S2_CONFIRMATORY_CONSTRAINT,LONG_ONLY_CAP50,TT,36,0,0,216227f8cafc54c7ab14e074614179f86247212c9f82dd2ff56b4c3c6be61d82,827dd49123413d89fe0ecd91403fcda54f67d3eeedb448520e61d0b1ed80b860,827dd49123413d89fe0ecd91403fcda54f67d3eeedb448520e61d0b1ed80b860,600,True,0.007910277689777593,0.007910268914421342,0.04517319704191182,0.0451732159938419,0.02851864892294652,0.028518652235646508,0.053987349191631485,0.05398735047542348,0.9440099450447661,0.944009943625413,0.0,0.0,0.2502436214498279,0.2502436221082905,0.020763202145718824,0.020763202053576284,0.2502436214498279,0.2502436221082905,0.0,0.0,0.0,0.0
S2_CONFIRMATORY_CONSTRAINT,LONG_ONLY_CAP50,TT,37,0,0,eb97cce66800d0c38dd6f5f9aeb00698a414b2979f50941f5aba5f0aec71b18d,f4451ece406791862fdc5a436c21b3a251fc193c9f6c6f177f515b891462f6ad,f4451ece406791862fdc5a436c21b3a251fc193c9f6c6f177f515b891462f6ad,600,True,0.007918412217855091,0.007918403458670733,0.045195132689338106,0.0451951516121997,0.02855708116423402,0.02855708447960149,0.054048466828759203,0.0540484681152601,0.9440180880202447,0.944018086600679,0.0,0.0,0.25070174175787613,0.2507017424158951,0.020764256083386147,0.020764255992390623,0.25070174175787613,0.2507017424158951,0.0,0.0,0.0,0.0
S2_CONFIRMATORY_CONSTRAINT,LONG_ONLY_CAP50,TT,38,0,0,44faa1a6a4aaddba82a7a09f53650fdaf7e8c3891005b2a2b8fd7e3ece97fbf8,d648187f7baa4acabd7eb83b0b725d55233127c45b86dc372f88ba640dd21f45,d648187f7baa4acabd7eb83b0b725d55233127c45b86dc372f88ba640dd21f45,600,True,0.007940445784696442,0.007940436951593058,0.04516823548253585,0.0451682543995582,0.028518728150641368,0.028518731465498024,0.05402779690493782,0.054027798187197065,0.9440162062150986,0.944016204795542,0.0,0.0,0.25058297897360926,0.2505829796517598,0.02076471713985824,0.0207647170436295,0.25058297897360926,0.2505829796517598,0.0,0.0,0.0,0.0
S2_CONFIRMATORY_CONSTRAINT,LONG_ONLY_CAP50,TT,39,0,0,265528718b19a1ad200c58b2761d174951acc0854f81182f199bdd4192100ec8,4acc042e5ed09e345f770e55763182af925b340c2ed355add1eec8731464374e,4acc042e5ed09e345f770e55763182af925b340c2ed355add1eec8731464374e,600,True,0.007939731532879296,0.007939722742689156,0.04518912315422228,0.04518914206779505,0.02855051943161531,0.028550522748032818,0.05405105528191809,0.054051056563669674,0.9440373601819816,0.9440373587621795,0.0,0.0,0.2508309670530824,0.2508309677405186,0.020764183432358335,0.020764183337863017,0.2508309670530824,0.2508309677405186,0.0,0.0,0.0,0.0
S1_PRIMARY,LONG_ONLY_FULL,TT,0,0,1,0ad1ff00de5f12745943c90e185267f72edfbd2f1d5bc62d91f163288d6563eb,153ff98b3fd36eff1967c12ae251cf2d863729dc486d88f21776c2180704cd79,153ff98b3fd36eff1967c12ae251cf2d863729dc486d88f21776c2180704cd79,600,True,0.016302949220730906,0.016302936951669334,0.08394802955546192,0.08394802634412991,0.05514081325760974,0.055140813109099095,0.10775438570911522,0.1077543852884945,0.9144039871671275,0.9144039916718276,0.0,0.0,0.5018129801461172,0.5018129825845179,0.08260923652013663,0.08260923614304655,0.5018129801461172,0.5018129825845179,0.0,0.0,0.0,0.0
S1_PRIMARY,LONG_ONLY_FULL,TT,1,0,1,b3d6007b8d36af400863df4d8069756070c6065a21ba643c16e4d266602f3058,af8cfb91a4f04a256003f67c6776ccd966bcbf4262d80d29f4c88d3ae4117d93,af8cfb91a4f04a256003f67c6776ccd966bcbf4262d80d29f4c88d3ae4117d93,600,True,0.0164309856031331,0.01643097335917693,0.08385553506389005,0.08385553199082857,0.0548141068281242,0.054814106677181194,0.10759946801647036,0.10759946767510066,0.9143553205288153,0.9143553250384981,0.0,0.0,0.5016063657700855,0.5016063682555644,0.08261983280495651,0.08261983240651274,0.5016063657700855,0.5016063682555644,0.0,0.0,0.0,0.0
S1_PRIMARY,LONG_ONLY_FULL,TT,2,0,1,aa9821e7538e18491c151b8f06dfcead4b8fbaba9ac66d6259597de026ac2954,e41f3f633439d8df87ac9e4609ff1d60f5e5b7cf83da1e4bccdaf09e17a02d54,e41f3f633439d8df87ac9e4609ff1d60f5e5b7cf83da1e4bccdaf09e17a02d54,600,True,0.016331740214067084,0.01633172794391149,0.08387878845467077,0.08387878525315087,0.054958854138214545,0.05495885399037495,0.10760428764784837,0.10760428722543562,0.9143557831854018,0.9143557876930388,0.0,0.0,0.5007753919181964,0.5007753945118628,0.0826081947391691,0.08260819436228273,0.5007753919181964,0.5007753945118628,0.0,0.0,0.0,0.0
S1_PRIMARY,LONG_ONLY_FULL,TT,3,0,1,9cddee0f94ecc5eee6d360f0f94f69c37a45b94fa14c27ef4eb5e2439cdb3358,050602d317f87b6d56417eb3faa554d0eec1e54884fc8f8ef78bed7592c9b580,050602d317f87b6d56417eb3faa554d0eec1e54884fc8f8ef78bed7592c9b580,600,True,0.016390067689218142,0.016390055434443832,0.08381492063481155,0.08381491750912082,0.05489073394197052,0.05489073379225331,0.1075330764633153,0.1075330761262441,0.9143939820835173,0.9143939865912852,0.0,0.0,0.5008706317528403,0.5008706343110033,0.08262236712541411,0.08262236673547409,0.5008706317528403,0.5008706343110033,0.0,0.0,0.0,0.0
S1_PRIMARY,LONG_ONLY_FULL,TT,4,0,1,45e4bdf966fd665589156e7bddc29b8db43a0112b0a6342b37be9ee8203125ef,faf6044b5d666c094f4778c5f5933c97ded2c8d4d66ca2335e772dca18470a65,faf6044b5d666c094f4778c5f5933c97ded2c8d4d66ca2335e772dca18470a65,600,True,0.01634269400123269,0.016342681744703415,0.08388939366511411,0.08388939044933517,0.055057590811878845,0.05505759066731728,0.10762935865108479,0.10762935823314221,0.9143969373009466,0.914396937925275,0.0,0.0,0.5015492814717022,0.5015492841155441,0.0826036696846592,0.08260366930034409,0.5015492814717022,0.5015492841155441,0.0,0.0,0.0,0.0
S1_PRIMARY,LONG_ONLY_FULL,TT,5,0,1,22a3b836afbffcfee4b61e84361f542795eb9f40131f5c3b84fbea04e630c30b,35ecfd5ea6bc50e502a6f866b6e96c23cd79cc6e87f5825e694ff1b4f383585b,35ecfd5ea6bc50e502a6f866b6e96c23cd79cc6e87f5825e694ff1b4f383585b,600,True,0.01629370988492115,0.016293697608081425,0.08392241029427731,0.0839224070807485,0.05510016862647172,0.05510016847723751,0.10769277636679712,0.10769277594583564,0.9143918700365087,0.914391874538511,0.0,0.0,0.5012381353457462,0.5012381377935446,0.08260999871004712,0.08260999833459788,0.5012381353457462,0.5012381377935446,0.0,0.0,0.0,0.0
S1_PRIMARY,LONG_ONLY_FULL,TT,6,0,1,97880e8cad0b04f484804c84ea78868282bf436b9d241069e437d6409fc331ac,7fdd53726439b48fd5bf345ab7b20d3ad0cfa968a5b9e4dff64eeb8fae5b7a04,7fdd53726439b48fd5bf345ab7b20d3ad0cfa968a5b9e4dff64eeb8fae5b7a04,600,True,0.016377608276991258,0.016377596003968608,0.08367107981179564,0.08367107671196158,0.054743318879961575,0.05474331872647785,0.10721477553922965,0.10721477519594202,0.9143935684796801,0.9143935729776982,0.0,0.0,0.49870373168567594,0.49870373425954867,0.0826175366203868,0.08261753623166164,0.49870373168567594,0.49870373425954867,0.0,0.0,0.0,0.0
S1_PRIMARY,LONG_ONLY_FULL,TT,7,0,1,3856d94e9106f20120adc545e35f2156fc8b2347509e2de78a347775f0831968,807c7f13e465ecb2c61f7a16f68cbf05bac73707da699a34dd5f208a74e2ae3c,807c7f13e465ecb2c61f7a16f68cbf05bac73707da699a34dd5f208a74e2ae3c,600,True,0.016291252317769452,0.016291240026248655,0.08383819658821191,0.0838381933864165,0.05497796121699008,0.05497796106632085,0.10749703293446645,0.10749703251211963,0.9143684489924162,0.9143684534895609,0.0,0.0,0.4998244088128407,0.4998244113123287,0.08261381419468233,0.08261381381872798,0.4998244088128407,0.4998244113123287,0.0,0.0,0.0,0.0
S1_PRIMARY,LONG_ONLY_FULL,TT,8,0,1,d6322b47f4243479a26fe7b990f610b7286df4d50d9a12ff3c33a17f8f23f189,889fa1b802dff679adeda6bd1f82209f8f117d05845e4cffb917fbca51286e0f,889fa1b802dff679adeda6bd1f82209f8f117d05845e4cffb917fbca51286e0f,600,True,0.016351591823354456,0.016351579566466146,0.08376076865543294,0.0837607655037351,0.05505900428451141,0.05505900413464611,0.10746525500254359,0.10746525457349095,0.9144968149261361,0.9144968194298987,0.0,0.0,0.5006048433371815,0.5006048458634565,0.08262322516107772,0.08262322477499465,0.5006048433371815,0.5006048458634565,0.0,0.0,0.0,0.0
S1_PRIMARY,LONG_ONLY_FULL,TT,9,0,1,6ec884b1dfca21bee854c951cc44e21428ef88a5c600e90f1e6f581c6f2ff601,5faf01aa44b3b8baa73f840a98fbc2c5ac0ffff7125299ed3e18d8bea7e3e282,5faf01aa44b3b8baa73f840a98fbc2c5ac0ffff7125299ed3e18d8bea7e3e282,600,True,0.016283231873979752,0.016283219579422265,0.0838302559219736,0.0838302527341687,0.05496127153753542,0.054961271384347664,0.10749286772762712,0.10749286730242848,0.9143728563539126,0.9143728608462226,0.0,0.0,0.4995512360661805,0.4995512384871844,0.0826135318121493,0.08261353143686051,0.4995512360661805,0.4995512384871844,0.0,0.0,0.0,0.0
S1_PRIMARY,LONG_ONLY_FULL,TT,10,0,1,d8520d6f1fb6e511142d03e0d684844cca92e471b097db39072ebf2e1543cc3d,2ad956cd7041b12999e2f8b6cef5c9c824936abac9abcf8aa9c6648095ff2833,2ad956cd7041b12999e2f8b6cef5c9c824936abac9abcf8aa9c6648095ff2833,600,True,0.016302260592762526,0.016302248308613723,0.08382125535604298,0.08382125219280277,0.05497312441073407,0.054973124256930024,0.10750225475897293,0.10750225433120228,0.9143985940997112,0.9143985985931373,0.0,0.0,0.49984650365364725,0.4998465060477344,0.08260833507218321,0.08260833469337478,0.49984650365364725,0.4998465060477344,0.0,0.0,0.0,0.0
S1_PRIMARY,LONG_ONLY_FULL,TT,11,0,1,b27b28e1323053e3fdd83e6fb1e1dcbc2b9101521bede40e5375df4b8f715cc0,5f73fed267aefad3f41183c5817ee7ebcf4d921aaf92e8d80da0cc15a537ec10,5f73fed267aefad3f41183c5817ee7ebcf4d921aaf92e8d80da0cc15a537ec10,600,True,0.016339816900315548,0.0163398046282904,0.08389248392804903,0.08389248076897225,0.05496156373738194,0.05496156358685888,0.10764597075887275,0.10764597033271979,0.9143570687627941,0.9143570732658103,0.0,0.0,0.501046283973135,0.5010462864368574,0.08261607489830264,0.08261607451740935,0.501046283973135,0.5010462864368574,0.0,0.0,0.0,0.0
S1_PRIMARY,LONG_ONLY_FULL,TT,12,0,1,facdb9827fe812da9c9bb34a4b0298245e1ee3ba72f33735397c5110cb18d324,fe4a93492c4ac23ea2ad064911c1b00ec51783aa62794ac30eaccb5e4d36f133,fe4a93492c4ac23ea2ad064911c1b00ec51783aa62794ac30eaccb5e4d36f133,600,True,0.016365871234339083,0.016365858971203667,0.08390063718403899,0.08390063403572814,0.05494115705556731,0.054941156906122654,0.10767097753970994,0.10767097711352897,0.9143565386112985,0.9143565431180948,0.0,0.0,0.5014466873738553,0.5014466898692203,0.08262340131083949,0.08262340092475108,0.5014466873738553,0.5014466898692203,0.0,0.0,0.0,0.0
S1_PRIMARY,LONG_ONLY_FULL,TT,13,0,1,d8cb7781d6a82c96f1acacf9d58a820c6bb99c42585bccdaabdefe52349363bd,753823a0286d0e46d21bb24443e4e0d73cf128348bff5a78e1ee26764c5214b9,753823a0286d0e46d21bb24443e4e0d73cf128348bff5a78e1ee26764c5214b9,600,True,0.016347978029291648,0.01634796575928008,0.08387932383413883,0.0838793206788598,0.05490679479982465,0.054906794649237124,0.10761467099254754,0.10761467056632706,0.9143434210559588,0.9143434255596947,0.0,0.0,0.5008209291431831,0.5008209316325999,0.08261012346637668,0.08261012308328328,0.5008209291431831,0.5008209316325999,0.0,0.0,0.0,0.0
S1_PRIMARY,LONG_ONLY_FULL,TT,14,0,1,41e4116789380c024734ab58deec0848cc1675215d3b85821ed1efb86e0006ca,84a3953f55f9def2e7deeb502312f988153339f7fb999ffff198638105012a67,84a3953f55f9def2e7deeb502312f988153339f7fb999ffff198638105012a67,600,True,0.01627858666755825,0.01627857438504258,0.08384017813335055,0.08384017492381261,0.0551451752659612,0.05514517511541812,0.10753319977506093,0.10753319935357539,0.9144581451850798,0.9144581496814176,0.0,0.0,0.5004377764620018,0.5004377788900404,0.0826148674487447,0.08261486706955981,0.5004377764620018,0.5004377788900404,0.0,0.0,0.0,0.0
S1_PRIMARY,LONG_ONLY_FULL,TT,15,0,1,69824712dfe453549c0869ec617c40d6d28f5f0644418ce0bc3900516e0dc9b3,b1688a175010be5f829a4267beaf777a15f7b6ad17eb8b59090c80ba81e1d528,b1688a175010be5f829a4267beaf777a15f7b6ad17eb8b59090c80ba81e1d528,600,True,0.016262239127811134,0.016262226838295757,0.08386298178991744,0.08386297855847737,0.0551185648383831,0.05511856468798925,0.10756073928896528,0.10756073886803613,0.9144185323143494,0.9144185368108951,0.0,0.0,0.5002215659137674,0.5002215683716592,0.08260818845775145,0.08260818808775537,0.5002215659137674,0.5002215683716592,0.0,0.0,0.0,0.0
S1_PRIMARY,LONG_ONLY_FULL,TT,16,0,1,e126bef6226c310bf916f77410efd948f74c3ec63781a25a9d8d48edd93dce67,86659ed9be713f7fe9962b4feb33f56f0216e585f76ff2ee9469684e6d1ecb6c,86659ed9be713f7fe9962b4feb33f56f0216e585f76ff2ee9469684e6d1ecb6c,600,True,0.016341794316704822,0.016341782054446707,0.08395691061399015,0.08395690741658042,0.055005396640822345,0.05500539649386569,0.10776001564436401,0.10776001522367855,0.9143425102591451,0.9143425147698843,0.0,0.0,0.5018938344435895,0.5018938369802889,0.08260841535486153,0.08260841497381928,0.5018938344435895,0.5018938369802889,0.0,0.0,0.0,0.0
S1_PRIMARY,LONG_ONLY_FULL,TT,17,0,1,db8aa973307b83edceceb097da744ffba780b93c53774a05ccae695ef8c206f6,c241b1352b191f2a73e59eb0c9d51927a01d8d72cfe985af936c75981220dfde,c241b1352b191f2a73e59eb0c9d51927a01d8d72cfe985af936c75981220dfde,600,True,0.016396271192650403,0.016396258940575212,0.08389281377032147,0.083892810659503,0.054877301512611956,0.0548773013621155,0.10766927703299245,0.10766927669610248,0.9143481849911612,0.9143481894995773,0.0,0.0,0.5016179431730864,0.5016179456468669,0.0826117345892987,0.08261173419741391,0.5016179431730864,0.5016179456468669,0.0,0.0,0.0,0.0
S1_PRIMARY,LONG_ONLY_FULL,TT,18,0,1,29437827b9ad7b900fdd7ffe8170f55c9443370830630814ef278674f848cf3e,a78e20e12083b46cdc94ba499bdc9469a51ac8380940b11c81246f2365c10f2c,a78e20e12083b46cdc94ba499bdc9469a51ac8380940b11c81246f2365c10f2c,600,True,0.016285416155038403,0.016285403874714555,0.08392754391760306,0.08392754069583411,0.05511176071370388,0.05511176056463139,0.10769158924958842,0.10769158882997186,0.9143902464052183,0.9143902509063335,0.0,0.0,0.5011979572726758,0.501197959715155,0.08261243969893572,0.08261243932321552,0.5011979572726758,0.501197959715155,0.0,0.0,0.0,0.0
S1_PRIMARY,LONG_ONLY_FULL,TT,19,0,1,f42e6192b68fc5bcbfcdbb53b85f4e0e773d67b6dc0e851ebe63257c6df73c58,74e0f219a280f3c631f12b361fe79408a6faabb8728716d2004aca093499646e,74e0f219a280f3c631f12b361fe79408a6faabb8728716d2004aca093499646e,600,True,0.016488327803524085,0.016488315575226675,0.08379456572469673,0.08379456267974614,0.054708213972053686,0.0547082138233144,0.10749339602601579,0.10749339568239517,0.9143579055546124,0.9143579100717472,0.0,0.0,0.5015514274075776,0.5015514300361337,0.0826304938411489,0.08263049343418943,0.5015514274075776,0.5015514300361337,0.0,0.0,0.0,0.0
S1_PRIMARY,LONG_ONLY_FULL,TT,20,0,1,2f1976ffb96fd52978724777929202e84184895991edee28ec6fb42099dcc924,f3e01e0df26c754f5253a47991cd93e54e1f9ee8bd12ae2211f2c9aad9ce3fdf,f3e01e0df26c754f5253a47991cd93e54e1f9ee8bd12ae2211f2c9aad9ce3fdf,600,True,0.01634484707246585,0.0163448348018416,0.08383115212511022,0.08383114894761533,0.05489050416223528,0.05489050401327139,0.10751480777923822,0.10751480735478733,0.9143563421054897,0.9143563466112189,0.0,0.0,0.5002699635387057,0.5002699661340684,0.0826087962713956,0.08260879588956833,0.5002699635387057,0.5002699661340684,0.0,0.0,0.0,0.0
S1_PRIMARY,LONG_ONLY_FULL,TT,21,0,1,19e4bc65d4ea60011183783c8397b390b77210b349c3d65d90ad0f9fe5c1b9ef,6c31a8406b9221a5291583a7e816d75a98a4dbc1e370731eaf184552cb674ee2,6c31a8406b9221a5291583a7e816d75a98a4dbc1e370731eaf184552cb674ee2,600,True,0.01637887273146704,0.01637886047636593,0.08384472853007979,0.0838447253964544,0.05496656015137039,0.0549665600019944,0.10760132483105486,0.10760132440276328,0.9144103514094667,0.9144103559168554,0.0,0.0,0.5013401220960815,0.5013401246088472,0.08262660879155084,0.08262660840176277,0.5013401220960815,0.5013401246088472,0.0,0.0,0.0,0.0
S1_PRIMARY,LONG_ONLY_FULL,TT,22,0,1,3e6b77ac2b409839fdb23dd6de74316fabea70b0f46d304059c2305c7883560e,c15fb78f7fda5cd0cfbc2e7d23de464379b4818bd1a21e137522bc782d1e7c1c,c15fb78f7fda5cd0cfbc2e7d23de464379b4818bd1a21e137522bc782d1e7c1c,600,True,0.01639015034333226,0.016390138092371765,0.0838687199584089,0.08386871683186191,0.054972993146279285,0.05497299299754201,0.10764122380297278,0.10764122337588336,0.9144039757691191,0.9144039802784636,0.0,0.0,0.5017731340781006,0.5017731365814538,0.08262673502591984,0.0826267346314581,0.5017731340781006,0.5017731365814538,0.0,0.0,0.0,0.0
S1_PRIMARY,LONG_ONLY_FULL,TT,23,0,1,7d2c686f155eb83cd272f5063deae31a089067eb4961cb9909ef4e9f20f2f24f,4ef2ee558a062d00f4a8b16e772732ba47d2c2a40e09ffaee642be895b303ffd,4ef2ee558a062d00f4a8b16e772732ba47d2c2a40e09ffaee642be895b303ffd,600,True,0.01640039673043736,0.016400384470256026,0.08381957930177338,0.08381957620965053,0.05482107147031124,0.054821071318634534,0.10752193547735928,0.10752193513695867,0.9143610049059618,0.914361009410215,0.0,0.0,0.5007873069835737,0.5007873094712224,0.08262937433209774,0.08262937393839893,0.5007873069835737,0.5007873094712224,0.0,0.0,0.0,0.0
S1_PRIMARY,LONG_ONLY_FULL,TT,24,0,1,390b8af2860b5b32b60b91ea1a79e6af7506a2dca01c514d1a93c145afa509de,51a5ab7a86a50f3bbf205e6f6813e8211ae8195840d4e33aa7f67029e8ffbebc,51a5ab7a86a50f3bbf205e6f6813e8211ae8195840d4e33aa7f67029e8ffbebc,600,True,0.016334055119097086,0.016334042851496023,0.08381596164518161,0.0838159584694114,0.05500504727192029,0.05500504712264023,0.10750014699180278,0.10750014656806808,0.9144233346752086,0.9144233391786462,0.0,0.0,0.5005112438163623,0.5005112463478116,0.08261033372482614,0.08261033333830767,0.5005112438163623,0.5005112463478116,0.0,0.0,0.0,0.0
S1_PRIMARY,LONG_ONLY_FULL,TT,25,0,1,721aea77f390058f8bb72073f4781a871c1ff82475cab27a4f5ae4bcddc4d558,1fb3c19382c64762ebecc79982e2ed96513ab6676bffb4c58ac22326fd8cab83,1fb3c19382c64762ebecc79982e2ed96513ab6676bffb4c58ac22326fd8cab83,600,True,0.016334400849755928,0.016334388570279117,0.08381551451116498,0.08381551134560111,0.05485730516798925,0.054857305016899685,0.10747300309981903,0.10747300267379359,0.9143462808533033,0.9143462853538926,0.0,0.0,0.4997839685068169,0.49978397104666883,0.0826101170862892,0.08261011670477647,0.4997839685068169,0.49978397104666883,0.0,0.0,0.0,0.0
S1_PRIMARY,LONG_ONLY_FULL,TT,26,0,1,3db67f8676c13a11c6940c515da8257eec187159d105d84012b90df81aac2152,e45fd53111c108d0428d0eef2f2fb547be219be17696e5865ebbde607e6aca20,e45fd53111c108d0428d0eef2f2fb547be219be17696e5865ebbde607e6aca20,600,True,0.016461818039947656,0.01646180580534246,0.08384460616352073,0.08384460307231444,0.05475960734301804,0.054759607196447076,0.10758861895068446,0.10758861861414017,0.9143329896983546,0.9143329942178936,0.0,0.0,0.5017398882773252,0.5017398909537405,0.082620745565876,0.08262074516515966,0.5017398882773252,0.5017398909537405,0.0,0.0,0.0,0.0
S1_PRIMARY,LONG_ONLY_FULL,TT,27,0,1,ec206cfb39fc39a9d820e2dfd9fe02d5d4161a8ca469b044b2efb0a7e8ed0683,7aa263b23438a599a5f23b5a7d8bfff6d1502de505fef37a2f2485d8d4aff6b7,7aa263b23438a599a5f23b5a7d8bfff6d1502de505fef37a2f2485d8d4aff6b7,600,True,0.01631026199789791,0.0163102497200505,0.08383175659260095,0.08383175343308874,0.05507511145102997,0.05507511129858099,0.10754996525575296,0.10754996482868755,0.9144460828441633,0.9144460873395911,0.0,0.0,0.5005812529589153,0.500581255334782,0.08262387284818794,0.08262387246532382,0.5005812529589153,0.500581255334782,0.0,0.0,0.0,0.0
S1_PRIMARY,LONG_ONLY_FULL,TT,28,0,1,f47dd4fe214d78059c4efadc14788c0c437d0c81bb2360d6e85cb7b37165f094,068176b3b1e219ba90acd45996a52fa0438e88a20bf914e041870e48db187edf,068176b3b1e219ba90acd45996a52fa0438e88a20bf914e041870e48db187edf,600,True,0.01636522819571205,0.016365215934299942,0.08383703859817278,0.08383703544554293,0.05493413706643121,0.05493413691745864,0.10754967404863701,0.10754967362272956,0.914386446831869,0.9143864513390264,0.0,0.0,0.5008619869168922,0.5008619894739655,0.08261410987092221,0.08261410948339326,0.5008619869168922,0.5008619894739655,0.0,0.0,0.0,0.0
S1_PRIMARY,LONG_ONLY_FULL,TT,29,0,1,085f18ee2c5928471fed8073794c6a6458eabd914c7cbadd8caf95a90678d9e3,e5d863d05eea06ac77c20b100bc2f6b2aff05b0628fdda8e913b8b3edc0554ab,e5d863d05eea06ac77c20b100bc2f6b2aff05b0628fdda8e913b8b3edc0554ab,600,True,0.016305362098387323,0.016305349823387286,0.08385984850106012,0.0838598452911862,0.05508446940191886,0.05508446925339931,0.10758054171108473,0.10758054128946003,0.9144222381441641,0.9144222426469919,0.0,0.0,0.5007814123181169,0.5007814148370286,0.08261812960114588,0.08261812922314975,0.5007814123181169,0.5007814148370286,0.0,0.0,0.0,0.0
S1_PRIMARY,LONG_ONLY_FULL,TT,30,0,1,111ad407cebaced38defbd387ffa68d380f9e4c7aeb34b8f001c06bef0dd75ac,e9ceb832b9d328645c0e00c14fa3be2bc4b04e9a214882fdd7610c8b72d2b2ed,e9ceb832b9d328645c0e00c14fa3be2bc4b04e9a214882fdd7610c8b72d2b2ed,600,True,0.016341571275873847,0.016341559019090166,0.0839999184087136,0.08399991521048335,0.05509678017080852,0.05509678002445074,0.10786942670592686,0.10786942628516152,0.914338418797416,0.9143384194208134,0.0,0.0,0.5027283958592389,0.5027283983505857,0.08261422213665774,0.08261422175711182,0.5027283958592389,0.5027283983505857,0.0,0.0,0.0,0.0
S1_PRIMARY,LONG_ONLY_FULL,TT,31,0,1,b42f1577b43026bd5de4b725b324ec6c6bf3983256b4f8b70edfd5b7130dd372,65eca810ec8672765512aa779413e06bb45bd3feb0df7d86320cf0070a89dd95,65eca810ec8672765512aa779413e06bb45bd3feb0df7d86320cf0070a89dd95,600,True,0.01633008386903998,0.016330071592774924,0.08375653354668446,0.08375653037054051,0.0549200348268108,0.054920034676830966,0.10737673285746753,0.10737673243226668,0.914408717420207,0.9144087219211996,0.0,0.0,0.49951611499583315,0.4995161175833542,0.08261203274661186,0.08261203236314886,0.49951611499583315,0.4995161175833542,0.0,0.0,0.0,0.0
S1_PRIMARY,LONG_ONLY_FULL,TT,32,0,1,ef91df92304d8d2f4913fcd7cef06bb20625ab8a8a1a07ba41345a39248769ef,1419ee3c7e7d9e7fb25ecfb32050fd0e0294b2902016d3e33f0af5886b929007,1419ee3c7e7d9e7fb25ecfb32050fd0e0294b2902016d3e33f0af5886b929007,600,True,0.016255760072700055,0.01625574778247723,0.08396830632500228,0.08396830307814765,0.05514693077330558,0.05514693062372199,0.10774132936323898,0.10774132894580163,0.9143720364621322,0.9143720409603603,0.0,0.0,0.5011794470409932,0.5011794494418016,0.08261173323468966,0.08261173286461075,0.5011794470409932,0.5011794494418016,0.0,0.0,0.0,0.0
S1_PRIMARY,LONG_ONLY_FULL,TT,33,0,1,becc6121dcc5f1ada8405f224f1e0b727d47951d8207754966fbbedd5748f29a,5363afd0d2f928f65a2bc18435809761e9be4997d7ac111d91f4c39c1d47d552,5363afd0d2f928f65a2bc18435809761e9be4997d7ac111d91f4c39c1d47d552,600,True,0.0162670394400086,0.016267027158272763,0.08394060045989658,0.0839405972111156,0.0552032162978753,0.05520321615026505,0.1077167959709469,0.10771679555418673,0.9144160541153286,0.9144160586172894,0.0,0.0,0.5014511456638535,0.5014511481174627,0.0826155192296355,0.08261551885656529,0.5014511456638535,0.5014511481174627,0.0,0.0,0.0,0.0
S1_PRIMARY,LONG_ONLY_FULL,TT,34,0,1,82f69c941251f891aceaca1f1b1222bd69ecb0d21b1422f70073a50c5fa923a0,043016d422028a7b67120c5a1181efd6cd814fdf4ea1d7f13a9150a30f693e99,043016d422028a7b67120c5a1181efd6cd814fdf4ea1d7f13a9150a30f693e99,600,True,0.01622941996418698,0.01622940766419051,0.08387857530251391,0.08387857204227975,0.055162728730627816,0.05516272857989377,0.10757017155388587,0.10757017113512182,0.9144180086685127,0.9144180131616353,0.0,0.0,0.49999533287036196,0.4999953353025981,0.08261032773836424,0.08261032737373034,0.49999533287036196,0.4999953353025981,0.0,0.0,0.0,0.0
S1_PRIMARY,LONG_ONLY_FULL,TT,35,0,1,dac52f7c6d8c3dae3562073bef0d3a4517a995aaf1cfc15323d30c40f38b26f3,4cb0a9a6100f4e2217a402fa966c70611bcc1c228cd30d8a8323e37a4ebba515,4cb0a9a6100f4e2217a402fa966c70611bcc1c228cd30d8a8323e37a4ebba515,600,True,0.016357231720319113,0.016357219453062136,0.08381747350881577,0.08381747036283964,0.05493177167877983,0.05493177152834728,0.10752623305191217,0.10752623262392112,0.9143984974538492,0.9143985019568251,0.0,0.0,0.500556856746125,0.5005568592610037,0.08262698437684397,0.08262698399045092,0.500556856746125,0.5005568592610037,0.0,0.0,0.0,0.0
S1_PRIMARY,LONG_ONLY_FULL,TT,36,0,1,8c6b1a4de743b2f1f84a68e3839dcd23a527dc0950faa6a41b13573c4f1ded9c,14166c12914dea42978b3bed4b9f948dfcfa864b56f2b63644e1810a6f43014c,14166c12914dea42978b3bed4b9f948dfcfa864b56f2b63644e1810a6f43014c,600,True,0.0162719338461356,0.016271921554225518,0.0838214782695638,0.08382147506942164,0.05505013748174174,0.05505013732937715,0.10748446299342042,0.10748446256985253,0.9144162863363295,0.9144162908290406,0.0,0.0,0.4997325110118721,0.4997325134291351,0.08260874916108775,0.08260874878530046,0.4997325110118721,0.4997325134291351,0.0,0.0,0.0,0.0
S1_PRIMARY,LONG_ONLY_FULL,TT,37,0,1,79db97d27e50f32fcab4dd69166d1737aaba1463c07030ab5334430b157af1c7,0e4b824883ef91eca26060bab6ce445c46249b02cebbd392c9fece08b9a8bc6f,0e4b824883ef91eca26060bab6ce445c46249b02cebbd392c9fece08b9a8bc6f,600,True,0.016272296456425604,0.016272284175653403,0.08396179596567625,0.08396179273325638,0.055179484331260846,0.05517948418242787,0.10775594930545253,0.10775594888782795,0.91440123322302,0.9144012377234637,0.0,0.0,0.5016279200185553,0.5016279224114547,0.08261377963564132,0.08261377925917714,0.5016279200185553,0.5016279224114547,0.0,0.0,0.0,0.0
S1_PRIMARY,LONG_ONLY_FULL,TT,38,0,1,9b6e6f82dc6de665a9d2798617f241393d363389ea677dbd9e779a8df6ba06ee,2590439b427e667d34a9aa5698b25d7fde9bf7065887e73f889f7feafacac173,2590439b427e667d34a9aa5698b25d7fde9bf7065887e73f889f7feafacac173,600,True,0.0163881578667047,0.016388145603962272,0.08387186543817934,0.08387186232330497,0.05484259846325382,0.054842598312568894,0.10761960050544073,0.10761960007652527,0.9143341143138003,0.9143341188194939,0.0,0.0,0.5011275427060066,0.5011275451948289,0.08262511256036813,0.08262511216903115,0.5011275427060066,0.5011275451948289,0.0,0.0,0.0,0.0
S1_PRIMARY,LONG_ONLY_FULL,TT,39,0,1,179c9b821e31bd946032beca9566151784ab33004d7137d98f084ca2fe6e20ca,4268c9269ec8df8a0c1c7904245bd4d8cc323809e1f486472b40da52b7c6a26a,4268c9269ec8df8a0c1c7904245bd4d8cc323809e1f486472b40da52b7c6a26a,600,True,0.01645529627061481,0.016455284035830568,0.08387087414145601,0.0838708710550644,0.05480736271138897,0.05480736256385831,0.10764501201447563,0.10764501167536332,0.914344489630959,0.9143444941486143,0.0,0.0,0.5021159973076172,0.5021159999131042,0.08262968019577033,0.08262967979768283,0.5021159973076172,0.5021159999131042,0.0,0.0,0.0,0.0
S2_CONFIRMATORY_CONSTRAINT,LONG_ONLY_CAP50,TT,0,0,1,6edf30b752c62b6bd0e695606ae9bf0e27c03deb387b6e07215ffcd28b15489d,fe7bff2fa959fff007e9b00d4eb1cac1773141f60f7faaa826a2ea3076c33718,fe7bff2fa959fff007e9b00d4eb1cac1773141f60f7faaa826a2ea3076c33718,600,True,0.008273929874096071,0.008273923614429034,0.04124610263904826,0.04124610184899906,0.02821909853778225,0.02821909866999387,0.05488748578888247,0.05488748561955915,0.956714755187536,0.9567147555598353,0.0,0.0,0.25026316130283177,0.2502631617042648,0.020686819535130616,0.02068681948195614,0.25026316130283177,0.2502631617042648,0.0,0.0,0.0,0.0
S2_CONFIRMATORY_CONSTRAINT,LONG_ONLY_CAP50,TT,1,0,1,51f9dbfff7586569633fd46026fc08f1e4046ce44ba3970c6315f23e40e5eb7c,b255356027b35686c9699950e3e924247df49359be0c2b2a808d47481d010bd3,b255356027b35686c9699950e3e924247df49359be0c2b2a808d47481d010bd3,600,True,0.008303148467681293,0.00830314221294818,0.04120379517835305,0.041203794428080504,0.02814622325098507,0.028146223382071584,0.05485317351154667,0.054853173338441585,0.956727436033937,0.9567274364004293,0.0,0.0,0.25018399467763003,0.2501839950769057,0.02068789757754179,0.020687897521261562,0.25018399467763003,0.2501839950769057,0.0,0.0,0.0,0.0
S2_CONFIRMATORY_CONSTRAINT,LONG_ONLY_CAP50,TT,2,0,1,758c7dd4846627924b9bcadfdee47c500366684de8bc8ee3527b0a7609b9d3c0,024b2623f627e05a3add08bb04f6672206e81c95d0833050971709f4605e4a14,024b2623f627e05a3add08bb04f6672206e81c95d0833050971709f4605e4a14,600,True,0.008278856271829609,0.008278850011520811,0.04122503787280456,0.04122503709158774,0.028177942083761665,0.02817794221567943,0.05485279999183399,0.05485279982133651,0.9567434400668027,0.9567434404402295,0.0,0.0,0.24999980424388882,0.24999980465887447,0.020686586903672453,0.020686586850025637,0.24999980424388882,0.24999980465887447,0.0,0.0,0.0,0.0
S2_CONFIRMATORY_CONSTRAINT,LONG_ONLY_CAP50,TT,3,0,1,6fd2fc58547deb63bb3e8e63b1c57eca280e1251cfc31fe666fb295efdd03765,fa5ae60051ae6ded6cde866c2efab5a1c4b08d76ebdbf3e30b0e1467b404c835,fa5ae60051ae6ded6cde866c2efab5a1c4b08d76ebdbf3e30b0e1467b404c835,600,True,0.008286044749516193,0.008286038491164337,0.04120734472911055,0.04120734395870806,0.028180059216768166,0.028180059348342373,0.05483804409750155,0.05483804392589559,0.9567382876624081,0.9567382880318883,0.0,0.0,0.25002001632075394,0.2500200167299783,0.020687832290173982,0.02068783223550396,0.25002001632075394,0.2500200167299783,0.0,0.0,0.0,0.0
S2_CONFIRMATORY_CONSTRAINT,LONG_ONLY_CAP50,TT,4,0,1,f308b15df0894592f4d391bd3171a240cb3a8999f304da22950d010500153a3c,2a20a4f278a5fba034da6111008d7e3fefbea1f1b64ae82daa40c8196e355e51,2a20a4f278a5fba034da6111008d7e3fefbea1f1b64ae82daa40c8196e355e51,600,True,0.00828529005767474,0.008285283800129696,0.04123056458415838,0.041230563805362934,0.028192583070126426,0.02819258320232201,0.05485966194828487,0.054859661778456255,0.9567150075974122,0.9567150079681677,0.0,0.0,0.2501999909199995,0.25019999134238186,0.020686059738187445,0.02068605968369048,0.2501999909199995,0.25019999134238186,0.0,0.0,0.0,0.0
S2_CONFIRMATORY_CONSTRAINT,LONG_ONLY_CAP50,TT,5,0,1,d1f3c936a0267e41b3f79fe1e74ecde8a872beea114e539cbe9444f55b5bea97,6c7e8de35cebd2bf62f272fc6ed9935fd6a17c833dccfee374ec02bdf9fda038,6c7e8de35cebd2bf62f272fc6ed9935fd6a17c833dccfee374ec02bdf9fda038,600,True,0.008271823528529973,0.008271817267561429,0.0412376217459629,0.04123762095855758,0.0282099265854538,0.028209926717328106,0.05487337789081996,0.05487337772092852,0.9567322256301125,0.9567322260026865,0.0,0.0,0.2501248962699494,0.25012489666499066,0.020686968473161888,0.020686968419984773,0.2501248962699494,0.25012489666499066,0.0,0.0,0.0,0.0
S2_CONFIRMATORY_CONSTRAINT,LONG_ONLY_CAP50,TT,6,0,1,f8c2ca65ea30d315bc43fc73b5eeb81572a34012cf00a84767b47712ed310b84,2a8dbc23a06dcf67bd9c7a7905579df6beee4175bdcc0e4f2a58c866ef18ce43,2a8dbc23a06dcf67bd9c7a7905579df6beee4175bdcc0e4f2a58c866ef18ce43,600,True,0.008295276526985118,0.008295270267839643,0.041152642476780875,0.04115264173244703,0.028116695743419882,0.0281166958737113,0.054750931253282946,0.054750931078797464,0.9567961017721964,0.956796102139155,0.0,0.0,0.24948009138505828,0.24948009179661232,0.020687491071772663,0.020687491015041793,0.24948009138505828,0.24948009179661232,0.0,0.0,0.0,0.0
S2_CONFIRMATORY_CONSTRAINT,LONG_ONLY_CAP50,TT,7,0,1,6566dbc98c7b79976b1c930286ad849011de7bf7b518989f9af1e45bc57993f6,8c6967e3afd6f43cc06082f9d60bb4195ad22372ce03048cd5afc5f6a4f2465d,8c6967e3afd6f43cc06082f9d60bb4195ad22372ce03048cd5afc5f6a4f2465d,600,True,0.008268960698693609,0.008268954434998426,0.04122125712579985,0.04122125634192934,0.028182182600980453,0.028182182732456186,0.054827595148561524,0.05482759497839194,0.9567674080302058,0.9567674084040261,0.0,0.0,0.24977962430374293,0.2497796247068379,0.020686462589678555,0.02068646253605588,0.24977962430374293,0.2497796247068379,0.0,0.0,0.0,0.0
S2_CONFIRMATORY_CONSTRAINT,LONG_ONLY_CAP50,TT,8,0,1,1a2918eb0137a01640eb60e189b2a2792e79d2ff6c7ec63e1d17b02b6081b2a0,a95072633075a67d7d03f7381263d42de40ed8cb8fac33e6a0b80509980363ef,a95072633075a67d7d03f7381263d42de40ed8cb8fac33e6a0b80509980363ef,600,True,0.008277921139459693,0.008277914880541611,0.041194150047142705,0.04119414927225682,0.02821539979983465,0.028215399931273893,0.05481644547167866,0.054816445300128594,0.9567417663580546,0.9567417667254873,0.0,0.0,0.2499392916506333,0.24993929205154802,0.02068772363961523,0.020687723585192563,0.2499392916506333,0.24993929205154802,0.0,0.0,0.0,0.0
S2_CONFIRMATORY_CONSTRAINT,LONG_ONLY_CAP50,TT,9,0,1,76e94cff89ee96db4c4caf990e79c581a1e4f62775562c6fd9558fb00831a654,bae349e1900cdf2489cdc3dd96b09993557aa33c00531dcd3516fb48f61ef98b,bae349e1900cdf2489cdc3dd96b09993557aa33c00531dcd3516fb48f61ef98b,600,True,0.008272826058992034,0.008272819796146233,0.04120686761285792,0.04120686683750653,0.028165497960711505,0.02816549809173885,0.054819789428368855,0.0548197892568096,0.9567804712248738,0.9567804715977339,0.0,0.0,0.2497048150259547,0.2497048154202145,0.020686472018393378,0.020686471964416843,0.2497048150259547,0.2497048154202145,0.0,0.0,0.0,0.0
S2_CONFIRMATORY_CONSTRAINT,LONG_ONLY_CAP50,TT,10,0,1,e0a144c99f577fa4d1010a376323951c8b420b874e7302e14aae4e802041073c,4863a7d819e29f507cbf8fea972b1c7da537f2b6e7d8935a3effbf5ad9b0ba8c,4863a7d819e29f507cbf8fea972b1c7da537f2b6e7d8935a3effbf5ad9b0ba8c,600,True,0.008277548463747836,0.008277542202897763,0.04120046995642783,0.04120046918738582,0.028170112422324232,0.02817011255313373,0.05481980240097732,0.05481980222881028,0.9567726250191066,0.9567726253894137,0.0,0.0,0.24977826534982694,0.2497782657369292,0.020686345744490173,0.020686345689950914,0.24977826534982694,0.2497782657369292,0.0,0.0,0.0,0.0
S2_CONFIRMATORY_CONSTRAINT,LONG_ONLY_CAP50,TT,11,0,1,1bb8eb16c4e7b1fe2ac26039d54921d22aafe33afaa783bdf22c1bacc4e1ce82,7a55e9e81f9bb5e5bed06ebc2e42808f98b53a364239fe173a8dfb190e342795,7a55e9e81f9bb5e5bed06ebc2e42808f98b53a364239fe173a8dfb190e342795,600,True,0.008281212692958673,0.008281206433401333,0.04122708801516295,0.04122708723929621,0.0281809983534851,0.028180998485102308,0.05486323465927807,0.05486323448838502,0.9567375069305284,0.9567375073021999,0.0,0.0,0.250088781572181,0.2500887819717054,0.0206868296197807,0.0206868295657165,0.250088781572181,0.2500887819717054,0.0,0.0,0.0,0.0
S2_CONFIRMATORY_CONSTRAINT,LONG_ONLY_CAP50,TT,12,0,1,3aac4d0a1c79ec77494f8e4452756368cc14db49474cb52bba433105a7a7d5d3,480374f706f983ace3eb7004926b6b3dfb75b8399bd0374bf3628cb11de57a8c,480374f706f983ace3eb7004926b6b3dfb75b8399bd0374bf3628cb11de57a8c,600,True,0.008280607010216453,0.00828060075069457,0.041239174232518175,0.04123917345326221,0.028192077798453896,0.028192077930245845,0.054877458630708746,0.054877458460518044,0.9567241849268563,0.9567241852982811,0.0,0.0,0.2502008990059744,0.25020089940405604,0.0206874284636515,0.020687428409611637,0.2502008990059744,0.25020089940405604,0.0,0.0,0.0,0.0
S2_CONFIRMATORY_CONSTRAINT,LONG_ONLY_CAP50,TT,13,0,1,2204f08dfc06c55e6b086ae27ab21753ee4fcf2d8e1d6690479fdf4ac7aa3b71,b34ded7a4da38bb01cb5e1cca4ae8e7d298fa872e58bf0200d0e095da30108a0,b34ded7a4da38bb01cb5e1cca4ae8e7d298fa872e58bf0200d0e095da30108a0,600,True,0.008292627148712924,0.008292620891067934,0.04120817905390412,0.041208178293496434,0.02814736029075148,0.028147360421916137,0.05484682683055449,0.054846826658022284,0.956747296984042,0.9567472973539335,0.0,0.0,0.25001873764276145,0.2500187380435754,0.020687067342249274,0.020687067287075932,0.25001873764276145,0.2500187380435754,0.0,0.0,0.0,0.0
S2_CONFIRMATORY_CONSTRAINT,LONG_ONLY_CAP50,TT,14,0,1,648316d23134f5aa0043d63317b23936e11232556803d966a42fb381520cc37d,f9996efef2e6214d1a85e73fa9fc3e808e5f5ebde34aeb5caa884301d53cb65b,f9996efef2e6214d1a85e73fa9fc3e808e5f5ebde34aeb5caa884301d53cb65b,600,True,0.008264548165927725,0.008264541902740886,0.04122290074304533,0.04122289995425851,0.02822755506654776,0.02822755519811476,0.054833232333387494,0.05483323216375806,0.9567467981337932,0.9567467985045092,0.0,0.0,0.24991851483054942,0.2499185152220569,0.020687795659609615,0.02068779560602943,0.24991851483054942,0.2499185152220569,0.0,0.0,0.0,0.0
S2_CONFIRMATORY_CONSTRAINT,LONG_ONLY_CAP50,TT,15,0,1,5e801c625fe6d9a61850fa1b47caaa5feff4da3c54e2f2bee3f7a93aeccedc88,e043f27929000897e04fd315b611bda9eda384e1f6836233b6165acf7dbf15dc,e043f27929000897e04fd315b611bda9eda384e1f6836233b6165acf7dbf15dc,600,True,0.00825737095114301,0.008257364686737196,0.04122983664105387,0.04122983584209922,0.028226422358316162,0.028226422490189758,0.05484408730419716,0.05484408713491281,0.9567576677394004,0.9567576681141421,0.0,0.0,0.24986006482010342,0.24986006521726692,0.0206860813933226,0.020686081341179084,0.24986006482010342,0.24986006521726692,0.0,0.0,0.0,0.0
S2_CONFIRMATORY_CONSTRAINT,LONG_ONLY_CAP50,TT,16,0,1,d52898c1526b4500f86731f1ed967af4df12e21ea105cd2303fe0422cf6ebc16,c52dafc9b4ec9757b3e0432811f966375e90d87da4fb0d9e32bacdba0a2ae8c0,c52dafc9b4ec9757b3e0432811f966375e90d87da4fb0d9e32bacdba0a2ae8c0,600,True,0.008279670578685693,0.008279664319729457,0.04124980257872159,0.04124980179341405,0.02819552776671502,0.028195527898914986,0.05489362749148013,0.054893627321944895,0.9567153789724264,0.9567153793455323,0.0,0.0,0.25028441106999455,0.2502844114766506,0.02068627690693622,0.020686276853426482,0.25028441106999455,0.2502844114766506,0.0,0.0,0.0,0.0
S2_CONFIRMATORY_CONSTRAINT,LONG_ONLY_CAP50,TT,17,0,1,a64b9560e1f5829e7b2e964c33627b4454795cb349dd7e915c83e5bd92625bc1,53d7bd274c3622e20b1cb7083263f2d090ef1960b46d86d3e168471781c7b6a1,53d7bd274c3622e20b1cb7083263f2d090ef1960b46d86d3e168471781c7b6a1,600,True,0.008291213137530548,0.008291206880605239,0.04122307761243752,0.04122307684617758,0.0281730627377081,0.028173062869208926,0.05486919812379967,0.05486919795220831,0.9567237611902577,0.9567237615594159,0.0,0.0,0.2502145921178258,0.2502145925164207,0.020687410067719333,0.0206874100127635,0.2502145921178258,0.2502145925164207,0.0,0.0,0.0,0.0
S2_CONFIRMATORY_CONSTRAINT,LONG_ONLY_CAP50,TT,18,0,1,95230c73b6d57b0f6bd6551c722fa17059957780f4949138c7e1347d2a912ab1,5908241980e562792d5d6255c5b58618de079ce38ba64e54d8b18e31f672f4b7,5908241980e562792d5d6255c5b58618de079ce38ba64e54d8b18e31f672f4b7,600,True,0.008273526491599537,0.008273520230760866,0.04123731048888166,0.04123730970291147,0.02820199359305039,0.028201993724925087,0.05486963875027671,0.05486963858042433,0.9567335727044816,0.9567335730771682,0.0,0.0,0.2501063122802835,0.25010631267949673,0.020686765275772834,0.020686765222353985,0.2501063122802835,0.25010631267949673,0.0,0.0,0.0,0.0
S2_CONFIRMATORY_CONSTRAINT,LONG_ONLY_CAP50,TT,19,0,1,9752d16be17cd675875c30146071baa1aea462ec5b88d2f751092f89cd6ec312,9b62f1d0637287edd7290305bb388f52af1e0c118c9ba1102261d566cf3f3420,9b62f1d0637287edd7290305bb388f52af1e0c118c9ba1102261d566cf3f3420,600,True,0.00831593507231795,0.008315928820511654,0.04118711863144671,0.04118711789213558,0.028124632307441073,0.02812463243861076,0.054837858377388526,0.05483785820336458,0.9567212412165399,0.9567212415812902,0.0,0.0,0.2501956534265369,0.2501956538445836,0.020688008685760383,0.020688008628487832,0.2501956534265369,0.2501956538445836,0.0,0.0,0.0,0.0
S2_CONFIRMATORY_CONSTRAINT,LONG_ONLY_CAP50,TT,20,0,1,e6bf1f79ea5a53756827d5dec156ef9f51141298d4a23cac0065e6bea9e43391,49cbb871565588274de737a0feeddf22078081f1a112b69582f0ed3d3fbb0c67,49cbb871565588274de737a0feeddf22078081f1a112b69582f0ed3d3fbb0c67,600,True,0.008276195869930147,0.008276189608675273,0.041216391922674483,0.04121639114267852,0.028179653176723166,0.02817965330839329,0.054834534482683286,0.05483453431199066,0.9567544876501408,0.9567544880229096,0.0,0.0,0.24988565163852183,0.24988565204951227,0.020686680123635174,0.020686680069804234,0.24988565163852183,0.24988565204951227,0.0,0.0,0.0,0.0
S2_CONFIRMATORY_CONSTRAINT,LONG_ONLY_CAP50,TT,21,0,1,fa8c058d8c08746c626f8b9f2a591f05388ef4428892a85bc558d9d6f487a674,06f698227b0ff65463e525519e9d010b1e203246e5cd996f744bb388af2d4103,06f698227b0ff65463e525519e9d010b1e203246e5cd996f744bb388af2d4103,600,True,0.008284066135594313,0.008284059877119231,0.041220531128957814,0.04122053035551448,0.02819464781517534,0.02819464794682454,0.054852868893772985,0.05485286872294199,0.9567256483572619,0.9567256487262457,0.0,0.0,0.2501355253917434,0.25013552579416165,0.02068787941878829,0.020687879364079002,0.2501355253917434,0.25013552579416165,0.0,0.0,0.0,0.0
S2_CONFIRMATORY_CONSTRAINT,LONG_ONLY_CAP50,TT,22,0,1,3a5a1a68e6f567a236e525709132f109dfa55622a93feabe83088e34d2f7e03e,20e9e18017d6bcf748fbb896fbd1e9f84a78ca86fb66eebd536092b86d38f5a3,20e9e18017d6bcf748fbb896fbd1e9f84a78ca86fb66eebd536092b86d38f5a3,600,True,0.008290819756136299,0.008290813499391037,0.041222633394007745,0.04122263262598294,0.028185762190396875,0.028185762322057762,0.05486272639206353,0.05486272622097631,0.9567152827156769,0.9567152830837716,0.0,0.0,0.25024000718307865,0.2502400075869624,0.02068779282172944,0.02068779276652584,0.25024000718307865,0.2502400075869624,0.0,0.0,0.0,0.0
S2_CONFIRMATORY_CONSTRAINT,LONG_ONLY_CAP50,TT,23,0,1,5b22eec30ef475775797eb3775e332b15dd95ad0ff9c83518fb0330aa5a00b29,f39e2f0c4a3d6f6feadc98161dacff8e9f2d50891454398ae6cd4c6e1f03e71e,f39e2f0c4a3d6f6feadc98161dacff8e9f2d50891454398ae6cd4c6e1f03e71e,600,True,0.008291216797740836,0.008291210539484424,0.04120754839106984,0.04120754762942553,0.02815533956522105,0.02815533969642711,0.054839414611731516,0.054839414439552245,0.9567449483968715,0.9567449487660867,0.0,0.0,0.25000504763988884,0.25000504804227025,0.020687774322230967,0.020687774266870015,0.25000504763988884,0.25000504804227025,0.0,0.0,0.0,0.0
S2_CONFIRMATORY_CONSTRAINT,LONG_ONLY_CAP50,TT,24,0,1,8f9a2956d2431a04a74f6c4945badf3d928b1bd90c843c674ac201058726de9d,f304930d3aae01d35981f409d26a8d00aa87cf2902812b83e12b46136d32b1f1,f304930d3aae01d35981f409d26a8d00aa87cf2902812b83e12b46136d32b1f1,600,True,0.008278757849883411,0.008278751589595774,0.04121007860101515,0.04121007782587961,0.02819037137188352,0.028190371503362843,0.05482085472434862,0.05482085455370248,0.9567465217930675,0.9567465221626582,0.0,0.0,0.24991063901364224,0.24991063942110586,0.020687024020931196,0.02068702396612396,0.24991063901364224,0.24991063942110586,0.0,0.0,0.0,0.0
S2_CONFIRMATORY_CONSTRAINT,LONG_ONLY_CAP50,TT,25,0,1,4e6692cac162ed0407e5b38e5a0319ab40ecb9ece233e8fa2c596352bdb38909,704cc4848e53ce27d86b3a295d5cf3d9965eb842e1bb34c80a52d261029eca24,704cc4848e53ce27d86b3a295d5cf3d9965eb842e1bb34c80a52d261029eca24,600,True,0.008272523208972976,0.008272516945810241,0.04121719236778312,0.04121719158795297,0.028172727590172385,0.028172727721555928,0.05482329551600976,0.05482329534548565,0.9567684704581667,0.9567684708314064,0.0,0.0,0.24976834935028303,0.24976834975507486,0.02068679294816473,0.02068679289416879,0.24976834935028303,0.24976834975507486,0.0,0.0,0.0,0.0
S2_CONFIRMATORY_CONSTRAINT,LONG_ONLY_CAP50,TT,26,0,1,756bb8358df58abaa3474ff1cee424d0615f6e0e8bc22cdf8c8462a5a97a2c08,735924f2a87e4c4534beef4c1c392dc30d61e5ddd4aa96c026e65e47c3c2670b,735924f2a87e4c4534beef4c1c392dc30d61e5ddd4aa96c026e65e47c3c2670b,600,True,0.008315430050607487,0.008315423798021774,0.04120031322482098,0.04120031248275613,0.028121221932273534,0.028121222063599745,0.05484902462438231,0.05484902445104512,0.9567164716906484,0.9567164720565526,0.0,0.0,0.25024452212973725,0.25024452255016566,0.020688210668864657,0.020688210611681083,0.25024452212973725,0.25024452255016566,0.0,0.0,0.0,0.0
S2_CONFIRMATORY_CONSTRAINT,LONG_ONLY_CAP50,TT,27,0,1,fc535c6bf532cbc2aca51a9789638f9a055e6757954fe5bb98d1a5c04f717d3e,555146b812fcdd1c921f3de7242096694d71500ec605d37ec043f1cd99b98b3a,555146b812fcdd1c921f3de7242096694d71500ec605d37ec043f1cd99b98b3a,600,True,0.00827471339623095,0.008274707135489072,0.04121063033489469,0.04121062955965799,0.0282065587624949,0.02820655889365509,0.05483421024666208,0.054834210075463866,0.9567475428819683,0.9567475432506813,0.0,0.0,0.24995740738780503,0.24995740777222045,0.02068772429145768,0.02068772423709562,0.24995740738780503,0.24995740777222045,0.0,0.0,0.0,0.0
S2_CONFIRMATORY_CONSTRAINT,LONG_ONLY_CAP50,TT,28,0,1,32e14c4cd28cde4ac4d52f8ea4996d2f3d11f6b0cdd4001d06d9490bad4b5fc2,ac0d450cc0020398f0d130f0e8d6ef53fd1feb799077398b0d31a786742aa5c5,ac0d450cc0020398f0d130f0e8d6ef53fd1feb799077398b0d31a786742aa5c5,600,True,0.00828428353685095,0.008284277278001212,0.04121319807622801,0.041213197304107475,0.02818101798755548,0.028181018119138007,0.05483945502590172,0.05483945485474445,0.9567383535697522,0.9567383539396748,0.0,0.0,0.2500206785809866,0.2500206789895181,0.020687245617805806,0.020687245563137363,0.2500206785809866,0.2500206789895181,0.0,0.0,0.0,0.0
S2_CONFIRMATORY_CONSTRAINT,LONG_ONLY_CAP50,TT,29,0,1,b9121c466ee6e47bfc4d23f6285f45a7a5bf07270c87877473f7ff0d39185a6c,c8299b1605f2e80430129bfde20deef2fc06ef8ac25c505bb0da624a959a1887,c8299b1605f2e80430129bfde20deef2fc06ef8ac25c505bb0da624a959a1887,600,True,0.008273131843738983,0.00827312558293152,0.04122582098141998,0.041225820196097974,0.02820561387687069,0.02820561400870742,0.054849277632803714,0.05484927746277475,0.9567386649049789,0.9567386652768034,0.0,0.0,0.25001767492599386,0.25001767533068825,0.02068685472143808,0.02068685466784587,0.25001767492599386,0.25001767533068825,0.0,0.0,0.0,0.0
S2_CONFIRMATORY_CONSTRAINT,LONG_ONLY_CAP50,TT,30,0,1,c4b6bd83bb5603ec8c6948e9206f89ec9f9b1cd4c2eac2efa52613e13174a9a2,f9887c2e167d28520022d44214541ce54c099161ea45f8e230b8bdc7a8ca6e75,f9887c2e167d28520022d44214541ce54c099161ea45f8e230b8bdc7a8ca6e75,600,True,0.00827191780994907,0.008271911550896512,0.04127332465116138,0.04127332385181956,0.028234428719212154,0.028234428851946693,0.05493193526615653,0.054931935097973214,0.9566914183352772,0.956691418709457,0.0,0.0,0.25051280760832806,0.25051280800863973,0.02068611836051818,0.020686118308230916,0.25051280760832806,0.25051280800863973,0.0,0.0,0.0,0.0
S2_CONFIRMATORY_CONSTRAINT,LONG_ONLY_CAP50,TT,31,0,1,5878ddbb106c6c0cea90f76aa084b3edc72bd340d44f8a0e8622b2e030bf59b2,d2df313cb48833909ddb8d93c1f0d21303fed0a50f1a82332d9c8fdb705f0105,d2df313cb48833909ddb8d93c1f0d21303fed0a50f1a82332d9c8fdb705f0105,600,True,0.008278062212228553,0.008278055950771584,0.04119349318204556,0.041193492410035865,0.028170964603846514,0.028170964735087418,0.05479456594416446,0.05479456577270744,0.9567708033254775,0.9567708036960147,0.0,0.0,0.24969103937066975,0.24969103978307072,0.02068691756336814,0.020686917508586547,0.24969103937066975,0.24969103978307072,0.0,0.0,0.0,0.0
S2_CONFIRMATORY_CONSTRAINT,LONG_ONLY_CAP50,TT,32,0,1,b8fbdf65d6774114371f0770e88625d9b7ece44a01498f527222c9618f0d89bd,6ccc687e9cab5e84ed24618b747c5ee3201dbc666f8d039c014fdb9128bca57f,6ccc687e9cab5e84ed24618b747c5ee3201dbc666f8d039c014fdb9128bca57f,600,True,0.008268154755998196,0.008268148493528422,0.0412491359929119,0.04124913520181018,0.02820685395448399,0.02820685408631735,0.054881341917503,0.0548813417481758,0.956736290409996,0.9567362907838288,0.0,0.0,0.25011138411582945,0.250111384505873,0.020687232024143555,0.020687231971135558,0.25011138411582945,0.250111384505873,0.0,0.0,0.0,0.0
S2_CONFIRMATORY_CONSTRAINT,LONG_ONLY_CAP50,TT,33,0,1,98dfa29eb033cf52f5b5ae3ea0938dfa9ff79486c8fc98a6ac1432eb152bf069,5ec206ddb07e28c38f29c5839b734386da4beeb7289639ad59bb03b4a7a1c174,5ec206ddb07e28c38f29c5839b734386da4beeb7289639ad59bb03b4a7a1c174,600,True,0.008274647896440855,0.008274641636312407,0.0412363618279818,0.04123636104331793,0.028210583162422805,0.028210583294262712,0.054872648790702847,0.05487264862074772,0.9567264358350758,0.9567264362064474,0.0,0.0,0.2501649688934374,0.2501649692884256,0.020687178642540518,0.020687178588942524,0.2501649688934374,0.2501649692884256,0.0,0.0,0.0,0.0
S2_CONFIRMATORY_CONSTRAINT,LONG_ONLY_CAP50,TT,34,0,1,4a8de310ddbd6cf007f7572caeab1ce361973c870b3b0a2943fad781b3dc0e78,f6a0290efd792859c2deaad6a1ed8d1f6b2420e0a601560de309fd9fdffb207e,f6a0290efd792859c2deaad6a1ed8d1f6b2420e0a601560de309fd9fdffb207e,600,True,0.008259935366661279,0.008259929102116205,0.04122857957413807,0.041228578778740775,0.02820787612531652,0.028207876257029342,0.05484127517741242,0.05484127500777862,0.9567656945136279,0.9567656948888215,0.0,0.0,0.24980781028935897,0.24980781068703728,0.02068627498952974,0.020686274937115362,0.24980781028935897,0.24980781068703728,0.0,0.0,0.0,0.0
S2_CONFIRMATORY_CONSTRAINT,LONG_ONLY_CAP50,TT,35,0,1,44ef8c968ea28c16821f5a9f2ff2384b9f541ff31845ff113dc334b9ecc6d78e,efc866f215f28444fe0f9ddfae31672ee788b6a6dd50f12fb77acf4d70367ae5,efc866f215f28444fe0f9ddfae31672ee788b6a6dd50f12fb77acf4d70367ae5,600,True,0.00828455026610156,0.008284544006705847,0.04120692572430016,0.04120692495541889,0.02817177530771195,0.028171775439040484,0.05483128318204931,0.054831283010394936,0.9567485571736006,0.9567485575432725,0.0,0.0,0.24994215209174261,0.24994215249564422,0.020687795012310724,0.020687794957422626,0.24994215209174261,0.24994215249564422,0.0,0.0,0.0,0.0
S2_CONFIRMATORY_CONSTRAINT,LONG_ONLY_CAP50,TT,36,0,1,216227f8cafc54c7ab14e074614179f86247212c9f82dd2ff56b4c3c6be61d82,ab588826f9bda323d85032345c644b1a9b3810fd6224c1fd2538098c86d1f95c,ab588826f9bda323d85032345c644b1a9b3810fd6224c1fd2538098c86d1f95c,600,True,0.00826746107234099,0.008267454809332551,0.04120933357717805,0.04120933279524981,0.028197638414709333,0.028197638545926496,0.05481895309727603,0.054818952926460364,0.9567693355671466,0.9567693359388919,0.0,0.0,0.24976034297823996,0.24976034337045905,0.020686497081416174,0.02068649702773532,0.24976034297823996,0.24976034337045905,0.0,0.0,0.0,0.0
S2_CONFIRMATORY_CONSTRAINT,LONG_ONLY_CAP50,TT,37,0,1,eb97cce66800d0c38dd6f5f9aeb00698a414b2979f50941f5aba5f0aec71b18d,f2183f639205d434e83bcd54b1b4869e1d30dfdfa09c8893a8fa94960e98d424,f2183f639205d434e83bcd54b1b4869e1d30dfdfa09c8893a8fa94960e98d424,600,True,0.008274949712522706,0.008274943452126567,0.04124407568751541,0.04124407490323522,0.02821001987570102,0.028210020007492117,0.05488245892336352,0.05488245875364346,0.9567221290466776,0.9567221294178995,0.0,0.0,0.25021929131197723,0.25021929170147084,0.02068767674459381,0.02068767669082671,0.25021929131197723,0.25021929170147084,0.0,0.0,0.0,0.0
S2_CONFIRMATORY_CONSTRAINT,LONG_ONLY_CAP50,TT,38,0,1,44faa1a6a4aaddba82a7a09f53650fdaf7e8c3891005b2a2b8fd7e3ece97fbf8,5d0b34df87224aefdf89348668fb22bcd699242b25b4bef656dd9f859e4faf4d,5d0b34df87224aefdf89348668fb22bcd699242b25b4bef656dd9f859e4faf4d,600,True,0.008297986357287252,0.008297980100565917,0.041210041340673874,0.04121004058510861,0.02814176722205904,0.02814176735318269,0.05485287424105185,0.05485287406837676,0.9567381239104832,0.9567381242790982,0.0,0.0,0.2501004366357975,0.250100437035767,0.020687969831223334,0.020687969775455024,0.2501004366357975,0.250100437035767,0.0,0.0,0.0,0.0
S2_CONFIRMATORY_CONSTRAINT,LONG_ONLY_CAP50,TT,39,0,1,265528718b19a1ad200c58b2761d174951acc0854f81182f199bdd4192100ec8,79da2c2c6a4faa332f132df9a2ab3dfcdb413d37f4dd2632a3b62c41cba484c7,79da2c2c6a4faa332f132df9a2ab3dfcdb413d37f4dd2632a3b62c41cba484c7,600,True,0.008295784216190217,0.00829577796089011,0.04122735614045217,0.04122735537217593,0.028176560823050575,0.02817656095506885,0.054882359071127804,0.05488235889984018,0.9567053730665506,0.9567053734359372,0.0,0.0,0.2503502493821074,0.25035024979579956,0.020687758885483506,0.02068775883065881,0.2503502493821074,0.25035024979579956,0.0,0.0,0.0,0.0
S1_PRIMARY,LONG_ONLY_FULL,TT,0,0,2,0ad1ff00de5f12745943c90e185267f72edfbd2f1d5bc62d91f163288d6563eb,0ee55e28b50a4e3763f1dd034b286f4be8c1a36b41e7f7b318c6ff1ec29b8eb4,0ee55e28b50a4e3763f1dd034b286f4be8c1a36b41e7f7b318c6ff1ec29b8eb4,600,True,0.017021317786026283,0.01702132143478424,0.07189331831165348,0.07189339050441074,0.053059765772617284,0.053059757021609685,0.09760164254357366,0.09760163462344185,0.9215760091478038,0.9215760136561673,0.0,0.0,0.49707138741005313,0.49707138828473185,0.08303340732636949,0.08303340697116807,0.49707138741005313,0.49707138828473185,0.0,0.0,0.0,0.0
S1_PRIMARY,LONG_ONLY_FULL,TT,1,0,2,b3d6007b8d36af400863df4d8069756070c6065a21ba643c16e4d266602f3058,3150b4285080fddb95e96dc93724796709085004157f3e74b8ff241e73557bfd,3150b4285080fddb95e96dc93724796709085004157f3e74b8ff241e73557bfd,600,True,0.0171481330353661,0.017148136989844125,0.07160741737019748,0.07160748815869397,0.05312507119651387,0.053125062559842694,0.09760547871448041,0.09760547078796984,0.9218628640295783,0.9218628648602114,0.0,0.0,0.49686374862077254,0.49686374951750756,0.08304120050340819,0.083041200119978,0.49686374862077254,0.49686374951750756,0.0,0.0,0.0,0.0
S1_PRIMARY,LONG_ONLY_FULL,TT,2,0,2,aa9821e7538e18491c151b8f06dfcead4b8fbaba9ac66d6259597de026ac2954,0946f45e925d7297077796b38f0fd5b0711e3b6efc57c52c3131f78b6ce4426d,0946f45e925d7297077796b38f0fd5b0711e3b6efc57c52c3131f78b6ce4426d,600,True,0.0170487284784176,0.01704873213665709,0.07174056527340666,0.07174063721026995,0.05299702023128591,0.0529970114649668,0.09759573935906685,0.09759573143008772,0.9217132958791412,0.9217133003956539,0.0,0.0,0.49602801597232365,0.4960280168975882,0.0830291205674227,0.08302912021535433,0.49602801597232365,0.4960280168975882,0.0,0.0,0.0,0.0
S1_PRIMARY,LONG_ONLY_FULL,TT,3,0,2,9cddee0f94ecc5eee6d360f0f94f69c37a45b94fa14c27ef4eb5e2439cdb3358,25206fd1c53e35c7eb84736e51a7a925c9a1dee43bccc7c39967264331e56553,25206fd1c53e35c7eb84736e51a7a925c9a1dee43bccc7c39967264331e56553,600,True,0.01711018328966034,0.017110187122239693,0.07161590590887022,0.07161597718653072,0.053063083389544734,0.053063074696456644,0.09756360745434707,0.09756359952006191,0.9217748276404938,0.921774832143309,0.0,0.0,0.49612565038438455,0.4961256513008463,0.08304100149744394,0.08304100112748788,0.49612565038438455,0.4961256513008463,0.0,0.0,0.0,0.0
S1_PRIMARY,LONG_ONLY_FULL,TT,4,0,2,45e4bdf966fd665589156e7bddc29b8db43a0112b0a6342b37be9ee8203125ef,25365c3b1a2a5c9bbaf39fc261db891d91155678cbee5aefae56cdf029298eea,25365c3b1a2a5c9bbaf39fc261db891d91155678cbee5aefae56cdf029298eea,600,True,0.017059136172070253,0.017059139811431576,0.07181363754217379,0.07181370980935095,0.05298362564832716,0.052983616892298434,0.0976228563228197,0.09762284839531894,0.9216192513126681,0.9216192558269852,0.0,0.0,0.4967982556176594,0.4967982565615157,0.08302731012409977,0.08302730977110645,0.4967982556176594,0.4967982565615157,0.0,0.0,0.0,0.0
S1_PRIMARY,LONG_ONLY_FULL,TT,5,0,2,22a3b836afbffcfee4b61e84361f542795eb9f40131f5c3b84fbea04e630c30b,a7ebad6cea611603f90a44704afb4ff9f569103625ff81d3601b540f6aee4625,a7ebad6cea611603f90a44704afb4ff9f569103625ff81d3601b540f6aee4625,600,True,0.017011846342514413,0.017011849997973703,0.07185152937880028,0.07185160156897252,0.053053037544482824,0.05305302877991322,0.09757961681791455,0.09757960889329871,0.9216286012871613,0.9216286057931472,0.0,0.0,0.4964970364621325,0.4964970373387722,0.08303192635217396,0.08303192599760993,0.4964970364621325,0.4964970373387722,0.0,0.0,0.0,0.0
S1_PRIMARY,LONG_ONLY_FULL,TT,6,0,2,97880e8cad0b04f484804c84ea78868282bf436b9d241069e437d6409fc331ac,9d17869aea1c0da275675b6d62645fc8c6a689fe0d437ec77cd4dc6e38b636e1,9d17869aea1c0da275675b6d62645fc8c6a689fe0d437ec77cd4dc6e38b636e1,600,True,0.01710031756936198,0.017100321506259054,0.07139635491880097,0.07139642592139377,0.053060220402984,0.05306021169432068,0.09744871497061253,0.09744870701562398,0.9220116715026538,0.9220116759860899,0.0,0.0,0.493963092405396,0.49396309332428157,0.08302586311468092,0.08302586273910896,0.493963092405396,0.49396309332428157,0.0,0.0,0.0,0.0
S1_PRIMARY,LONG_ONLY_FULL,TT,7,0,2,3856d94e9106f20120adc545e35f2156fc8b2347509e2de78a347775f0831968,a046fd959c2440b0c02cb4685840d222028b3762507eb3437d9f2cb784b0c1db,a046fd959c2440b0c02cb4685840d222028b3762507eb3437d9f2cb784b0c1db,600,True,0.01700904146832888,0.017009045189574915,0.07171625681106632,0.07171632890959506,0.053044317708423376,0.05304430892755654,0.09752494901397557,0.09752494107594134,0.9217693095680488,0.9217693140658777,0.0,0.0,0.49508389294982547,0.4950838938430049,0.08302966740829874,0.08302966705023038,0.49508389294982547,0.4950838938430049,0.0,0.0,0.0,0.0
S1_PRIMARY,LONG_ONLY_FULL,TT,8,0,2,d6322b47f4243479a26fe7b990f610b7286df4d50d9a12ff3c33a17f8f23f189,4a75f1bdf7e39750b0fdb44746985c8a8401aa85f953cd684b0464543eb8629a,4a75f1bdf7e39750b0fdb44746985c8a8401aa85f953cd684b0464543eb8629a,600,True,0.017078726304091123,0.01707873008121382,0.07163441757766642,0.07163448915936829,0.0530450061293751,0.05304499741520891,0.09748985425486559,0.09748984631305253,0.9217906477625127,0.9217906522486748,0.0,0.0,0.4958626680577171,0.4958626689603245,0.08303889936552396,0.08303889900091313,0.4958626680577171,0.4958626689603245,0.0,0.0,0.0,0.0
S1_PRIMARY,LONG_ONLY_FULL,TT,9,0,2,6ec884b1dfca21bee854c951cc44e21428ef88a5c600e90f1e6f581c6f2ff601,e92543ee8b1c62ea448ab2eec79393d679a5cd78d7c07ff9a2f59dd07d70e838,e92543ee8b1c62ea448ab2eec79393d679a5cd78d7c07ff9a2f59dd07d70e838,600,True,0.017001790174741543,0.017001793928581387,0.0716893469077102,0.0716894188591079,0.05308458754214515,0.05308457877165375,0.09749542913536231,0.09749542119640968,0.9217999479594566,0.9217999524521915,0.0,0.0,0.4948147026870134,0.4948147035525997,0.08302760592249375,0.08302760556080274,0.4948147026870134,0.4948147035525997,0.0,0.0,0.0,0.0
S1_PRIMARY,LONG_ONLY_FULL,TT,10,0,2,d8520d6f1fb6e511142d03e0d684844cca92e471b097db39072ebf2e1543cc3d,33ed90000cd04c2283ee691f94420dae79958a11321a789de1de2a82219b0d53,33ed90000cd04c2283ee691f94420dae79958a11321a789de1de2a82219b0d53,600,True,0.01702289568995264,0.017022899487855164,0.07166976742535071,0.07166983916426006,0.05310567155908251,0.0531056628178246,0.09749022255293611,0.09749021461498147,0.9217998909747376,0.9217998954640697,0.0,0.0,0.4951114880682738,0.49511148892660184,0.08302260397384226,0.08302260360688943,0.4951114880682738,0.49511148892660184,0.0,0.0,0.0,0.0
S1_PRIMARY,LONG_ONLY_FULL,TT,11,0,2,b27b28e1323053e3fdd83e6fb1e1dcbc2b9101521bede40e5375df4b8f715cc0,bd39c449a025f42b862b120d36a7759755e686a72f253c8e9fc56ca5dea43b83,bd39c449a025f42b862b120d36a7759755e686a72f253c8e9fc56ca5dea43b83,600,True,0.017057738752578495,0.017057742526754707,0.07173783581677656,0.07173790742126769,0.0530736319831003,0.053073623255646796,0.09758339865771366,0.09758339073122763,0.9217044299949655,0.9217044345011576,0.0,0.0,0.49630548936529745,0.4963054902506952,0.08303682723847026,0.08303682687372582,0.49630548936529745,0.4963054902506952,0.0,0.0,0.0,0.0
S1_PRIMARY,LONG_ONLY_FULL,TT,12,0,2,facdb9827fe812da9c9bb34a4b0298245e1ee3ba72f33735397c5110cb18d324,99d9c7eb38b66dd0d5e890cdcdb4fe30b1ff19b7a2bcd5c55d5bbd05a57332de,99d9c7eb38b66dd0d5e890cdcdb4fe30b1ff19b7a2bcd5c55d5bbd05a57332de,600,True,0.01708254794143426,0.017082551731719384,0.07173862391973433,0.07173869544901007,0.05308202690457871,0.05308201819755706,0.09760846893006707,0.09760846100545462,0.9216735598136354,0.9216735643236721,0.0,0.0,0.4967030827854675,0.4967030836819999,0.08304574915859207,0.08304574879121215,0.4967030827854675,0.4967030836819999,0.0,0.0,0.0,0.0
S1_PRIMARY,LONG_ONLY_FULL,TT,13,0,2,d8cb7781d6a82c96f1acacf9d58a820c6bb99c42585bccdaabdefe52349363bd,1050df867c9291b8982969bee00d9dd0b889ed00e7d453dbff5fb206b4d81ded,1050df867c9291b8982969bee00d9dd0b889ed00e7d453dbff5fb206b4d81ded,600,True,0.01706412665503135,0.017064130441610252,0.07170449130282266,0.07170456287755785,0.05307303251021959,0.053073023786033395,0.0975836684616061,0.09758366053328373,0.9217281835953859,0.9217281881029702,0.0,0.0,0.4960789471943317,0.4960789480875505,0.0830301117516291,0.08303011138577508,0.4960789471943317,0.4960789480875505,0.0,0.0,0.0,0.0
S1_PRIMARY,LONG_ONLY_FULL,TT,14,0,2,41e4116789380c024734ab58deec0848cc1675215d3b85821ed1efb86e0006ca,7d0ae27399838a04d4576b689147ae88a2f185df3bcb49d8aa62075066967dba,7d0ae27399838a04d4576b689147ae88a2f185df3bcb49d8aa62075066967dba,600,True,0.017000317466425562,0.017000321172684144,0.07179168822350802,0.07179176056921494,0.05308163810291876,0.05308162933965677,0.09749942856865924,0.09749942063137744,0.9216905448418422,0.9216905493284379,0.0,0.0,0.49569986213800793,0.49569986300684166,0.08303134661464358,0.08303134625455232,0.49569986213800793,0.49569986300684166,0.0,0.0,0.0,0.0
S1_PRIMARY,LONG_ONLY_FULL,TT,15,0,2,69824712dfe453549c0869ec617c40d6d28f5f0644418ce0bc3900516e0dc9b3,78fd0d3d66bb4f1d8f486bcb8874b95b59753ce0aa93a0363f83aec637407f99,78fd0d3d66bb4f1d8f486bcb8874b95b59753ce0aa93a0363f83aec637407f99,600,True,0.016983570501837453,0.016983574134029053,0.07180057186302492,0.0718006442376214,0.05303432110168842,0.05303431230506607,0.0975163136337198,0.09751630569942425,0.921711826481938,0.9217118309796242,0.0,0.0,0.4954824997877297,0.4954825006654938,0.08302538667760494,0.08302538632706485,0.4954824997877297,0.4954825006654938,0.0,0.0,0.0,0.0
S1_PRIMARY,LONG_ONLY_FULL,TT,16,0,2,e126bef6226c310bf916f77410efd948f74c3ec63781a25a9d8d48edd93dce67,3d1e5f5c8719ad88a19d66348d03e8e921d756681f63aceac222bcfbcb2cedb3,3d1e5f5c8719ad88a19d66348d03e8e921d756681f63aceac222bcfbcb2cedb3,600,True,0.017055701242102716,0.01705570490815386,0.07184614928868892,0.07184622126126977,0.05303310579812443,0.05303309705654975,0.09765299233979487,0.09765298442183445,0.9215913635148931,0.9215913680364411,0.0,0.0,0.4971466222477694,0.49714662315640423,0.08303431601843754,0.08303431566256815,0.4971466222477694,0.49714662315640423,0.0,0.0,0.0,0.0
S1_PRIMARY,LONG_ONLY_FULL,TT,17,0,2,db8aa973307b83edceceb097da744ffba780b93c53774a05ccae695ef8c206f6,bb2057eb3719bda4a5d88053beee5f3cada7aa7538642c0284e8939aecb06b57,bb2057eb3719bda4a5d88053beee5f3cada7aa7538642c0284e8939aecb06b57,600,True,0.017112424546122645,0.017112428417468073,0.0716875257178684,0.07168759689199258,0.05310955812222757,0.05310954945268337,0.09761485455469866,0.09761484663136714,0.9216967650120329,0.9216967697868234,0.0,0.0,0.4968756727574116,0.49687567364913626,0.08303415027663336,0.08303414990082261,0.4968756727574116,0.49687567364913626,0.0,0.0,0.0,0.0
S1_PRIMARY,LONG_ONLY_FULL,TT,18,0,2,29437827b9ad7b900fdd7ffe8170f55c9443370830630814ef278674f848cf3e,6db9f742a68034ad85edd1fc9d110b77b512fc236821909eb171c5c86fa3337c,6db9f742a68034ad85edd1fc9d110b77b512fc236821909eb171c5c86fa3337c,600,True,0.01700263989615042,0.017002643545440416,0.07187002697461196,0.07187009929195946,0.05305897583582064,0.05305896706527326,0.09757904039283254,0.0975790324677837,0.9216141328245858,0.9216141373295063,0.0,0.0,0.4964568910265845,0.49645689190105013,0.08303429246058219,0.08303429210617011,0.4964568910265845,0.49645689190105013,0.0,0.0,0.0,0.0
S1_PRIMARY,LONG_ONLY_FULL,TT,19,0,2,f42e6192b68fc5bcbfcdbb53b85f4e0e773d67b6dc0e851ebe63257c6df73c58,c0ecb499eec52a1d58ce5bf30dbeed959481a4707b42ba399bfeb632100fb120,c0ecb499eec52a1d58ce5bf30dbeed959481a4707b42ba399bfeb632100fb120,600,True,0.017205582635002332,0.017205586635578897,0.07149417602515992,0.07149424647026402,0.05308480832320211,0.05308479971108429,0.09761709071935017,0.09761708278697505,0.9219806734475131,0.9219806742742557,0.0,0.0,0.4968018868514175,0.4968018877962774,0.08305127949426204,0.08305127910807705,0.4968018868514175,0.4968018877962774,0.0,0.0,0.0,0.0
S1_PRIMARY,LONG_ONLY_FULL,TT,20,0,2,2f1976ffb96fd52978724777929202e84184895991edee28ec6fb42099dcc924,ee3f29981c1add462113365f339678dc36e15ca50cedf016f888557953db19c3,ee3f29981c1add462113365f339678dc36e15ca50cedf016f888557953db19c3,600,True,0.01706155447247728,0.01706155820689588,0.07166027541952252,0.07166034717630862,0.05301723227735175,0.053017223526762774,0.09756621783379144,0.09756620989828665,0.9217779126060619,0.9217779171146474,0.0,0.0,0.4955236558198795,0.49552365674568205,0.08302679546321261,0.0830267951042037,0.4955236558198795,0.49552365674568205,0.0,0.0,0.0,0.0
S1_PRIMARY,LONG_ONLY_FULL,TT,21,0,2,19e4bc65d4ea60011183783c8397b390b77210b349c3d65d90ad0f9fe5c1b9ef,cbeea8e3d9807c3bbef855854de603a4fb83e715f4c125e764e6c07e47e76ef0,cbeea8e3d9807c3bbef855854de603a4fb83e715f4c125e764e6c07e47e76ef0,600,True,0.01709933788109258,0.01709934170029217,0.07168376165464226,0.07168383305254457,0.053075743408984064,0.05307573471701622,0.09757227254503019,0.09757226461439575,0.9217150369469805,0.9217150414474089,0.0,0.0,0.4965964224017002,0.4965964233033646,0.08304700196228187,0.08304700159241939,0.4965964224017002,0.4965964233033646,0.0,0.0,0.0,0.0
S1_PRIMARY,LONG_ONLY_FULL,TT,22,0,2,3e6b77ac2b409839fdb23dd6de74316fabea70b0f46d304059c2305c7883560e,c7f56f61c09c72eea444713591670ec9807f97a243714c30faac7baf8b01d2b4,c7f56f61c09c72eea444713591670ec9807f97a243714c30faac7baf8b01d2b4,600,True,0.017108544930192315,0.017108548779227573,0.0717187368317705,0.07171880825948772,0.05309696027563428,0.05309695160031364,0.09759696064726261,0.09759695271969446,0.9216644984365973,0.9216645029374725,0.0,0.0,0.4970291210441141,0.4970291219445761,0.08304889162077843,0.08304889124647992,0.4970291210441141,0.4970291219445761,0.0,0.0,0.0,0.0
S1_PRIMARY,LONG_ONLY_FULL,TT,23,0,2,7d2c686f155eb83cd272f5063deae31a089067eb4961cb9909ef4e9f20f2f24f,eae18a411da3586575a171184f011eb88124e90f59f2752de403f93386be9ebb,eae18a411da3586575a171184f011eb88124e90f59f2752de403f93386be9ebb,600,True,0.01711866089541664,0.017118664828949862,0.07158314794864729,0.07158321892224184,0.05311281928136813,0.0531128106120058,0.09756119194168096,0.09756118400776141,0.9217981350299013,0.9217981397929806,0.0,0.0,0.49604590318561076,0.49604590408037,0.08304734472261956,0.08304734434285581,0.49604590318561076,0.49604590408037,0.0,0.0,0.0,0.0
S1_PRIMARY,LONG_ONLY_FULL,TT,24,0,2,390b8af2860b5b32b60b91ea1a79e6af7506a2dca01c514d1a93c145afa509de,c3a192f4522091591af621513ffa9d681bc265b466d8632df8dccb0f94dd7882,c3a192f4522091591af621513ffa9d681bc265b466d8632df8dccb0f94dd7882,600,True,0.017053379303251532,0.01705338306750748,0.07169902586609964,0.07169909780980964,0.0530577317387929,0.05305772300453438,0.09753306612018313,0.09753305818218112,0.9217362948593765,0.9217362993536906,0.0,0.0,0.4957681582255922,0.4957681591306951,0.08302750330023188,0.08302750293567711,0.4957681582255922,0.4957681591306951,0.0,0.0,0.0,0.0
S1_PRIMARY,LONG_ONLY_FULL,TT,25,0,2,721aea77f390058f8bb72073f4781a871c1ff82475cab27a4f5ae4bcddc4d558,f32412eb42028f258359175bae40cc866c1106edde1e146027a975fb82f4a3d3,f32412eb42028f258359175bae40cc866c1106edde1e146027a975fb82f4a3d3,600,True,0.01705096137963807,0.017050965163132245,0.07162635151231633,0.07162642318986193,0.053050602785416616,0.053050594036961,0.0975369949295724,0.09753698699092196,0.921819644140951,0.9218196486431193,0.0,0.0,0.49504139976969164,0.49504140067691604,0.08302568439838762,0.08302568403479778,0.49504139976969164,0.49504140067691604,0.0,0.0,0.0,0.0
S1_PRIMARY,LONG_ONLY_FULL,TT,26,0,2,3db67f8676c13a11c6940c515da8257eec187159d105d84012b90df81aac2152,fe63541243099a6fe262247cd0cdceb0794e255270613d882314020d97fd1242,fe63541243099a6fe262247cd0cdceb0794e255270613d882314020d97fd1242,600,True,0.01717649891935639,0.01717650281504904,0.07159105968287273,0.07159113058888052,0.05303955587065848,0.053039547218003795,0.0976557337904116,0.0976557258628701,0.9217380877943575,0.9217380925788998,0.0,0.0,0.49698757639000135,0.49698757735085264,0.08304414937998848,0.08304414900388794,0.49698757639000135,0.49698757735085264,0.0,0.0,0.0,0.0
S1_PRIMARY,LONG_ONLY_FULL,TT,27,0,2,ec206cfb39fc39a9d820e2dfd9fe02d5d4161a8ca469b044b2efb0a7e8ed0683,645eb2fece002671db001bb807310dc3fed5bc42407623a800faf3b59775fefa,645eb2fece002671db001bb807310dc3fed5bc42407623a800faf3b59775fefa,600,True,0.017033157940188594,0.017033161748530094,0.07172658597797789,0.07172665776631022,0.053118339030895405,0.05311833030729848,0.09749705301561724,0.09749704507961089,0.92173038289196,0.9217303873754044,0.0,0.0,0.49584606913325835,0.4958460699868534,0.08304015351726246,0.083040153147745,0.49584606913325835,0.4958460699868534,0.0,0.0,0.0,0.0
S1_PRIMARY,LONG_ONLY_FULL,TT,28,0,2,f47dd4fe214d78059c4efadc14788c0c437d0c81bb2360d6e85cb7b37165f094,5d7b50feb6d2020fe2719ec37f8d5f678fe3c1187c664aebf685ccd91ee5e964,5d7b50feb6d2020fe2719ec37f8d5f678fe3c1187c664aebf685ccd91ee5e964,600,True,0.01708356876897836,0.017083572561098482,0.07167625645645095,0.07167632806377319,0.05305127621905514,0.05305126750297649,0.09757152934012092,0.09757152140690128,0.9217379871025098,0.9217379916058916,0.0,0.0,0.4961171382938698,0.4961171392098228,0.08303337991512184,0.08303337954871781,0.4961171382938698,0.4961171392098228,0.0,0.0,0.0,0.0
S1_PRIMARY,LONG_ONLY_FULL,TT,29,0,2,085f18ee2c5928471fed8073794c6a6458eabd914c7cbadd8caf95a90678d9e3,59b452db71fdbdbea6d1d74674069b92c6dc925630566421f715ded750acfdfc,59b452db71fdbdbea6d1d74674069b92c6dc925630566421f715ded750acfdfc,600,True,0.01702573022786751,0.01702573389504685,0.07178151230036493,0.07178158447194918,0.0530306440309369,0.053030635264866885,0.09754865259755742,0.09754864466460474,0.9216864888333965,0.9216864933342743,0.0,0.0,0.4960379165347186,0.49603791743401354,0.08303741161849368,0.08303741126390636,0.4960379165347186,0.49603791743401354,0.0,0.0,0.0,0.0
S1_PRIMARY,LONG_ONLY_FULL,TT,30,0,2,111ad407cebaced38defbd387ffa68d380f9e4c7aeb34b8f001c06bef0dd75ac,22124ca16d847b80b3b21f996626cdeb7aa62b8cd82cb950b163ee4f6212cf18,22124ca16d847b80b3b21f996626cdeb7aa62b8cd82cb950b163ee4f6212cf18,600,True,0.01705748967664623,0.017057493319901414,0.07192144624298727,0.07192151819258122,0.05303790392719998,0.05303789519518676,0.09767592772799022,0.09767591981720979,0.9215180010958871,0.9215180056187108,0.0,0.0,0.4979821096511544,0.49798211054605324,0.08304336951902203,0.08304336916433577,0.4979821096511544,0.49798211054605324,0.0,0.0,0.0,0.0
S1_PRIMARY,LONG_ONLY_FULL,TT,31,0,2,b42f1577b43026bd5de4b725b324ec6c6bf3983256b4f8b70edfd5b7130dd372,8b5b1e2bece46dc0a7fe6962e4964eb44998798c85db34ae51e7b5909d949b82,8b5b1e2bece46dc0a7fe6962e4964eb44998798c85db34ae51e7b5909d949b82,600,True,0.01705009228482646,0.017050096052212988,0.07159978580369215,0.07159985765085558,0.053025664101603955,0.053025655346083805,0.09749624925743763,0.09749624131079737,0.9218463700327871,0.9218463745252525,0.0,0.0,0.4947721258926714,0.49477212681403004,0.08302528098234509,0.08302528062058583,0.4947721258926714,0.49477212681403004,0.0,0.0,0.0,0.0
S1_PRIMARY,LONG_ONLY_FULL,TT,32,0,2,ef91df92304d8d2f4913fcd7cef06bb20625ab8a8a1a07ba41345a39248769ef,6dbbd493f13f860350c24bc7d8534b4e0733d1a9dd6659619a933e8eeba96688,6dbbd493f13f860350c24bc7d8534b4e0733d1a9dd6659619a933e8eeba96688,600,True,0.016971717678390338,0.016971721275687534,0.07193439240026647,0.0719344649711946,0.05306852072769339,0.05306851193459722,0.09758679714472639,0.09758678922331192,0.9215760991499669,0.9215761036591357,0.0,0.0,0.49643997249215416,0.49643997335190243,0.0830343273912028,0.08303432704123757,0.49643997249215416,0.49643997335190243,0.0,0.0,0.0,0.0
S1_PRIMARY,LONG_ONLY_FULL,TT,33,0,2,becc6121dcc5f1ada8405f224f1e0b727d47951d8207754966fbbedd5748f29a,9b932f0f247b8541697622929cf73e0167408d09797e8ec0e1b6be917075c51b,9b932f0f247b8541697622929cf73e0167408d09797e8ec0e1b6be917075c51b,600,True,0.01698553520095448,0.016985538788946167,0.07193276468824256,0.07193283728785362,0.05303553801148903,0.05303552922182204,0.09758227783343591,0.09758226990936725,0.9215680234018395,0.9215680279062805,0.0,0.0,0.4967090573078442,0.4967090581853242,0.08303852539090718,0.08303852504213778,0.4967090573078442,0.4967090581853242,0.0,0.0,0.0,0.0
S1_PRIMARY,LONG_ONLY_FULL,TT,34,0,2,82f69c941251f891aceaca1f1b1222bd69ecb0d21b1422f70073a50c5fa923a0,fc7664e4f0001c46492d32abd30a0accb65f341122eb8fd552ec5ab566aae7ac,fc7664e4f0001c46492d32abd30a0accb65f341122eb8fd552ec5ab566aae7ac,600,True,0.016950570358384775,0.016950573933241852,0.0718449631362341,0.0718450357964335,0.053033461008914415,0.05303345218437871,0.09750544278172825,0.09750543484746922,0.921696045722948,0.921696050221174,0.0,0.0,0.49525736490628497,0.49525736577336243,0.0830270562113539,0.08302705586626673,0.49525736490628497,0.49525736577336243,0.0,0.0,0.0,0.0
S1_PRIMARY,LONG_ONLY_FULL,TT,35,0,2,dac52f7c6d8c3dae3562073bef0d3a4517a995aaf1cfc15323d30c40f38b26f3,7eb77793bec084bdbd14355a1dd7618390aebbfeb8af3c0774006db3138aaa10,7eb77793bec084bdbd14355a1dd7618390aebbfeb8af3c0774006db3138aaa10,600,True,0.017077212224992623,0.017077216033128777,0.07164757909606786,0.07164765060417379,0.05307162175669276,0.053071613040903014,0.09754020480831191,0.09754019687205762,0.9217711763853252,0.9217711808829039,0.0,0.0,0.4958140985796402,0.4958140994795219,0.08304437900011663,0.08304437863256678,0.4958140985796402,0.4958140994795219,0.0,0.0,0.0,0.0
S1_PRIMARY,LONG_ONLY_FULL,TT,36,0,2,8c6b1a4de743b2f1f84a68e3839dcd23a527dc0950faa6a41b13573c4f1ded9c,fc45061023aaa750fd8d64a531d22ec39fce47a6f760d7644297c542000550a7,fc45061023aaa750fd8d64a531d22ec39fce47a6f760d7644297c542000550a7,600,True,0.016992584462325225,0.01699258819587838,0.0717249355862686,0.07172500773672713,0.05307631847628415,0.05307630970205725,0.0974819146187354,0.0974819066785845,0.9217727856482033,0.9217727901348682,0.0,0.0,0.4949964648062862,0.49499646567079497,0.08302285782186646,0.08302285746136046,0.4949964648062862,0.49499646567079497,0.0,0.0,0.0,0.0
S1_PRIMARY,LONG_ONLY_FULL,TT,37,0,2,79db97d27e50f32fcab4dd69166d1737aaba1463c07030ab5334430b157af1c7,2bd6cd6e71d785f3fed0abc56031316153010e500a1b571ca20f3e0810aa5da8,2bd6cd6e71d785f3fed0abc56031316153010e500a1b571ca20f3e0810aa5da8,600,True,0.01698871097028663,0.01698871460626603,0.0719428704027779,0.07194294290890008,0.053082211025519466,0.05308220225662909,0.09758973460001952,0.0975897266786975,0.9215460164320016,0.9215460209349451,0.0,0.0,0.4968881373673334,0.4968881382254617,0.0830372820287221,0.08303728167373162,0.4968881373673334,0.4968881382254617,0.0,0.0,0.0,0.0
S1_PRIMARY,LONG_ONLY_FULL,TT,38,0,2,9b6e6f82dc6de665a9d2798617f241393d363389ea677dbd9e779a8df6ba06ee,53e07068696085bf5c648eaeadb04ff609bbdad04360f248f755383dfe18bb2d,53e07068696085bf5c648eaeadb04ff609bbdad04360f248f755383dfe18bb2d,600,True,0.017103458524573376,0.017103462406830684,0.07165982827089454,0.07165989948336088,0.05310696657447367,0.053106957890581716,0.09759827609177943,0.09759826816372685,0.9217308015267525,0.9217308060323848,0.0,0.0,0.4963849327291753,0.4963849336245436,0.08304569596625652,0.08304569559057653,0.4963849327291753,0.4963849336245436,0.0,0.0,0.0,0.0
S1_PRIMARY,LONG_ONLY_FULL,TT,39,0,2,179c9b821e31bd946032beca9566151784ab33004d7137d98f084ca2fe6e20ca,22583501ae45284ab30be7291446e9240ab9f2bef580ff6d9c7dda42160355f7,22583501ae45284ab30be7291446e9240ab9f2bef580ff6d9c7dda42160355f7,600,True,0.017172003954919666,0.01717200784233162,0.07162374100116205,0.07162381178864677,0.05306025508356697,0.053060246437500964,0.09765569494471486,0.09765568702157355,0.9219235247015213,0.9219235272242697,0.0,0.0,0.497366102586574,0.49736610352353416,0.0830543158999064,0.08305431552414112,0.497366102586574,0.49736610352353416,0.0,0.0,0.0,0.0
S2_CONFIRMATORY_CONSTRAINT,LONG_ONLY_CAP50,TT,0,0,2,6edf30b752c62b6bd0e695606ae9bf0e27c03deb387b6e07215ffcd28b15489d,f748f1487b47faa6d4af33a8e629d61b93eb5b932fd01512b97ef913a739c4f7,f748f1487b47faa6d4af33a8e629d61b93eb5b932fd01512b97ef913a739c4f7,600,True,0.008632003115349158,0.008632004289098244,0.03580673269905614,0.03580677023673678,0.02607246732795281,0.026072462689607365,0.049479575014115644,0.04947957522680755,0.9605055454851008,0.9605055477896595,0.0,0.0,0.24793422575608726,0.2479342259050625,0.020791970001074953,0.020791969944960367,0.24793422575608726,0.2479342259050625,0.0,0.0,0.0,0.0
S2_CONFIRMATORY_CONSTRAINT,LONG_ONLY_CAP50,TT,1,0,2,51f9dbfff7586569633fd46026fc08f1e4046ce44ba3970c6315f23e40e5eb7c,a65efcec37d3b37fff0c6e7ed0ff6eb504351f3f0762ba3456d94d8f746557c1,a65efcec37d3b37fff0c6e7ed0ff6eb504351f3f0762ba3456d94d8f746557c1,600,True,0.008660232452338441,0.008660233708981434,0.035747925695321175,0.03574796293628467,0.026091693521212028,0.026091688884203264,0.049491377046922955,0.049491377263094084,0.9605364564822119,0.9605364587836087,0.0,0.0,0.24785523044591098,0.24785523059502126,0.020792725955951254,0.020792725895525735,0.24785523044591098,0.24785523059502126,0.0,0.0,0.0,0.0
S2_CONFIRMATORY_CONSTRAINT,LONG_ONLY_CAP50,TT,2,0,2,758c7dd4846627924b9bcadfdee47c500366684de8bc8ee3527b0a7609b9d3c0,3a956dff70762ad71f915d0a963881ce4dbf465a76c3bb494b465f3ecf4b0052,3a956dff70762ad71f915d0a963881ce4dbf465a76c3bb494b465f3ecf4b0052,600,True,0.00863658092705725,0.008636582117802034,0.03577261247475913,0.0357726499314519,0.026096028241575978,0.026096023605631027,0.04941576106011255,0.04941576127432053,0.9605382237453239,0.9605382260503275,0.0,0.0,0.2476705420876515,0.2476705422411895,0.02079126293092242,0.020791262874101497,0.2476705420876515,0.2476705422411895,0.0,0.0,0.0,0.0
S2_CONFIRMATORY_CONSTRAINT,LONG_ONLY_CAP50,TT,3,0,2,6fd2fc58547deb63bb3e8e63b1c57eca280e1251cfc31fe666fb295efdd03765,d2735fecafa8ace51206ecdd3c36c6dfd865ce91928234474c0472bcb1ba9479,d2735fecafa8ace51206ecdd3c36c6dfd865ce91928234474c0472bcb1ba9479,600,True,0.008644455926269006,0.008644457140231382,0.03575949866695835,0.035759536061008325,0.026091105353791524,0.02609110071831808,0.04944985399760992,0.049449854212574314,0.9605415991573545,0.9605416014588196,0.0,0.0,0.2476912305278134,0.24769123067946774,0.02079232721045941,0.020792327152319424,0.2476912305278134,0.24769123067946774,0.0,0.0,0.0,0.0
S2_CONFIRMATORY_CONSTRAINT,LONG_ONLY_CAP50,TT,4,0,2,f308b15df0894592f4d391bd3171a240cb3a8999f304da22950d010500153a3c,50a0c98422411db2c366ea528e028f24bb87c39244534aaf8cbc10cd392a4dea,50a0c98422411db2c366ea528e028f24bb87c39244534aaf8cbc10cd392a4dea,600,True,0.00864300942838666,0.008643010627566372,0.03578065222957278,0.03578068969511007,0.02607080114571213,0.026070796506486384,0.04948827728162769,0.049488277495102005,0.9605199274722575,0.9605199297754875,0.0,0.0,0.247870175869327,0.24787017602630113,0.020791007682160828,0.020791007624850488,0.247870175869327,0.24787017602630113,0.0,0.0,0.0,0.0
S2_CONFIRMATORY_CONSTRAINT,LONG_ONLY_CAP50,TT,5,0,2,d1f3c936a0267e41b3f79fe1e74ecde8a872beea114e539cbe9444f55b5bea97,544fe0ae5accc7661a9b84502b2f282a82f0b7a1d9220864a55db47fa4d3a1e8,544fe0ae5accc7661a9b84502b2f282a82f0b7a1d9220864a55db47fa4d3a1e8,600,True,0.008629989290703816,0.008629990471952672,0.03579560576450448,0.0357956432817925,0.026086953604728187,0.02608694896829801,0.04944207915380284,0.04944207936667344,0.9605199364604308,0.9605199387640418,0.0,0.0,0.24779652211776845,0.24779652226437435,0.020791813618372703,0.020791813561906927,0.24779652211776845,0.24779652226437435,0.0,0.0,0.0,0.0
S2_CONFIRMATORY_CONSTRAINT,LONG_ONLY_CAP50,TT,6,0,2,f8c2ca65ea30d315bc43fc73b5eeb81572a34012cf00a84767b47712ed310b84,1920d4554467515fb0bf2ab5609df839bf98069e6b89dce550873337e0955003,1920d4554467515fb0bf2ab5609df839bf98069e6b89dce550873337e0955003,600,True,0.008653733382294021,0.008653734659814024,0.0356847660701005,0.035684803286166494,0.02613591921158428,0.026135914581850266,0.04934615462923199,0.04934615484609197,0.9606085566908998,0.9606085589861451,0.0,0.0,0.24715218015896082,0.24715218031162647,0.020790632693578483,0.020790632632370618,0.24715218015896082,0.24715218031162647,0.0,0.0,0.0,0.0
S2_CONFIRMATORY_CONSTRAINT,LONG_ONLY_CAP50,TT,7,0,2,6566dbc98c7b79976b1c930286ad849011de7bf7b518989f9af1e45bc57993f6,a5cf951a789ea9ad568d2e6f1ec11d012dc6f6532d1c121345bca63b68e30f49,a5cf951a789ea9ad568d2e6f1ec11d012dc6f6532d1c121345bca63b68e30f49,600,True,0.008626881923700926,0.008626883120259967,0.03576522492567499,0.03576526243045607,0.026113242326333004,0.026113237692455868,0.04935922236676732,0.0493592225795055,0.9605534313346563,0.9605534336362452,0.0,0.0,0.24745135517362735,0.24745135532319779,0.020790557158283894,0.020790557101218587,0.24745135517362735,0.24745135532319779,0.0,0.0,0.0,0.0
S2_CONFIRMATORY_CONSTRAINT,LONG_ONLY_CAP50,TT,8,0,2,1a2918eb0137a01640eb60e189b2a2792e79d2ff6c7ec63e1d17b02b6081b2a0,e66ebd34dfa795dc77d701b1c0a4b4a1f9118890106505bb652a631d047c9939,e66ebd34dfa795dc77d701b1c0a4b4a1f9118890106505bb652a631d047c9939,600,True,0.008638093878138416,0.008638095085761466,0.03575930496259029,0.03575934241335062,0.026084609121340658,0.026084604487769416,0.0494554194289201,0.049455419643125005,0.9605477566003251,0.9605477588971946,0.0,0.0,0.247611530876705,0.24761153102504857,0.02079178447769387,0.02079178441983077,0.247611530876705,0.24761153102504857,0.0,0.0,0.0,0.0
S2_CONFIRMATORY_CONSTRAINT,LONG_ONLY_CAP50,TT,9,0,2,76e94cff89ee96db4c4caf990e79c581a1e4f62775562c6fd9558fb00831a654,88cf8574bbe22bb2ff8266f596e35703fcc00a7d51cbdf919575f69b51711053,88cf8574bbe22bb2ff8266f596e35703fcc00a7d51cbdf919575f69b51711053,600,True,0.008630789354248903,0.008630790565436766,0.03575003510745168,0.03575007253661829,0.026125745564262937,0.0261257409325921,0.04934131381646198,0.049341314030434597,0.9605661939028738,0.960566196203984,0.0,0.0,0.24737708832400473,0.2473770884701425,0.020790396093613783,0.020790396035729897,0.24737708832400473,0.2473770884701425,0.0,0.0,0.0,0.0
S2_CONFIRMATORY_CONSTRAINT,LONG_ONLY_CAP50,TT,10,0,2,e0a144c99f577fa4d1010a376323951c8b420b874e7302e14aae4e802041073c,7c90f4e24c2f554a33c147d7dbfe2f1414cb49ba803497948d58b3178c828dd4,7c90f4e24c2f554a33c147d7dbfe2f1414cb49ba803497948d58b3178c828dd4,600,True,0.008635838411372259,0.008635839635571572,0.03574768922020082,0.03574772661401759,0.02611953913071189,0.02611953449899896,0.049373593626523306,0.04937359384077987,0.9605621723213091,0.9605621746207224,0.0,0.0,0.2474509709249871,0.24745097106877917,0.020790292021676822,0.02079029196299612,0.2474509709249871,0.24745097106877917,0.0,0.0,0.0,0.0
S2_CONFIRMATORY_CONSTRAINT,LONG_ONLY_CAP50,TT,11,0,2,1bb8eb16c4e7b1fe2ac26039d54921d22aafe33afaa783bdf22c1bacc4e1ce82,22874923187e1a3362541afe3fb09ca39e8221c9d6512a8bfcdf665d92baf0cf,22874923187e1a3362541afe3fb09ca39e8221c9d6512a8bfcdf665d92baf0cf,600,True,0.008638781660173327,0.008638782865147882,0.03577669629282463,0.03577673371961262,0.026094386029142453,0.026094381392833745,0.049437753121209495,0.04943775333515392,0.9605307594236315,0.9605307617272641,0.0,0.0,0.2477601728937895,0.2477601730423033,0.02079161270981312,0.020791612652164088,0.2477601728937895,0.2477601730423033,0.0,0.0,0.0,0.0
S2_CONFIRMATORY_CONSTRAINT,LONG_ONLY_CAP50,TT,12,0,2,3aac4d0a1c79ec77494f8e4452756368cc14db49474cb52bba433105a7a7d5d3,ebb14bfd94dbed4ebc0bd9b74afd61b6271311f5989f264be1e3046d37d2d37c,ebb14bfd94dbed4ebc0bd9b74afd61b6271311f5989f264be1e3046d37d2d37c,600,True,0.008637959611192958,0.008637960810730568,0.03579048786751496,0.035790525331482005,0.026085483911604535,0.02608547927360152,0.049463504019356334,0.04946350423259892,0.9605149357300456,0.9605149380340493,0.0,0.0,0.24787211685823007,0.2478721170065014,0.020792440532078092,0.020792440474629928,0.24787211685823007,0.2478721170065014,0.0,0.0,0.0,0.0
S2_CONFIRMATORY_CONSTRAINT,LONG_ONLY_CAP50,TT,13,0,2,2204f08dfc06c55e6b086ae27ab21753ee4fcf2d8e1d6690479fdf4ac7aa3b71,f7e362b4b323fe4c46f86ac83b4ee03c44e8895254d6fb2fb780f4756eced176,f7e362b4b323fe4c46f86ac83b4ee03c44e8895254d6fb2fb780f4756eced176,600,True,0.008649806813126286,0.008649808048368145,0.03575017316543464,0.03575021047097251,0.026105954236457257,0.02610594960127696,0.0494302604287852,0.049430260644419986,0.9605468077304178,0.9605468100334685,0.0,0.0,0.24769013696514355,0.2476901371142668,0.020791677141881546,0.020791677082654114,0.24769013696514355,0.2476901371142668,0.0,0.0,0.0,0.0
S2_CONFIRMATORY_CONSTRAINT,LONG_ONLY_CAP50,TT,14,0,2,648316d23134f5aa0043d63317b23936e11232556803d966a42fb381520cc37d,5f3b1d66dbf1e473f8853da2a0e9985c23ddc19b5b4b619a9f8b7d7ff7d2bdfa,5f3b1d66dbf1e473f8853da2a0e9985c23ddc19b5b4b619a9f8b7d7ff7d2bdfa,600,True,0.008623815450793543,0.008623816639516642,0.03578302730004094,0.0357830648710746,0.02609202810920335,0.026092023474531194,0.049417538076830234,0.04941753828851725,0.960534633109689,0.9605346354076216,0.0,0.0,0.24759091256527946,0.2475909127107664,0.020791925273182618,0.020791925216333253,0.24759091256527946,0.2475909127107664,0.0,0.0,0.0,0.0
S2_CONFIRMATORY_CONSTRAINT,LONG_ONLY_CAP50,TT,15,0,2,5e801c625fe6d9a61850fa1b47caaa5feff4da3c54e2f2bee3f7a93aeccedc88,225419593265537094ede77dcc2435d3ad7e1a9e077d1cc4c3e825c773337695,225419593265537094ede77dcc2435d3ad7e1a9e077d1cc4c3e825c773337695,600,True,0.008616654729455886,0.00861665588967339,0.03579067061033165,0.035790708218371284,0.0260989147082137,0.026098910074807045,0.049376806105899916,0.049376806317870815,0.9605402167885466,0.9605402190905625,0.0,0.0,0.24753225691361594,0.24753225706029328,0.02079032535138393,0.020790325296136378,0.24753225691361594,0.24753225706029328,0.0,0.0,0.0,0.0
S2_CONFIRMATORY_CONSTRAINT,LONG_ONLY_CAP50,TT,16,0,2,d52898c1526b4500f86731f1ed967af4df12e21ea105cd2303fe0422cf6ebc16,0e80078b8c9cba87f465e3d0447fa7f83cc7ec0b78926f0bc58ae63f45b3a7a7,0e80078b8c9cba87f465e3d0447fa7f83cc7ec0b78926f0bc58ae63f45b3a7a7,600,True,0.00863676032489432,0.008636761507651145,0.03580175741761936,0.03580179491007126,0.026077392625888672,0.026077387986727634,0.04947392329310291,0.0494739235062667,0.9605062965225943,0.9605062988292055,0.0,0.0,0.24795498482884776,0.24795498497998364,0.020791592563221665,0.02079159250668276,0.24795498482884776,0.24795498497998364,0.0,0.0,0.0,0.0
S2_CONFIRMATORY_CONSTRAINT,LONG_ONLY_CAP50,TT,17,0,2,a64b9560e1f5829e7b2e964c33627b4454795cb349dd7e915c83e5bd92625bc1,e13423f53298326fc642873af88e7c7b4899c40a225fb3f74a9bd2ad6bb18dc8,e13423f53298326fc642873af88e7c7b4899c40a225fb3f74a9bd2ad6bb18dc8,600,True,0.008648549361681517,0.008648550585167008,0.03577263226872181,0.03577266962921783,0.026086541903653733,0.026086537266127714,0.04948136745790571,0.04948136767261906,0.960523425481469,0.9605234277846397,0.0,0.0,0.24788584484622506,0.2478858449947816,0.02079239093333049,0.020792390874619822,0.24788584484622506,0.2478858449947816,0.0,0.0,0.0,0.0
S2_CONFIRMATORY_CONSTRAINT,LONG_ONLY_CAP50,TT,18,0,2,95230c73b6d57b0f6bd6551c722fa17059957780f4949138c7e1347d2a912ab1,17cad1bc83bb30133a1e150d426d99f03813e17b2762b5fac0774f4311ff56f4,17cad1bc83bb30133a1e150d426d99f03813e17b2762b5fac0774f4311ff56f4,600,True,0.00863139180391635,0.008631392989107114,0.03579150677551278,0.03579154428455395,0.02608858826046057,0.02608858362376569,0.04943788750239971,0.04943788771530914,0.9605219351202052,0.9605219374239687,0.0,0.0,0.2477776888113414,0.24777768895955818,0.020791585878848513,0.020791585822200292,0.2477776888113414,0.24777768895955818,0.0,0.0,0.0,0.0
S2_CONFIRMATORY_CONSTRAINT,LONG_ONLY_CAP50,TT,19,0,2,9752d16be17cd675875c30146071baa1aea462ec5b88d2f751092f89cd6ec312,2f8bf87f05659e7b2649d101025d65468be9a9b6833bd8289272e46c011edd62,2f8bf87f05659e7b2649d101025d65468be9a9b6833bd8289272e46c011edd62,600,True,0.008673005005029617,0.008673006279833508,0.03572698582038853,0.03572702297143305,0.026085635993637453,0.026085631355953574,0.04951763288083482,0.04951763309866625,0.9605456997353907,0.9605457020367288,0.0,0.0,0.24786600648563026,0.24786600664147337,0.02079283038140202,0.020792830320101704,0.24786600648563026,0.24786600664147337,0.0,0.0,0.0,0.0
S2_CONFIRMATORY_CONSTRAINT,LONG_ONLY_CAP50,TT,20,0,2,e6bf1f79ea5a53756827d5dec156ef9f51141298d4a23cac0065e6bea9e43391,81c7925045a9eecfe9d4fabe991a3353c17d93b867230efa79ff3e930c1f0a78,81c7925045a9eecfe9d4fabe991a3353c17d93b867230efa79ff3e930c1f0a78,600,True,0.008634303987856952,0.008634305185237038,0.03576377382010893,0.035763811281328724,0.02610274441145661,0.026102739776836498,0.04939560592137855,0.04939560613530868,0.9605486813974554,0.9605486837001602,0.0,0.0,0.24755687648590993,0.24755687663803735,0.020791013520716262,0.02079101346356833,0.24755687648590993,0.24755687663803735,0.0,0.0,0.0,0.0
S2_CONFIRMATORY_CONSTRAINT,LONG_ONLY_CAP50,TT,21,0,2,fa8c058d8c08746c626f8b9f2a591f05388ef4428892a85bc558d9d6f487a674,7e52ea4044eb7f4b840e9585a8d9ba2747b79d7c996307ad0d8e8d40128e4725,7e52ea4044eb7f4b840e9585a8d9ba2747b79d7c996307ad0d8e8d40128e4725,600,True,0.008642240241323994,0.00864224145366206,0.03577474113357296,0.03577477856700052,0.02608200099607847,0.026081996358914027,0.049475693856964854,0.049475694070751225,0.960525874584061,0.9605258768849004,0.0,0.0,0.24780685838195182,0.24780685853168682,0.020792574496196273,0.020792574438087977,0.24780685838195182,0.24780685853168682,0.0,0.0,0.0,0.0
S2_CONFIRMATORY_CONSTRAINT,LONG_ONLY_CAP50,TT,22,0,2,3a5a1a68e6f567a236e525709132f109dfa55622a93feabe83088e34d2f7e03e,d8108960f990c1b594f3cb8ff6ae5a73b89277e5dc3238164ecf07217a0a19b5,d8108960f990c1b594f3cb8ff6ae5a73b89277e5dc3238164ecf07217a0a19b5,600,True,0.008648508709148024,0.008648509931666399,0.03577470531606554,0.03577474270697352,0.026076456493072716,0.026076451854589566,0.049502981346257496,0.04950298156043868,0.9605192261607938,0.9605192284622815,0.0,0.0,0.24791103576892198,0.24791103591952707,0.02079272390949078,0.02079272385082791,0.24791103576892198,0.24791103591952707,0.0,0.0,0.0,0.0
S2_CONFIRMATORY_CONSTRAINT,LONG_ONLY_CAP50,TT,23,0,2,5b22eec30ef475775797eb3775e332b15dd95ad0ff9c83518fb0330aa5a00b29,24f560997ebba8875348b2e5aa9e4a238b09e3f292115a09465f643c29214a24,24f560997ebba8875348b2e5aa9e4a238b09e3f292115a09465f643c29214a24,600,True,0.008648610018551375,0.00864861125479261,0.03575053064685897,0.035750567976719126,0.026102295010358982,0.026102290374755137,0.04943646722682013,0.04943646744195689,0.9605459152735051,0.9605459175749819,0.0,0.0,0.2476764093520237,0.24767640950182987,0.020792275743084496,0.020792275683814948,0.2476764093520237,0.24767640950182987,0.0,0.0,0.0,0.0
S2_CONFIRMATORY_CONSTRAINT,LONG_ONLY_CAP50,TT,24,0,2,8f9a2956d2431a04a74f6c4945badf3d928b1bd90c843c674ac201058726de9d,a6d6129b384d8469f1e229749dc2522c15edb187cdef56ec080c034ac92c37fb,a6d6129b384d8469f1e229749dc2522c15edb187cdef56ec080c034ac92c37fb,600,True,0.008637210159874524,0.008637211374297338,0.03575924347015122,0.035759280931852024,0.026094003063997406,0.02609399842864286,0.04942723593252661,0.049427236145771575,0.9605456250210425,0.9605456273196785,0.0,0.0,0.24758214414186575,0.24758214429334505,0.020791172991131892,0.020791172933014225,0.24758214414186575,0.24758214429334505,0.0,0.0,0.0,0.0
S2_CONFIRMATORY_CONSTRAINT,LONG_ONLY_CAP50,TT,25,0,2,4e6692cac162ed0407e5b38e5a0319ab40ecb9ece233e8fa2c596352bdb38909,806ef3bc9408ff4523eb522417a9965ab42caeb3dc3625a1cc010a0f577d42fc,806ef3bc9408ff4523eb522417a9965ab42caeb3dc3625a1cc010a0f577d42fc,600,True,0.008630265187996467,0.008630266392593912,0.035758602741759064,0.03575864021809597,0.026115609403640994,0.02611560476980451,0.049360104626447306,0.04936010483962212,0.9605559583848322,0.9605559606863499,0.0,0.0,0.24743997034973406,0.24743997049996228,0.02079085600947849,0.02079085595197261,0.24743997034973406,0.24743997049996228,0.0,0.0,0.0,0.0
S2_CONFIRMATORY_CONSTRAINT,LONG_ONLY_CAP50,TT,26,0,2,756bb8358df58abaa3474ff1cee424d0615f6e0e8bc22cdf8c8462a5a97a2c08,3d1403710afc32e0c3a236f8ea76462a2cfa29c82429370e1af9d9bad3eec6fd,3d1403710afc32e0c3a236f8ea76462a2cfa29c82429370e1af9d9bad3eec6fd,600,True,0.008671792096345221,0.00867179336793463,0.03573561711396453,0.035735654289465325,0.026085017924292294,0.026085013285097335,0.04951759473097321,0.04951759494817877,0.9605371090900664,0.9605371113928696,0.0,0.0,0.24791451184599414,0.24791451200303108,0.020793222268728172,0.020793222207616473,0.24791451184599414,0.24791451200303108,0.0,0.0,0.0,0.0
S2_CONFIRMATORY_CONSTRAINT,LONG_ONLY_CAP50,TT,27,0,2,fc535c6bf532cbc2aca51a9789638f9a055e6757954fe5bb98d1a5c04f717d3e,870a0441f0abb7d87329a699cc8b932f6718bb1987c511cc2fb313128429ae35,870a0441f0abb7d87329a699cc8b932f6718bb1987c511cc2fb313128429ae35,600,True,0.008633727057684984,0.008633728271288868,0.03576913716182638,0.03576917462064828,0.026096483093705904,0.02609647845970154,0.04943194807618764,0.049431948289333505,0.9605405968224553,0.9605405991201754,0.0,0.0,0.24763013126368727,0.24763013140676074,0.020791914961379214,0.020791914903187846,0.24763013126368727,0.24763013140676074,0.0,0.0,0.0,0.0
S2_CONFIRMATORY_CONSTRAINT,LONG_ONLY_CAP50,TT,28,0,2,32e14c4cd28cde4ac4d52f8ea4996d2f3d11f6b0cdd4001d06d9490bad4b5fc2,2426d6faca26c9623320911d4d555b69a694ab9e3884ad3a17dffa28f4eac392,2426d6faca26c9623320911d4d555b69a694ab9e3884ad3a17dffa28f4eac392,600,True,0.008642411953819122,0.008642413167770136,0.03576295256057481,0.03576298997558365,0.026091334466365693,0.02609132983037524,0.049445482345259736,0.04944548255953811,0.9605393551523012,0.9605393574536472,0.0,0.0,0.24769190325497406,0.247691903406664,0.020791746665458345,0.020791746607349,0.24769190325497406,0.247691903406664,0.0,0.0,0.0,0.0
S2_CONFIRMATORY_CONSTRAINT,LONG_ONLY_CAP50,TT,29,0,2,b9121c466ee6e47bfc4d23f6285f45a7a5bf07270c87877473f7ff0d39185a6c,b61791a144f4870fc4edbd13bb2edc15d253b05bf743e12365922b67a12e6ae8,b61791a144f4870fc4edbd13bb2edc15d253b05bf743e12365922b67a12e6ae8,600,True,0.008631652620546566,0.008631653807499298,0.035781538155407314,0.03578157566939317,0.026088717326906864,0.026088712691144322,0.049432447497227035,0.04943244771031841,0.9605312367287148,0.9605312390307568,0.0,0.0,0.24768910957158713,0.24768910972154673,0.020791387790655893,0.020791387733927875,0.24768910957158713,0.24768910972154673,0.0,0.0,0.0,0.0
S2_CONFIRMATORY_CONSTRAINT,LONG_ONLY_CAP50,TT,30,0,2,c4b6bd83bb5603ec8c6948e9206f89ec9f9b1cd4c2eac2efa52613e13174a9a2,824bf2914fd4af54bfa0323890273e7e45cbd2a083a4bf5c20b00b2184d94cb5,824bf2914fd4af54bfa0323890273e7e45cbd2a083a4bf5c20b00b2184d94cb5,600,True,0.008629405419691668,0.008629406569876416,0.035838185937544106,0.03583822352714445,0.0260567111711496,0.026056706530038862,0.04951746949517225,0.04951746970716354,0.9604773247359667,0.960477327044502,0.0,0.0,0.24818338497185435,0.2481833851205119,0.020791970664681494,0.020791970609743072,0.24818338497185435,0.2481833851205119,0.0,0.0,0.0,0.0
S2_CONFIRMATORY_CONSTRAINT,LONG_ONLY_CAP50,TT,31,0,2,5878ddbb106c6c0cea90f76aa084b3edc72bd340d44f8a0e8622b2e030bf59b2,d4406be1db4648d21473ff49ea797bc349de6b8fcff511324df198ae5e35bf47,d4406be1db4648d21473ff49ea797bc349de6b8fcff511324df198ae5e35bf47,600,True,0.008636711711180469,0.008636712930900582,0.035737652209331526,0.03573768963516469,0.026111916943128026,0.026111912310411444,0.0493736304504604,0.049373630664631456,0.9605706827044325,0.9605706850028068,0.0,0.0,0.24736266364026388,0.2473626637929911,0.020790636049211438,0.0207906359909399,0.24736266364026388,0.2473626637929911,0.0,0.0,0.0,0.0
S2_CONFIRMATORY_CONSTRAINT,LONG_ONLY_CAP50,TT,32,0,2,b8fbdf65d6774114371f0770e88625d9b7ece44a01498f527222c9618f0d89bd,b8370676f39c882622ddedbb2d83b1a3a6499d2219b9ee1a7597d9bda2840cec,b8370676f39c882622ddedbb2d83b1a3a6499d2219b9ee1a7597d9bda2840cec,600,True,0.008625659084106885,0.008625660260907999,0.035802868786210626,0.03580290633746829,0.02609392848211666,0.02609392384541296,0.04942250510380499,0.04942250531595532,0.9605145278871751,0.9605145301917525,0.0,0.0,0.24778303577357857,0.24778303591856987,0.020792117855110315,0.020792117798830757,0.24778303577357857,0.24778303591856987,0.0,0.0,0.0,0.0
S2_CONFIRMATORY_CONSTRAINT,LONG_ONLY_CAP50,TT,33,0,2,98dfa29eb033cf52f5b5ae3ea0938dfa9ff79486c8fc98a6ac1432eb152bf069,99b5f794d348de11c487aa8e83c4ac01077a09472e5ea47c51a9a2c32e928bfb,99b5f794d348de11c487aa8e83c4ac01077a09472e5ea47c51a9a2c32e928bfb,600,True,0.008632782459162765,0.008632783647226652,0.03579456718366578,0.03579460469005406,0.026082572815713436,0.02608256817870234,0.0494601536611013,0.04946015387396954,0.9605164319055404,0.960516434208294,0.0,0.0,0.24783653955738863,0.24783653970417657,0.020792047631410192,0.020792047574545194,0.24783653955738863,0.24783653970417657,0.0,0.0,0.0,0.0
S2_CONFIRMATORY_CONSTRAINT,LONG_ONLY_CAP50,TT,34,0,2,4a8de310ddbd6cf007f7572caeab1ce361973c870b3b0a2943fad781b3dc0e78,011fd4661d9c421ffe27be6c151ab06314e82068aebae0dd233b6b89a520ea4f,011fd4661d9c421ffe27be6c151ab06314e82068aebae0dd233b6b89a520ea4f,600,True,0.008618623530955136,0.008618624698403772,0.035782982384958396,0.03578301996357991,0.026109047182709642,0.02610904254973711,0.04935666199267031,0.04935666220508945,0.9605451400501045,0.9605451423530461,0.0,0.0,0.2474798744557264,0.2474798746026083,0.02079047267013604,0.0207904726144941,0.2474798744557264,0.2474798746026083,0.0,0.0,0.0,0.0
S2_CONFIRMATORY_CONSTRAINT,LONG_ONLY_CAP50,TT,35,0,2,44ef8c968ea28c16821f5a9f2ff2384b9f541ff31845ff113dc334b9ecc6d78e,090e6adc480199f77a56728151936922b8ca896d39a08eb88c383814217244ea,090e6adc480199f77a56728151936922b8ca896d39a08eb88c383814217244ea,600,True,0.008642593782547154,0.00864259500404352,0.03575445085188637,0.03575448824306284,0.026100982598513487,0.026100977963694795,0.04942539553599209,0.04942539575061234,0.9605472247443098,0.9605472270450074,0.0,0.0,0.2476136368662508,0.24761363701620076,0.020792117697370337,0.020792117638846034,0.2476136368662508,0.24761363701620076,0.0,0.0,0.0,0.0
S2_CONFIRMATORY_CONSTRAINT,LONG_ONLY_CAP50,TT,36,0,2,216227f8cafc54c7ab14e074614179f86247212c9f82dd2ff56b4c3c6be61d82,d5c883afbdaa2e4fc54b8edf80bd07e154375141d64fb0a24bc5f306f1959732,d5c883afbdaa2e4fc54b8edf80bd07e154375141d64fb0a24bc5f306f1959732,600,True,0.008626399206919117,0.008626400406798993,0.035762215674702905,0.035762253172340025,0.026111300051012948,0.02611129541879313,0.04936965572321591,0.04936965593615943,0.9605570082242841,0.9605570105232607,0.0,0.0,0.24743292424004157,0.24743292438544096,0.020790389178619615,0.02079038912127984,0.24743292424004157,0.24743292438544096,0.0,0.0,0.0,0.0
S2_CONFIRMATORY_CONSTRAINT,LONG_ONLY_CAP50,TT,37,0,2,eb97cce66800d0c38dd6f5f9aeb00698a414b2979f50941f5aba5f0aec71b18d,b94c8184b22f816fbfd0087b3a14480ccdcc2f6eb0212b9116982b1e3757272f,b94c8184b22f816fbfd0087b3a14480ccdcc2f6eb0212b9116982b1e3757272f,600,True,0.008632612159598766,0.008632613351080528,0.035800627897696516,0.035800665408120026,0.026082257083394497,0.02608225244551111,0.049467392939288514,0.049467393151723216,0.9605085207140184,0.9605085230168399,0.0,0.0,0.24789089091086458,0.24789089105603862,0.020792668805402818,0.02079266874831343,0.24789089091086458,0.24789089105603862,0.0,0.0,0.0,0.0
S2_CONFIRMATORY_CONSTRAINT,LONG_ONLY_CAP50,TT,38,0,2,44faa1a6a4aaddba82a7a09f53650fdaf7e8c3891005b2a2b8fd7e3ece97fbf8,d328b9bf6a647b1e88cfa84b7c4edae49c453fb3c0b9b64a66c5867904e55e0d,d328b9bf6a647b1e88cfa84b7c4edae49c453fb3c0b9b64a66c5867904e55e0d,600,True,0.008654751402203153,0.008654752648669687,0.03575031074235483,0.03575034801888225,0.02610176322360405,0.026101758587178885,0.049454922702715134,0.04945492291851974,0.9605396392279295,0.9605396415307392,0.0,0.0,0.2477716254277135,0.24777162557688967,0.020792726188868422,0.020792726129003836,0.2477716254277135,0.24777162557688967,0.0,0.0,0.0,0.0
S2_CONFIRMATORY_CONSTRAINT,LONG_ONLY_CAP50,TT,39,0,2,265528718b19a1ad200c58b2761d174951acc0854f81182f199bdd4192100ec8,4ba8bde0203c90b9936166c9fdf7b3b7b9c4f4625f16d4599acfe61946fbd633,4ba8bde0203c90b9936166c9fdf7b3b7b9c4f4625f16d4599acfe61946fbd633,600,True,0.00865315029182586,0.008653151504406098,0.03577969550734649,0.03577973286654297,0.02607069030483468,0.026070685665378908,0.049520109624314405,0.04952010983966483,0.9605129132865614,0.9605129155918528,0.0,0.0,0.24802049879199048,0.24802049894572667,0.02079310176023569,0.020793101702112328,0.24802049879199048,0.24802049894572667,0.0,0.0,0.0,0.0
S1_PRIMARY,LONG_ONLY_FULL,TT,0,0,3,0ad1ff00de5f12745943c90e185267f72edfbd2f1d5bc62d91f163288d6563eb,036f690384a6d70b331b94ce82f10771f82e6c4c0eb5252922e90ae519601ff8,036f690384a6d70b331b94ce82f10771f82e6c4c0eb5252922e90ae519601ff8,600,True,0.01271204899102103,0.01271202634582085,0.08973321390937963,0.08973320598705783,0.06014700605787583,0.06014700611819278,0.10697769269917702,0.10697772621934576,0.9058517312765533,0.9058517306350042,0.0,0.0,0.5043737248878369,0.5043737292766627,0.082425211070995,0.08242521006406685,0.5043737248878369,0.5043737292766627,0.0,0.0,0.0,0.0
S1_PRIMARY,LONG_ONLY_FULL,TT,1,0,3,b3d6007b8d36af400863df4d8069756070c6065a21ba643c16e4d266602f3058,f4c600fb018802ba85d5e85e8714686d947399be7076852134b0d5d42d5f1a4c,f4c600fb018802ba85d5e85e8714686d947399be7076852134b0d5d42d5f1a4c,600,True,0.012833753503719207,0.012833730948684341,0.08962701980084757,0.08962701205457295,0.06009043714224221,0.06009043719375325,0.10678101116605958,0.10678104407988163,0.9059287345387715,0.9059287338862625,0.0,0.0,0.504173503375209,0.5041735078348254,0.08243155606988634,0.08243155501574914,0.504173503375209,0.5041735078348254,0.0,0.0,0.0,0.0
S1_PRIMARY,LONG_ONLY_FULL,TT,2,0,3,aa9821e7538e18491c151b8f06dfcead4b8fbaba9ac66d6259597de026ac2954,44732d216a3b56e8c6c7a5eec9ba551c4dfc03f0d5820554e6964083908db1d0,44732d216a3b56e8c6c7a5eec9ba551c4dfc03f0d5820554e6964083908db1d0,600,True,0.012735162829928027,0.012735140073026337,0.08966806444888273,0.08966805652029868,0.06009701205632115,0.06009701207996453,0.1069044015145511,0.10690443504432867,0.9059479308816105,0.9059479302360223,0.0,0.0,0.503347901300016,0.5033479059628584,0.08242738074938057,0.08242737972002928,0.503347901300016,0.5033479059628584,0.0,0.0,0.0,0.0
S1_PRIMARY,LONG_ONLY_FULL,TT,3,0,3,9cddee0f94ecc5eee6d360f0f94f69c37a45b94fa14c27ef4eb5e2439cdb3358,701f8ab3e480de24e5eacd6b5224be9cfd80cdb863ec01d35046a343cf83a378,701f8ab3e480de24e5eacd6b5224be9cfd80cdb863ec01d35046a343cf83a378,600,True,0.01279616580228513,0.012796143145289906,0.08961041518386789,0.08961040736208596,0.0600234136188719,0.06002341365134522,0.1067248109098463,0.10672484409161775,0.905927648555334,0.9059276479057665,0.0,0.0,0.5034398618740781,0.5034398664673927,0.08243711691565375,0.08243711586720653,0.5034398618740781,0.5034398664673927,0.0,0.0,0.0,0.0
S1_PRIMARY,LONG_ONLY_FULL,TT,4,0,3,45e4bdf966fd665589156e7bddc29b8db43a0112b0a6342b37be9ee8203125ef,b30d18f1309d6312574ebef4ea2d6e6f55b4dc56914a076dc78a1173db08a953,b30d18f1309d6312574ebef4ea2d6e6f55b4dc56914a076dc78a1173db08a953,600,True,0.012748800989763127,0.01274877823666105,0.08970618178812383,0.0897061738327126,0.060114189224032284,0.06011418926884535,0.10695050947914816,0.10695054311700701,0.9057912752971229,0.9057912746548128,0.0,0.0,0.5041215752739125,0.5041215800330779,0.08241861762978596,0.08241861657983063,0.5041215752739125,0.5041215800330779,0.0,0.0,0.0,0.0
S1_PRIMARY,LONG_ONLY_FULL,TT,5,0,3,22a3b836afbffcfee4b61e84361f542795eb9f40131f5c3b84fbea04e630c30b,573d1c9a650b61c0e51c3db57823122309a6e7ef0a27691a323ef94826a0e205,573d1c9a650b61c0e51c3db57823122309a6e7ef0a27691a323ef94826a0e205,600,True,0.012701965241526534,0.01270194256812396,0.08970702014963841,0.08970701221937773,0.060113308188799494,0.060113308233827774,0.10690788317065537,0.1069079166956939,0.9059201493130449,0.9059201486702009,0.0,0.0,0.5038006450821768,0.5038006494839496,0.08242807453718663,0.08242807353039276,0.5038006450821768,0.5038006494839496,0.0,0.0,0.0,0.0
S1_PRIMARY,LONG_ONLY_FULL,TT,6,0,3,97880e8cad0b04f484804c84ea78868282bf436b9d241069e437d6409fc331ac,668f321bce157f71a08f2ac349f6933467e1fc729055987655a2e3e6620bb2c5,668f321bce157f71a08f2ac349f6933467e1fc729055987655a2e3e6620bb2c5,600,True,0.012784285008808913,0.012784262296432373,0.08947475040440005,0.08947474260031375,0.05983768330680226,0.059837683285947206,0.10634013182910892,0.10634016487081993,0.9061645018586586,0.9061645012032388,0.0,0.0,0.5012769344240696,0.5012769390354863,0.08243780438129295,0.08243780332440552,0.5012769344240696,0.5012769390354863,0.0,0.0,0.0,0.0
S1_PRIMARY,LONG_ONLY_FULL,TT,7,0,3,3856d94e9106f20120adc545e35f2156fc8b2347509e2de78a347775f0831968,823ff34253cc47f35f23c51f0b36c458d8c61e06a7321ea0416764cc3e69dd86,823ff34253cc47f35f23c51f0b36c458d8c61e06a7321ea0416764cc3e69dd86,600,True,0.012697461055329595,0.012697438314373628,0.089633674840424,0.08963366690669829,0.06001140010749306,0.060011400114999836,0.10668872357603318,0.10668875705627334,0.9060727466695617,0.9060727460229009,0.0,0.0,0.5023924928887864,0.5023924973872717,0.08243562896752649,0.08243562794441239,0.5023924928887864,0.5023924973872717,0.0,0.0,0.0,0.0
S1_PRIMARY,LONG_ONLY_FULL,TT,8,0,3,d6322b47f4243479a26fe7b990f610b7286df4d50d9a12ff3c33a17f8f23f189,af32953303d8bbbb97e7b3cf7d37d0a4f08690b1f92b11834bd710d50dd15e91,af32953303d8bbbb97e7b3cf7d37d0a4f08690b1f92b11834bd710d50dd15e91,600,True,0.012768088990735598,0.012768066336597442,0.08958241411430125,0.08958240626338607,0.05992173100285322,0.05992173103866157,0.10658200594137716,0.10658203923432731,0.9058645236212693,0.9058645229752279,0.0,0.0,0.5031680624928401,0.5031680670193129,0.08243742067523095,0.08243741964208728,0.5031680624928401,0.5031680670193129,0.0,0.0,0.0,0.0
S1_PRIMARY,LONG_ONLY_FULL,TT,9,0,3,6ec884b1dfca21bee854c951cc44e21428ef88a5c600e90f1e6f581c6f2ff601,7bcdc948954b8568cda5413e963c0f20be425554da1425d4d293b04bcdaa2730,7bcdc948954b8568cda5413e963c0f20be425554da1425d4d293b04bcdaa2730,600,True,0.012689643963389013,0.012689621270830875,0.08961013271799421,0.08961012481483387,0.05998658360757505,0.05998658361101688,0.10662307149996207,0.10662310486938623,0.9061403671139205,0.9061403664656541,0.0,0.0,0.5021149790196506,0.5021149833688938,0.08243639761319016,0.08243639660279568,0.5021149790196506,0.5021149833688938,0.0,0.0,0.0,0.0
S1_PRIMARY,LONG_ONLY_FULL,TT,10,0,3,d8520d6f1fb6e511142d03e0d684844cca92e471b097db39072ebf2e1543cc3d,782e6240c7892af9f2e26dccb5633982c1d00ff5fb34244cc33357674f21db4c,782e6240c7892af9f2e26dccb5633982c1d00ff5fb34244cc33357674f21db4c,600,True,0.012710643471210125,0.01271062082979364,0.0896011075997396,0.08960109973494206,0.059976857631084374,0.05997685764457122,0.10659970008596015,0.10659973333835948,0.9061068592229615,0.9061068585743955,0.0,0.0,0.5024074640065361,0.5024074683108996,0.08242897812673981,0.0824289771140435,0.5024074640065361,0.5024074683108996,0.0,0.0,0.0,0.0
S1_PRIMARY,LONG_ONLY_FULL,TT,11,0,3,b27b28e1323053e3fdd83e6fb1e1dcbc2b9101521bede40e5375df4b8f715cc0,ff474391d2f269b0c09a38a0cf3203f18e079c9e9cc8b932981603da7b173f83,ff474391d2f269b0c09a38a0cf3203f18e079c9e9cc8b932981603da7b173f83,600,True,0.012745109912466806,0.012745087260298035,0.08966929085001664,0.08966928298712346,0.060099924561075505,0.06009992459922127,0.1068436820135972,0.10684371530268287,0.9059795869993961,0.9059795863522734,0.0,0.0,0.5036120257856433,0.5036120302207482,0.0824334520349295,0.0824334510126791,0.5036120257856433,0.5036120302207482,0.0,0.0,0.0,0.0
S1_PRIMARY,LONG_ONLY_FULL,TT,12,0,3,facdb9827fe812da9c9bb34a4b0298245e1ee3ba72f33735397c5110cb18d324,d97044d6a2cf1f7699534a70b7d2e6670dd0224a7d4093abcea59d15d3f21b06,d97044d6a2cf1f7699534a70b7d2e6670dd0224a7d4093abcea59d15d3f21b06,600,True,0.012769683941690256,0.012769661302286395,0.08968077288128298,0.0896807650344718,0.060120784102109755,0.060120784148760785,0.10688642165764169,0.10688645491763273,0.9059211761932655,0.9059211755458321,0.0,0.0,0.5040133614436045,0.5040133659343707,0.0824386503459032,0.0824386493116126,0.5040133614436045,0.5040133659343707,0.0,0.0,0.0,0.0
S1_PRIMARY,LONG_ONLY_FULL,TT,13,0,3,d8cb7781d6a82c96f1acacf9d58a820c6bb99c42585bccdaabdefe52349363bd,46dd8d5f01ce0466b1f39732e76b880c8ca0f11331c95458cecd5b47b266379c,46dd8d5f01ce0466b1f39732e76b880c8ca0f11331c95458cecd5b47b266379c,600,True,0.012750763942499433,0.012750741279347949,0.08965322100228769,0.08965321314151185,0.06009107179303678,0.06009107182251896,0.10682120859711415,0.1068212418696228,0.9060096707628997,0.9060096701142663,0.0,0.0,0.5033888172863723,0.5033888217625063,0.0824281141102211,0.08242811308023715,0.5033888172863723,0.5033888217625063,0.0,0.0,0.0,0.0
S1_PRIMARY,LONG_ONLY_FULL,TT,14,0,3,41e4116789380c024734ab58deec0848cc1675215d3b85821ed1efb86e0006ca,34a4e5c8cace8ae9880141119934454cfda1f09ccf8d0a5b5c9d4e16a7ec3188,34a4e5c8cace8ae9880141119934454cfda1f09ccf8d0a5b5c9d4e16a7ec3188,600,True,0.012692109596610317,0.012692086929947987,0.08965276050214681,0.08965275257294043,0.059983799486010465,0.05998379951831919,0.10665610548074708,0.1066561389763299,0.9059493951945894,0.9059493945515132,0.0,0.0,0.5029966417549726,0.5029966461283669,0.0824329997477531,0.08243299873121501,0.5029966417549726,0.5029966461283669,0.0,0.0,0.0,0.0
S1_PRIMARY,LONG_ONLY_FULL,TT,15,0,3,69824712dfe453549c0869ec617c40d6d28f5f0644418ce0bc3900516e0dc9b3,434cb95995a1a9720ff9f5ad3dab0194216389431dffc5a27037d1bf16f3e64f,434cb95995a1a9720ff9f5ad3dab0194216389431dffc5a27037d1bf16f3e64f,600,True,0.012673293022696496,0.012673270297471883,0.08966165374916855,0.08966164578853522,0.06002148472735877,0.06002148474872227,0.10675299415997878,0.10675302775921836,0.9060003364194419,0.9060003357767686,0.0,0.0,0.5027841875186273,0.5027841919457485,0.08242945630606914,0.0824294553034909,0.5027841875186273,0.5027841919457485,0.0,0.0,0.0,0.0
S1_PRIMARY,LONG_ONLY_FULL,TT,16,0,3,e126bef6226c310bf916f77410efd948f74c3ec63781a25a9d8d48edd93dce67,fea7361ad308341f42ea951f2652d3a3ba0eb908770c0a07800b8e446cb3ee5a,fea7361ad308341f42ea951f2652d3a3ba0eb908770c0a07800b8e446cb3ee5a,600,True,0.012743945306238886,0.01274392261804741,0.08973435083328704,0.08973434291925417,0.06019570593060518,0.060195705983581024,0.10706392280485869,0.10706395630257494,0.9058620634224589,0.9058620627783498,0.0,0.0,0.504462685505521,0.5044626900672917,0.08242443319750184,0.08242443217040772,0.504462685505521,0.5044626900672917,0.0,0.0,0.0,0.0
S1_PRIMARY,LONG_ONLY_FULL,TT,17,0,3,db8aa973307b83edceceb097da744ffba780b93c53774a05ccae695ef8c206f6,0c50a6218970c0095b8d45cc8e7c4e820aeb37fa66e3b4be34899296a67f37cc,0c50a6218970c0095b8d45cc8e7c4e820aeb37fa66e3b4be34899296a67f37cc,600,True,0.012798653169142653,0.012798630583280977,0.0896621910742737,0.08966218327857715,0.06012456316702983,0.06012456321753725,0.10686146743952823,0.10686150051605994,0.9059361810513502,0.9059361804014349,0.0,0.0,0.5041842083630822,0.5041842128130356,0.08242537032370502,0.08242536928138536,0.5041842083630822,0.5041842128130356,0.0,0.0,0.0,0.0
S1_PRIMARY,LONG_ONLY_FULL,TT,18,0,3,29437827b9ad7b900fdd7ffe8170f55c9443370830630814ef278674f848cf3e,766fe4cf14af7320bcc0f93bac7d372c07805c93dd64fa339749e77b141e6f50,766fe4cf14af7320bcc0f93bac7d372c07805c93dd64fa339749e77b141e6f50,600,True,0.012693380528039155,0.012693357850346237,0.08971464279036172,0.08971463484797283,0.0601142662628797,0.06011426630730715,0.10690387845707867,0.1069039120160749,0.9059231157187053,0.9059231150762079,0.0,0.0,0.503760113651013,0.5037601180439246,0.0824307999309428,0.08243079892331515,0.503760113651013,0.5037601180439246,0.0,0.0,0.0,0.0
S1_PRIMARY,LONG_ONLY_FULL,TT,19,0,3,f42e6192b68fc5bcbfcdbb53b85f4e0e773d67b6dc0e851ebe63257c6df73c58,f041671414a057b8c215106f8f521d06598c276508d7729762c0a43cf414c853,f041671414a057b8c215106f8f521d06598c276508d7729762c0a43cf414c853,600,True,0.012889713335944292,0.012889690738034467,0.08958376607547519,0.0895837583543738,0.0600514226767928,0.06005142272214708,0.1067315309937037,0.10673156384843688,0.9058687648451659,0.9058687641900603,0.0,0.0,0.5041267101877726,0.504126714890432,0.0824398259604825,0.08243982487486724,0.5041267101877726,0.504126714890432,0.0,0.0,0.0,0.0
S1_PRIMARY,LONG_ONLY_FULL,TT,20,0,3,2f1976ffb96fd52978724777929202e84184895991edee28ec6fb42099dcc924,26a0ee13e8e37986775ea0f0ce165062a0d8ab1d09e21fff6943f493ead92040,26a0ee13e8e37986775ea0f0ce165062a0d8ab1d09e21fff6943f493ead92040,600,True,0.012747786423727557,0.012747763676932386,0.089623565350906,0.08962355744908843,0.06003936278537714,0.06003936279724515,0.106766989125224,0.10676702253970069,0.9060044578416261,0.9060044571932194,0.0,0.0,0.5028434368735437,0.5028434415329112,0.08242818802771079,0.08242818698663064,0.5028434368735437,0.5028434415329112,0.0,0.0,0.0,0.0
S1_PRIMARY,LONG_ONLY_FULL,TT,21,0,3,19e4bc65d4ea60011183783c8397b390b77210b349c3d65d90ad0f9fe5c1b9ef,c0dea1e70435d1ec4f083db252231ca8233b79dc781946da6e8acf870d4a2d5b,c0dea1e70435d1ec4f083db252231ca8233b79dc781946da6e8acf870d4a2d5b,600,True,0.012787429976457888,0.012787407351063084,0.08964093107467025,0.08964092324763095,0.06004910086838982,0.060049100916631834,0.10676985149164914,0.10676988469916542,0.9058739207776467,0.9058739201299899,0.0,0.0,0.5039058095832504,0.5039058140934914,0.08243995184080809,0.0824399508006748,0.5039058095832504,0.5039058140934914,0.0,0.0,0.0,0.0
S1_PRIMARY,LONG_ONLY_FULL,TT,22,0,3,3e6b77ac2b409839fdb23dd6de74316fabea70b0f46d304059c2305c7883560e,52cf6d8c2a4ff330806563f419df434658dca7dbd3665c818da163b4ff0d2ef4,52cf6d8c2a4ff330806563f419df434658dca7dbd3665c818da163b4ff0d2ef4,600,True,0.012797761694488484,0.012797739096045499,0.08966643349286399,0.08966642567373952,0.06008204120123897,0.06008204126074036,0.10680862462560481,0.10680865780297012,0.9058357698256398,0.9058357691782215,0.0,0.0,0.5043381451836267,0.5043381496840305,0.08243819759295791,0.08243819654378078,0.5043381451836267,0.5043381496840305,0.0,0.0,0.0,0.0
S1_PRIMARY,LONG_ONLY_FULL,TT,23,0,3,7d2c686f155eb83cd272f5063deae31a089067eb4961cb9909ef4e9f20f2f24f,a4a0cb59677d4ec10c6e4e3402f3b2da3ee46b2e02105717eaee87e0c82180fd,a4a0cb59677d4ec10c6e4e3402f3b2da3ee46b2e02105717eaee87e0c82180fd,600,True,0.012804663894663391,0.012804641291237318,0.08960000466281155,0.0895999968864103,0.060028697344390584,0.060028697377161815,0.10667038007672697,0.10667041307230316,0.906000087191841,0.9060000865393125,0.0,0.0,0.5033550033790055,0.5033550078405381,0.08244413127980725,0.08244413023141861,0.5033550033790055,0.5033550078405381,0.0,0.0,0.0,0.0
S1_PRIMARY,LONG_ONLY_FULL,TT,24,0,3,390b8af2860b5b32b60b91ea1a79e6af7506a2dca01c514d1a93c145afa509de,af6247ef735a93de66b32d36d56cba1a2f61444b6ecf1c62bbbdb1904490e0b4,af6247ef735a93de66b32d36d56cba1a2f61444b6ecf1c62bbbdb1904490e0b4,600,True,0.012742921225839657,0.012742898538431717,0.08962673113501711,0.08962672324050582,0.059994419627006954,0.05999441965382909,0.1066718021279617,0.10667183551685759,0.9059382071123582,0.9059382064659165,0.0,0.0,0.5030777115187347,0.5030777160694073,0.08242698576368002,0.08242698472125519,0.5030777115187347,0.5030777160694073,0.0,0.0,0.0,0.0
S1_PRIMARY,LONG_ONLY_FULL,TT,25,0,3,721aea77f390058f8bb72073f4781a871c1ff82475cab27a4f5ae4bcddc4d558,c689914445908ddf2b67b74cc8bd8667c8ee0361c27858b4cfa264cb01096e6c,c689914445908ddf2b67b74cc8bd8667c8ee0361c27858b4cfa264cb01096e6c,600,True,0.012736880670803604,0.012736857944308918,0.08960079876075296,0.08960079087587208,0.060007895431405216,0.060007895433260516,0.10667327672714047,0.10667331005371132,0.9060941193838734,0.9060941187336924,0.0,0.0,0.5023554382959392,0.5023554428577213,0.08243112346619588,0.0824311224293044,0.5023554382959392,0.5023554428577213,0.0,0.0,0.0,0.0
S1_PRIMARY,LONG_ONLY_FULL,TT,26,0,3,3db67f8676c13a11c6940c515da8257eec187159d105d84012b90df81aac2152,9bb80944d3f4299e3d6e50a0e5ea327eda4e482486ae69bc2ca4a4d1f4332107,9bb80944d3f4299e3d6e50a0e5ea327eda4e482486ae69bc2ca4a4d1f4332107,600,True,0.012861194707819018,0.012861172040529448,0.08963740971073901,0.08963740192013149,0.060116322653667065,0.06011632269883944,0.10687864879086484,0.10687868188007149,0.9058457307519255,0.9058457301001087,0.0,0.0,0.5043182385461981,0.5043182433537459,0.08243168733812663,0.08243168625454295,0.5043182385461981,0.5043182433537459,0.0,0.0,0.0,0.0
S1_PRIMARY,LONG_ONLY_FULL,TT,27,0,3,ec206cfb39fc39a9d820e2dfd9fe02d5d4161a8ca469b044b2efb0a7e8ed0683,41e584544b9c92336c8f00cb8e3eb29bf55cb0550e5f3a215a7199f3d76eff4f,41e584544b9c92336c8f00cb8e3eb29bf55cb0550e5f3a215a7199f3d76eff4f,600,True,0.012723804099703938,0.012723781499528257,0.08962899133091357,0.08962898347535418,0.0599813681927247,0.059981368231244656,0.10661607251170448,0.10661610576371192,0.9059777478613337,0.9059777472152528,0.0,0.0,0.5031385043572155,0.5031385086297397,0.08244052835237267,0.08244052733743569,0.5031385043572155,0.5031385086297397,0.0,0.0,0.0,0.0
S1_PRIMARY,LONG_ONLY_FULL,TT,28,0,3,f47dd4fe214d78059c4efadc14788c0c437d0c81bb2360d6e85cb7b37165f094,3a799362a3a5c577ab0074f4906196b944da65adb79ef7e7353c7c354244d2eb,3a799362a3a5c577ab0074f4906196b944da65adb79ef7e7353c7c354244d2eb,600,True,0.012771104399489494,0.012771081716993916,0.08963614207607913,0.08963613421227827,0.06004395690517997,0.060043956936974834,0.10675938909286374,0.10675942239428501,0.9059307843869491,0.9059307837391077,0.0,0.0,0.5034314909485285,0.5034314955477702,0.08242986882157619,0.08242986777482193,0.5034314909485285,0.5034314955477702,0.0,0.0,0.0,0.0
S1_PRIMARY,LONG_ONLY_FULL,TT,29,0,3,085f18ee2c5928471fed8073794c6a6458eabd914c7cbadd8caf95a90678d9e3,38f4f40cdf413d7fdbb28dc74bceebe72b3fd8298b23f7eca6c54f51bcf1b02b,38f4f40cdf413d7fdbb28dc74bceebe72b3fd8298b23f7eca6c54f51bcf1b02b,600,True,0.012715572573602283,0.012715549860769832,0.0896665345358059,0.08966652660253428,0.06003905248994623,0.06003905252377172,0.10679208499424239,0.10679211853700446,0.9059053427897228,0.9059053421463348,0.0,0.0,0.5033466762315165,0.5033466807590989,0.08243592386728249,0.08243592284570965,0.5033466762315165,0.5033466807590989,0.0,0.0,0.0,0.0
S1_PRIMARY,LONG_ONLY_FULL,TT,30,0,3,111ad407cebaced38defbd387ffa68d380f9e4c7aeb34b8f001c06bef0dd75ac,4444ff7c3170fcefd5a02ec395d6d9132c9d2d012ed286863f062f3b33161d0d,4444ff7c3170fcefd5a02ec395d6d9132c9d2d012ed286863f062f3b33161d0d,600,True,0.01274717413326213,0.012747151489498308,0.08977527468477528,0.08977526678007428,0.06024432085320985,0.0602443209312042,0.10716780598919348,0.10716783948907675,0.9057675323268994,0.9057675316853571,0.0,0.0,0.5052931902542755,0.5052931947351436,0.08242769773093747,0.08242769671685209,0.5052931902542755,0.5052931947351436,0.0,0.0,0.0,0.0
S1_PRIMARY,LONG_ONLY_FULL,TT,31,0,3,b42f1577b43026bd5de4b725b324ec6c6bf3983256b4f8b70edfd5b7130dd372,6527eb0ed6e92dd6f97999826fca860214cb5a46b854b0e2332892a1bac5b340,6527eb0ed6e92dd6f97999826fca860214cb5a46b854b0e2332892a1bac5b340,600,True,0.012737773656426176,0.012737750904086017,0.08957019361657771,0.08957018571215085,0.05992670116597556,0.05992670116471982,0.10655425532364071,0.10655428872476728,0.9060351577724888,0.9060351571236567,0.0,0.0,0.5020876010463298,0.5020876056875685,0.08243196325377775,0.08243196220820163,0.5020876010463298,0.5020876056875685,0.0,0.0,0.0,0.0
S1_PRIMARY,LONG_ONLY_FULL,TT,32,0,3,ef91df92304d8d2f4913fcd7cef06bb20625ab8a8a1a07ba41345a39248769ef,425c916a014f0c276f1d5cd7ef8dc12e118fca4bad09b526768b1853407c7469,425c916a014f0c276f1d5cd7ef8dc12e118fca4bad09b526768b1853407c7469,600,True,0.012662275105544928,0.012662252420735804,0.08974617073464176,0.08974616276355306,0.060150774906987184,0.06015077495030974,0.10697178865577524,0.10697182230277805,0.905958176682522,0.9059581760414569,0.0,0.0,0.5037395500233314,0.5037395543514711,0.08243210900286216,0.08243210800895195,0.5037395500233314,0.5037395543514711,0.0,0.0,0.0,0.0
S1_PRIMARY,LONG_ONLY_FULL,TT,33,0,3,becc6121dcc5f1ada8405f224f1e0b727d47951d8207754966fbbedd5748f29a,3933c47f6e0765aa859188f0dbef2a7bd6a6f2cb5f3581474ac886645af46523,3933c47f6e0765aa859188f0dbef2a7bd6a6f2cb5f3581474ac886645af46523,600,True,0.012677971311108743,0.012677948613714842,0.08974029788953763,0.08974028991045004,0.060122040887568756,0.060122040940328636,0.10694607025405875,0.1069461039494429,0.9058552339609929,0.9058552333214883,0.0,0.0,0.5040123678383891,0.5040123722521748,0.08243330882819667,0.08243330782542735,0.5040123678383891,0.5040123722521748,0.0,0.0,0.0,0.0
S1_PRIMARY,LONG_ONLY_FULL,TT,34,0,3,82f69c941251f891aceaca1f1b1222bd69ecb0d21b1422f70073a50c5fa923a0,aa93ab86d43d2790ecb2d95c0c3198ea0c39b714bcb8cbe24f650d397896e34b,aa93ab86d43d2790ecb2d95c0c3198ea0c39b714bcb8cbe24f650d397896e34b,600,True,0.012640585601715552,0.01264056285668684,0.08967529285113164,0.08967528485524671,0.06002369342210196,0.06002369343824736,0.10676778589511596,0.1067678196047604,0.9060300928316926,0.9060300921904467,0.0,0.0,0.502556264120097,0.5025562685029118,0.08243373164325127,0.08243373065337178,0.502556264120097,0.5025562685029118,0.0,0.0,0.0,0.0
S1_PRIMARY,LONG_ONLY_FULL,TT,35,0,3,dac52f7c6d8c3dae3562073bef0d3a4517a995aaf1cfc15323d30c40f38b26f3,082c8518880aa8971caca1b0f9732aff80fa83a8f32a6da98176d4b8aad794c3,082c8518880aa8971caca1b0f9732aff80fa83a8f32a6da98176d4b8aad794c3,600,True,0.012764629730099664,0.012764607066814638,0.08961269435969917,0.08961268651267552,0.06000594189439558,0.06000594192194068,0.10668533718954067,0.10668537043870555,0.9059663621742715,0.9059663615254894,0.0,0.0,0.503123768917359,0.5031237734278307,0.08244355943816097,0.08244355840152379,0.503123768917359,0.5031237734278307,0.0,0.0,0.0,0.0
S1_PRIMARY,LONG_ONLY_FULL,TT,36,0,3,8c6b1a4de743b2f1f84a68e3839dcd23a527dc0950faa6a41b13573c4f1ded9c,e5ef3f8254eb394c2e128d3862b8626f72258b4cb0cd40ff0c7034b7f3120a66,e5ef3f8254eb394c2e128d3862b8626f72258b4cb0cd40ff0c7034b7f3120a66,600,True,0.012682624435768751,0.012682601748248428,0.08961714710274002,0.08961713918162964,0.0599656870118002,0.059965687023751435,0.10659795659916843,0.1065979900306247,0.9060775152314945,0.9060775145854979,0.0,0.0,0.5022940298900578,0.502294034236251,0.08243018323318532,0.08243018222258011,0.5022940298900578,0.502294034236251,0.0,0.0,0.0,0.0
S1_PRIMARY,LONG_ONLY_FULL,TT,37,0,3,79db97d27e50f32fcab4dd69166d1737aaba1463c07030ab5334430b157af1c7,2013d51bc3e14c7536f99ffb2a0743395480c61d6021ef04ee5d2966d60379a9,2013d51bc3e14c7536f99ffb2a0743395480c61d6021ef04ee5d2966d60379a9,600,True,0.012681399320735092,0.012681376677050297,0.08974829028250672,0.08974828233168744,0.06014394057963805,0.06014394063792206,0.10694944876262219,0.1069494823528222,0.9058811539422602,0.9058811533014535,0.0,0.0,0.5041863172792459,0.5041863215835943,0.08243102677291136,0.08243102577125026,0.5041863172792459,0.5041863215835943,0.0,0.0,0.0,0.0
S1_PRIMARY,LONG_ONLY_FULL,TT,38,0,3,9b6e6f82dc6de665a9d2798617f241393d363389ea677dbd9e779a8df6ba06ee,ea010312774dcf58de0eee94dda0bdcfa9efd4ffa0c8680017065fd7c4726846,ea010312774dcf58de0eee94dda0bdcfa9efd4ffa0c8680017065fd7c4726846,600,True,0.012789807250683006,0.012789784632650208,0.08964569265854082,0.08964568485187997,0.06009467890784138,0.060094678946121916,0.1067955862932461,0.10679561939190206,0.9059850002747593,0.9059849996237941,0.0,0.0,0.5036957895828353,0.5036957940544322,0.08244038356272791,0.0824403825178081,0.5036957895828353,0.5036957940544322,0.0,0.0,0.0,0.0
S1_PRIMARY,LONG_ONLY_FULL,TT,39,0,3,179c9b821e31bd946032beca9566151784ab33004d7137d98f084ca2fe6e20ca,e2a1dc2413e3b2a0af838051085d41a1fe7f2b242eccd1b1a1dab2639f04c3ce,e2a1dc2413e3b2a0af838051085d41a1fe7f2b242eccd1b1a1dab2639f04c3ce,600,True,0.012856897264487192,0.012856874645882201,0.0896522383037786,0.08965223053370949,0.06013795790369684,0.06013795796233278,0.10692252489193502,0.10692255793525089,0.9058226850507441,0.9058226843997075,0.0,0.0,0.5046896471384236,0.5046896518089686,0.08243991405329858,0.08243991298907688,0.5046896471384236,0.5046896518089686,0.0,0.0,0.0,0.0
S2_CONFIRMATORY_CONSTRAINT,LONG_ONLY_CAP50,TT,0,0,3,6edf30b752c62b6bd0e695606ae9bf0e27c03deb387b6e07215ffcd28b15489d,0c8a2a218a3e171e294cba7e8b5e134bafd30222ec45e23bf172317b5dd4fec3,0c8a2a218a3e171e294cba7e8b5e134bafd30222ec45e23bf172317b5dd4fec3,600,True,0.00648752454838252,0.006487513096854446,0.044289972531870274,0.04428996782163944,0.02993222743205144,0.02993222742824994,0.0545564504671585,0.05455646821882901,0.9523762242909702,0.9523762239848246,0.0,0.0,0.2514991779437574,0.25149917871825317,0.020651154516708205,0.02065115438592801,0.2514991779437574,0.25149917871825317,0.0,0.0,0.0,0.0
S2_CONFIRMATORY_CONSTRAINT,LONG_ONLY_CAP50,TT,1,0,3,51f9dbfff7586569633fd46026fc08f1e4046ce44ba3970c6315f23e40e5eb7c,d5dc044e6bce35ecb2b9015f7493afc9178ad4a1f4f5ab63a88ddf57ae240577,d5dc044e6bce35ecb2b9015f7493afc9178ad4a1f4f5ab63a88ddf57ae240577,600,True,0.006515531049579881,0.006515519628482242,0.044253141156425216,0.04425313649797689,0.029913184700140642,0.029913184694232188,0.05449647053971833,0.0544964874719418,0.9524033987475409,0.9524033984386746,0.0,0.0,0.25142031788203684,0.2514203186525551,0.020651745255770022,0.02065174511856916,0.25142031788203684,0.2514203186525551,0.0,0.0,0.0,0.0
S2_CONFIRMATORY_CONSTRAINT,LONG_ONLY_CAP50,TT,2,0,3,758c7dd4846627924b9bcadfdee47c500366684de8bc8ee3527b0a7609b9d3c0,7a91b740323da0a6557bd4bada4d6adf344c1e59ae992034412021e721f41aaa,7a91b740323da0a6557bd4bada4d6adf344c1e59ae992034412021e721f41aaa,600,True,0.0064913540346174785,0.006491342573463346,0.04426910133572275,0.04426909663304332,0.02991640552852349,0.029916405516689868,0.054524314365365714,0.05452433208655195,0.952414396600707,0.9524143962933102,0.0,0.0,0.2512369380810151,0.25123693888070275,0.02065125942172989,0.02065125928879505,0.2512369380810151,0.25123693888070275,0.0,0.0,0.0,0.0
S2_CONFIRMATORY_CONSTRAINT,LONG_ONLY_CAP50,TT,3,0,3,6fd2fc58547deb63bb3e8e63b1c57eca280e1251cfc31fe666fb295efdd03765,3e27a49afe30eacbef75fc2f03f71b50210737cd96c8cbbf235b7bac7eab9fe7,3e27a49afe30eacbef75fc2f03f71b50210737cd96c8cbbf235b7bac7eab9fe7,600,True,0.006499613300114668,0.0064996018543993835,0.04425776645648325,0.044257761769389656,0.029900674013585718,0.029900674003910933,0.054490879086069,0.0544908967619855,0.9524031386730214,0.9524031383653665,0.0,0.0,0.25125641253835435,0.25125641332745974,0.020652115185466287,0.020652115050848737,0.25125641253835435,0.25125641332745974,0.0,0.0,0.0,0.0
S2_CONFIRMATORY_CONSTRAINT,LONG_ONLY_CAP50,TT,4,0,3,f308b15df0894592f4d391bd3171a240cb3a8999f304da22950d010500153a3c,3dee035c786581da4bd47e59e998dd38bacb8f001b8cc1a68228f6e4c94d6a25,3dee035c786581da4bd47e59e998dd38bacb8f001b8cc1a68228f6e4c94d6a25,600,True,0.006498341185746413,0.00649832973012871,0.04428032143606262,0.04428031673626229,0.029921695601651085,0.02992169559562942,0.05452835439490022,0.054528372114046306,0.9523768211434501,0.9523768208364737,0.0,0.0,0.2514371147787509,0.25143711559348253,0.02065015932679759,0.02065015919195437,0.2514371147787509,0.25143711559348253,0.0,0.0,0.0,0.0
S2_CONFIRMATORY_CONSTRAINT,LONG_ONLY_CAP50,TT,5,0,3,d1f3c936a0267e41b3f79fe1e74ecde8a872beea114e539cbe9444f55b5bea97,404da17700c36d4776ab102e1fd3365c708b98cfce0dedafbff453e037d331b0,404da17700c36d4776ab102e1fd3365c708b98cfce0dedafbff453e037d331b0,600,True,0.006485400256283614,0.006485388805415783,0.04428031856675877,0.04428031385874035,0.029921721882784358,0.029921721875704244,0.054534358516757926,0.05453437625333729,0.9523981935358113,0.95239819322923,0.0,0.0,0.25136077800490936,0.25136077876732915,0.02065151750100637,0.020651517370362065,0.25136077800490936,0.25136077876732915,0.0,0.0,0.0,0.0
S2_CONFIRMATORY_CONSTRAINT,LONG_ONLY_CAP50,TT,6,0,3,f8c2ca65ea30d315bc43fc73b5eeb81572a34012cf00a84767b47712ed310b84,af08f95a10101c85008fb2d6e42019df45667e47e247c12e5d35db3cf1f51a87,af08f95a10101c85008fb2d6e42019df45667e47e247c12e5d35db3cf1f51a87,600,True,0.006508432832536584,0.006508421390037175,0.044208331089238176,0.04420832642802227,0.02984604981202296,0.029846049789094057,0.05436719768912131,0.054367214601361034,0.9524734892024553,0.9524734888921755,0.0,0.0,0.2507170131883705,0.25071701398183666,0.02065208151860186,0.020652081378985394,0.2507170131883705,0.25071701398183666,0.0,0.0,0.0,0.0
S2_CONFIRMATORY_CONSTRAINT,LONG_ONLY_CAP50,TT,7,0,3,6566dbc98c7b79976b1c930286ad849011de7bf7b518989f9af1e45bc57993f6,c5449b694bf8960e0646e4c42d58c11060efe2d4bea2a7965358da539a23e8ad,c5449b694bf8960e0646e4c42d58c11060efe2d4bea2a7965358da539a23e8ad,600,True,0.006481851560059263,0.006481840095450782,0.04426439654914076,0.04426439183855032,0.029897242211203302,0.029897242194907834,0.05448016298228166,0.05448018070779088,0.9524414408039436,0.9524414404963216,0.0,0.0,0.25101631465843177,0.251016315436697,0.020651445446299332,0.02065144531376415,0.25101631465843177,0.251016315436697,0.0,0.0,0.0,0.0
S2_CONFIRMATORY_CONSTRAINT,LONG_ONLY_CAP50,TT,8,0,3,1a2918eb0137a01640eb60e189b2a2792e79d2ff6c7ec63e1d17b02b6081b2a0,0a3ff9aa21d3ef329cc84c87d4f001620525c6c9206a34997d49c76d914c06bd,0a3ff9aa21d3ef329cc84c87d4f001620525c6c9206a34997d49c76d914c06bd,600,True,0.006493863309576089,0.006493851866846385,0.04425026559825325,0.04425026090511438,0.029875398554536976,0.029875398545335698,0.05444952280427382,0.05444954049345486,0.9523918479637006,0.9523918476567872,0.0,0.0,0.2511745175082281,0.2511745182816508,0.0206519212478201,0.020651921114304802,0.2511745175082281,0.2511745182816508,0.0,0.0,0.0,0.0
S2_CONFIRMATORY_CONSTRAINT,LONG_ONLY_CAP50,TT,9,0,3,76e94cff89ee96db4c4caf990e79c581a1e4f62775562c6fd9558fb00831a654,583e44f3ce4109480cf157537f2e997e2a8c77aad622052fdbb7c6d7b5cab5f5,583e44f3ce4109480cf157537f2e997e2a8c77aad622052fdbb7c6d7b5cab5f5,600,True,0.006485615578390439,0.006485604124211249,0.04424890348809173,0.044248898790523586,0.02988911368658715,0.02988911366844363,0.05446374243399664,0.054463759460599545,0.9524591674114473,0.9524591671031388,0.0,0.0,0.25094111000099634,0.2509411107615654,0.02065152267972286,0.02065152254703369,0.25094111000099634,0.2509411107615654,0.0,0.0,0.0,0.0
S2_CONFIRMATORY_CONSTRAINT,LONG_ONLY_CAP50,TT,10,0,3,e0a144c99f577fa4d1010a376323951c8b420b874e7302e14aae4e802041073c,95c5e62f564f5fe1d6dbde3bcbdc1cfaabc127b4ed3607ddafe8b2045bb346fe,95c5e62f564f5fe1d6dbde3bcbdc1cfaabc127b4ed3607ddafe8b2045bb346fe,600,True,0.006490940949563682,0.00649092950878764,0.04424543097425238,0.044245426286725946,0.029885297375744635,0.02988529736039795,0.05445322434265895,0.05445324134038854,0.952448231436581,0.9524482311282463,0.0,0.0,0.25101394581939457,0.2510139465670271,0.02065109859461999,0.02065109846116546,0.25101394581939457,0.2510139465670271,0.0,0.0,0.0,0.0
S2_CONFIRMATORY_CONSTRAINT,LONG_ONLY_CAP50,TT,11,0,3,1bb8eb16c4e7b1fe2ac26039d54921d22aafe33afaa783bdf22c1bacc4e1ce82,50211de46f637204ef272bdbdf5d0402c96501c948570f0230502f0e49a06805,50211de46f637204ef272bdbdf5d0402c96501c948570f0230502f0e49a06805,600,True,0.00649395085021138,0.006493939404026033,0.04427050345409013,0.044270498760121145,0.02991948299155397,0.0299194829828769,0.05452251174560186,0.05452252943822381,0.9524103865751529,0.9524103862676405,0.0,0.0,0.2513251816486361,0.2513251824196493,0.020651298811461542,0.02065129867858672,0.2513251816486361,0.2513251824196493,0.0,0.0,0.0,0.0
S2_CONFIRMATORY_CONSTRAINT,LONG_ONLY_CAP50,TT,12,0,3,3aac4d0a1c79ec77494f8e4452756368cc14db49474cb52bba433105a7a7d5d3,7ead67a733414aa068274c58c29cc2fb153dc9dc3d063f972115f49394273d1f,7ead67a733414aa068274c58c29cc2fb153dc9dc3d063f972115f49394273d1f,600,True,0.006493289033980612,0.006493277589044483,0.044282666644247584,0.04428266194667628,0.02992918442700414,0.029929184421318332,0.05453953881964697,0.054539556527142465,0.9523955200726989,0.9523955197655918,0.0,0.0,0.2514371604596877,0.2514371612288833,0.02065175147096039,0.020651751338212888,0.2514371604596877,0.2514371612288833,0.0,0.0,0.0,0.0
S2_CONFIRMATORY_CONSTRAINT,LONG_ONLY_CAP50,TT,13,0,3,2204f08dfc06c55e6b086ae27ab21753ee4fcf2d8e1d6690479fdf4ac7aa3b71,be08cbb33229629df5b29c395a151b54f6f0680d4bebb3346c30299d85b3cd4e,be08cbb33229629df5b29c395a151b54f6f0680d4bebb3346c30299d85b3cd4e,600,True,0.006504668282215543,0.006504656845799372,0.044253197588836994,0.04425319291500425,0.029911050189732464,0.029911050178837183,0.05449936907359521,0.054499386045975005,0.952427312100296,0.9524273117916157,0.0,0.0,0.2512554004193395,0.2512554011926252,0.020651442789822727,0.020651442654448716,0.2512554004193395,0.2512554011926252,0.0,0.0,0.0,0.0
S2_CONFIRMATORY_CONSTRAINT,LONG_ONLY_CAP50,TT,14,0,3,648316d23134f5aa0043d63317b23936e11232556803d966a42fb381520cc37d,2067feedb59f6022fe55abfe1cf51f2f55e9a6eac59c1d15f293607111b12d97,2067feedb59f6022fe55abfe1cf51f2f55e9a6eac59c1d15f293607111b12d97,600,True,0.006479642259783566,0.006479630805785317,0.04427187631057985,0.04427187159643726,0.029889622997827048,0.029889622987696842,0.05446988074884109,0.05446989849039296,0.9524044156682684,0.9524044153617891,0.0,0.0,0.2511537670378859,0.2511537677948677,0.020652368168766234,0.020652368037327895,0.2511537670378859,0.2511537677948677,0.0,0.0,0.0,0.0
S2_CONFIRMATORY_CONSTRAINT,LONG_ONLY_CAP50,TT,15,0,3,5e801c625fe6d9a61850fa1b47caaa5feff4da3c54e2f2bee3f7a93aeccedc88,19e9dcbcffda4004d5e558646c63568c3116068136448db891f22eb46fd2f9c3,19e9dcbcffda4004d5e558646c63568c3116068136448db891f22eb46fd2f9c3,600,True,0.00647194265556546,0.006471931187516205,0.0442728716212266,0.04427286689416922,0.029899470129637135,0.02989947011644806,0.05450147619990539,0.05450149398145315,0.9524186744258701,0.9524186741197139,0.0,0.0,0.251095883229881,0.25109588399610566,0.020651121309748558,0.0206511211808496,0.251095883229881,0.25109588399610566,0.0,0.0,0.0,0.0
S2_CONFIRMATORY_CONSTRAINT,LONG_ONLY_CAP50,TT,16,0,3,d52898c1526b4500f86731f1ed967af4df12e21ea105cd2303fe0422cf6ebc16,774bd732f2925113ce467e3ef14510346a36dd2d96323d5cf14e98cdc0182cc8,774bd732f2925113ce467e3ef14510346a36dd2d96323d5cf14e98cdc0182cc8,600,True,0.006491941531616288,0.006491930079394102,0.04429111924699778,0.044291114542279304,0.02994304965288407,0.029943049648247063,0.054571386649604765,0.054571404385065386,0.9523856821190922,0.9523856818123715,0.0,0.0,0.25152113859872827,0.25152113938334175,0.020650640161437,0.0206506400295103,0.25152113859872827,0.25152113938334175,0.0,0.0,0.0,0.0
S2_CONFIRMATORY_CONSTRAINT,LONG_ONLY_CAP50,TT,17,0,3,a64b9560e1f5829e7b2e964c33627b4454795cb349dd7e915c83e5bd92625bc1,3d9f54a0c14a59a2f4c76939a2691607282e7f22c2a5de8090e4a74f9b14c604,3d9f54a0c14a59a2f4c76939a2691607282e7f22c2a5de8090e4a74f9b14c604,600,True,0.006503847495306455,0.006503836062135631,0.04426926634005645,0.04426926166068302,0.02992336932870479,0.029923369323429445,0.054524740020387596,0.05452475767533754,0.9523965082214084,0.9523965079135964,0.0,0.0,0.2514508469902327,0.2514508477599577,0.020651495665463843,0.020651495530868643,0.2514508469902327,0.2514508477599577,0.0,0.0,0.0,0.0
S2_CONFIRMATORY_CONSTRAINT,LONG_ONLY_CAP50,TT,18,0,3,95230c73b6d57b0f6bd6551c722fa17059957780f4949138c7e1347d2a912ab1,06cfbd04ddbe4ddb3a552d1939f4275431f20dbd3ef2888d004af26717e5e88f,06cfbd04ddbe4ddb3a552d1939f4275431f20dbd3ef2888d004af26717e5e88f,600,True,0.006486698505056837,0.006486687052131479,0.04428009390164667,0.044280089194464654,0.0299219225436635,0.029921922535713436,0.05453216631713265,0.054532184050233135,0.9524014982596707,0.9524014979528637,0.0,0.0,0.25134249501804345,0.25134249578849516,0.02065131954592012,0.020651319414514414,0.25134249501804345,0.25134249578849516,0.0,0.0,0.0,0.0
S2_CONFIRMATORY_CONSTRAINT,LONG_ONLY_CAP50,TT,19,0,3,9752d16be17cd675875c30146071baa1aea462ec5b88d2f751092f89cd6ec312,9cfe3fa88bb4c9b4fe4ac175929c85af58b819db09fdd9f81b384728085f2cea,9cfe3fa88bb4c9b4fe4ac175929c85af58b819db09fdd9f81b384728085f2cea,600,True,0.006528070328842858,0.006528058908098309,0.04424214559451133,0.044242140949737885,0.029907534488335927,0.029907534482129326,0.05448544228851855,0.0544854591870294,0.9523948048985937,0.9523948045891352,0.0,0.0,0.2514327947583548,0.2514327955638126,0.02065156576617721,0.02065156562596684,0.2514327947583548,0.2514327955638126,0.0,0.0,0.0,0.0
S2_CONFIRMATORY_CONSTRAINT,LONG_ONLY_CAP50,TT,20,0,3,e6bf1f79ea5a53756827d5dec156ef9f51141298d4a23cac0065e6bea9e43391,4bfe2b62ea25e7752a600c60c23443a970a280fdf146ad258f78bc8011cf2af7,4bfe2b62ea25e7752a600c60c23443a970a280fdf146ad258f78bc8011cf2af7,600,True,0.006489198396561389,0.006489186935785215,0.044262055628314784,0.044262050925486164,0.029901873056203742,0.029901873042284862,0.0544944022261841,0.05449441994010768,0.9524243713807329,0.952424371073172,0.0,0.0,0.25112249809456727,0.25112249888698107,0.020651421981489296,0.02065142184829703,0.25112249809456727,0.25112249888698107,0.0,0.0,0.0,0.0
S2_CONFIRMATORY_CONSTRAINT,LONG_ONLY_CAP50,TT,21,0,3,fa8c058d8c08746c626f8b9f2a591f05388ef4428892a85bc558d9d6f487a674,210a7cc15470f7d6b08fd5d78c4557e568f96da3c160ebac190136f0b229cf11,210a7cc15470f7d6b08fd5d78c4557e568f96da3c160ebac190136f0b229cf11,600,True,0.006497801740662464,0.006497790298992032,0.04427038027885038,0.04427037558808634,0.029909305593246987,0.029909305587060578,0.0545022116907528,0.05450222937733385,0.9523890200366741,0.9523890197294177,0.0,0.0,0.2513715547394023,0.2513715555165217,0.02065199723061276,0.02065199709640055,0.2513715547394023,0.2513715555165217,0.0,0.0,0.0,0.0
S2_CONFIRMATORY_CONSTRAINT,LONG_ONLY_CAP50,TT,22,0,3,3a5a1a68e6f567a236e525709132f109dfa55622a93feabe83088e34d2f7e03e,c17b3402a0100722d9d8b7c20f8014bbaee2f1c734ca532f3aad7fbe0751f22c,c17b3402a0100722d9d8b7c20f8014bbaee2f1c734ca532f3aad7fbe0751f22c,600,True,0.006504099801809622,0.0065040883663835805,0.04427269999856912,0.04427269531591147,0.029917998233126093,0.029917998229219648,0.054514346118161965,0.054514363784632425,0.9523807286704883,0.9523807283630037,0.0,0.0,0.2514762044101045,0.2514762051901655,0.020651694127603818,0.020651693992369123,0.2514762044101045,0.2514762051901655,0.0,0.0,0.0,0.0
S2_CONFIRMATORY_CONSTRAINT,LONG_ONLY_CAP50,TT,23,0,3,5b22eec30ef475775797eb3775e332b15dd95ad0ff9c83518fb0330aa5a00b29,08fe1f513affa1e3c00d82ea1555306797b63fd1b60205cbd70de5a0bf630f99,08fe1f513affa1e3c00d82ea1555306797b63fd1b60205cbd70de5a0bf630f99,600,True,0.006503700307192049,0.006503688868901879,0.04425500593900581,0.04425500126243423,0.029905000567073934,0.02990500055650532,0.054486456529400866,0.05448647416670245,0.9524209118476846,0.952420911539155,0.0,0.0,0.25124161194400374,0.25124161272057777,0.020652070709027075,0.020652070573254903,0.25124161194400374,0.25124161272057777,0.0,0.0,0.0,0.0
S2_CONFIRMATORY_CONSTRAINT,LONG_ONLY_CAP50,TT,24,0,3,8f9a2956d2431a04a74f6c4945badf3d928b1bd90c843c674ac201058726de9d,011166fe1fc9b21b089af8a2c6904064285466baa2d831086f85fecb3f6f33fb,011166fe1fc9b21b089af8a2c6904064285466baa2d831086f85fecb3f6f33fb,600,True,0.006492664862900239,0.0064926534107763575,0.04426136884710766,0.044261364149505635,0.029889360015458454,0.029889360003771678,0.05446239193340288,0.05446240962833043,0.9524097345354595,0.9524097342279059,0.0,0.0,0.2511469173853331,0.25114691817219914,0.02065140514511999,0.020651405010254115,0.2511469173853331,0.25114691817219914,0.0,0.0,0.0,0.0
S2_CONFIRMATORY_CONSTRAINT,LONG_ONLY_CAP50,TT,25,0,3,4e6692cac162ed0407e5b38e5a0319ab40ecb9ece233e8fa2c596352bdb38909,74e928a6f134edb9f3ff3f7f29e153b5f84c2de569cc1e49e440cca54baf9e8c,74e928a6f134edb9f3ff3f7f29e153b5f84c2de569cc1e49e440cca54baf9e8c,600,True,0.006485127505661162,0.006485116043227482,0.04426113392594618,0.044261129220641744,0.029895647314090158,0.029895647297330595,0.05447502082163703,0.05447503853192405,0.9524443724690841,0.9524443721611529,0.0,0.0,0.2510051572347644,0.25100515801640627,0.020651727694024867,0.020651727560564277,0.2510051572347644,0.25100515801640627,0.0,0.0,0.0,0.0
S2_CONFIRMATORY_CONSTRAINT,LONG_ONLY_CAP50,TT,26,0,3,756bb8358df58abaa3474ff1cee424d0615f6e0e8bc22cdf8c8462a5a97a2c08,2e3ac69d0ee43a993e4a4d97f35bd8dc9cb058f502b601fad12444274502a69c,2e3ac69d0ee43a993e4a4d97f35bd8dc9cb058f502b601fad12444274502a69c,600,True,0.006526764073610593,0.00652675264839462,0.04425313948584094,0.04425313483643644,0.029919601012632326,0.029919601006976083,0.05450449841745234,0.05450451598802768,0.952394665072981,0.9523946647635674,0.0,0.0,0.2514820882530003,0.25148208906392705,0.020651802438829893,0.020651802298456146,0.2514820882530003,0.25148208906392705,0.0,0.0,0.0,0.0
S2_CONFIRMATORY_CONSTRAINT,LONG_ONLY_CAP50,TT,27,0,3,fc535c6bf532cbc2aca51a9789638f9a055e6757954fe5bb98d1a5c04f717d3e,13109c59ee1ade21b49bd89d3cc534aeff850c7e6f69f13de69e12e5b34ff64e,13109c59ee1ade21b49bd89d3cc534aeff850c7e6f69f13de69e12e5b34ff64e,600,True,0.006489536558256962,0.006489525120523683,0.04425972521307241,0.044259720519051235,0.02988908933337825,0.029889089324229713,0.05446377253724025,0.05446379021973261,0.9524103081788672,0.9524103078716126,0.0,0.0,0.2511924351608732,0.2511924359040489,0.02065210528766598,0.02065210515502155,0.2511924351608732,0.2511924359040489,0.0,0.0,0.0,0.0
S2_CONFIRMATORY_CONSTRAINT,LONG_ONLY_CAP50,TT,28,0,3,32e14c4cd28cde4ac4d52f8ea4996d2f3d11f6b0cdd4001d06d9490bad4b5fc2,a83ebcba2178753305aad3407679dd29c3842eea448e80bd272610104e37e15b,a83ebcba2178753305aad3407679dd29c3842eea448e80bd272610104e37e15b,600,True,0.006497631736454914,0.006497620288746924,0.04426262366804122,0.04426261897727774,0.02990335145137964,0.029903351441625044,0.05449215964824624,0.05449217733128872,0.9524050140881313,0.9524050137805021,0.0,0.0,0.2512571805509028,0.25125718133932456,0.020651556662806266,0.020651556528128518,0.2512571805509028,0.25125718133932456,0.0,0.0,0.0,0.0
S2_CONFIRMATORY_CONSTRAINT,LONG_ONLY_CAP50,TT,29,0,3,b9121c466ee6e47bfc4d23f6285f45a7a5bf07270c87877473f7ff0d39185a6c,d5e4d5959b822738cbef443d62bc55b885fc5907d8ef8cadfd4b1fd72bcd9199,d5e4d5959b822738cbef443d62bc55b885fc5907d8ef8cadfd4b1fd72bcd9199,600,True,0.006486954795707091,0.006486943339781091,0.044272682162949946,0.044272677455236345,0.02990711318184356,0.029907113172219484,0.054506927222146236,0.05450694495539971,0.9524013604793513,0.9524013601725667,0.0,0.0,0.2512538438157219,0.2512538445967339,0.02065138849773214,0.02065138836555687,0.2512538438157219,0.2512538445967339,0.0,0.0,0.0,0.0
S2_CONFIRMATORY_CONSTRAINT,LONG_ONLY_CAP50,TT,30,0,3,c4b6bd83bb5603ec8c6948e9206f89ec9f9b1cd4c2eac2efa52613e13174a9a2,9262bfde1fcf00dda8a06cef5d1bce424ad17e2ae4f40e6306ebd38c3ceeb91b,9262bfde1fcf00dda8a06cef5d1bce424ad17e2ae4f40e6306ebd38c3ceeb91b,600,True,0.0064849751534976205,0.006484963700897942,0.04431225093977334,0.04431224622068305,0.029963714085239037,0.029963714086794907,0.05462058709710109,0.054620604886366796,0.9523533539143861,0.9523533536090869,0.0,0.0,0.2517489162912357,0.25174891706353175,0.020650382041716226,0.020650381912984885,0.2517489162912357,0.25174891706353175,0.0,0.0,0.0,0.0
S2_CONFIRMATORY_CONSTRAINT,LONG_ONLY_CAP50,TT,31,0,3,5878ddbb106c6c0cea90f76aa084b3edc72bd340d44f8a0e8622b2e030bf59b2,7eb725ee1f1b4cb6a752f6b262d1e7706b15809448a9888609ee5c4667af246e,7eb725ee1f1b4cb6a752f6b262d1e7706b15809448a9888609ee5c4667af246e,600,True,0.0064917421992870495,0.006491730740278608,0.044244658085260714,0.044244653389568525,0.029873367174945712,0.029873367157237176,0.05443436804699394,0.05443438572926768,0.952437993480797,0.9524379931725936,0.0,0.0,0.25092772327900553,0.25092772407432146,0.020651624571280884,0.02065162443598562,0.25092772327900553,0.25092772407432146,0.0,0.0,0.0,0.0
S2_CONFIRMATORY_CONSTRAINT,LONG_ONLY_CAP50,TT,32,0,3,b8fbdf65d6774114371f0770e88625d9b7ece44a01498f527222c9618f0d89bd,f38c94bf2b8705b4b0e5cc7eb3a2e348b22bbfbe614bc9d1725e37c0e6bdfbe9,f38c94bf2b8705b4b0e5cc7eb3a2e348b22bbfbe614bc9d1725e37c0e6bdfbe9,600,True,0.006480938030620508,0.0064809265774008135,0.044288048337763654,0.0442880436244093,0.02992921460533856,0.02992921459740753,0.05454466627750153,0.054544684026393515,0.9524085256090689,0.9524085253024256,0.0,0.0,0.2513472870462573,0.2513472877998297,0.02065195476623696,0.020651954636110144,0.2513472870462573,0.2513472877998297,0.0,0.0,0.0,0.0
S2_CONFIRMATORY_CONSTRAINT,LONG_ONLY_CAP50,TT,33,0,3,98dfa29eb033cf52f5b5ae3ea0938dfa9ff79486c8fc98a6ac1432eb152bf069,889e4c164e05c23a2e30cfc949763b28499781297cb79ce1769072dc80d82098,889e4c164e05c23a2e30cfc949763b28499781297cb79ce1769072dc80d82098,600,True,0.006488336013932436,0.006488324567289983,0.04428085124610661,0.0442808465419547,0.0299207751811232,0.029920775175368532,0.05452974385092184,0.05452976157725007,0.9523907604032751,0.9523907600966456,0.0,0.0,0.2514007254813242,0.25140072624393195,0.020651558939739714,0.02065155880832008,0.2514007254813242,0.25140072624393195,0.0,0.0,0.0,0.0
S2_CONFIRMATORY_CONSTRAINT,LONG_ONLY_CAP50,TT,34,0,3,4a8de310ddbd6cf007f7572caeab1ce361973c870b3b0a2943fad781b3dc0e78,f6422384e75377071f673424fa9eee98ed0e8c3f283032e25a0094578f6f9d04,f6422384e75377071f673424fa9eee98ed0e8c3f283032e25a0094578f6f9d04,600,True,0.006473583950149147,0.00647357248219149,0.0442696927380283,0.04426968801525995,0.029900974169245625,0.029900974153921865,0.05450081927980201,0.05450083704668545,0.9524339057204293,0.9524339054137253,0.0,0.0,0.2510439212513727,0.25104392201869125,0.020651431153602795,0.0206514310239759,0.2510439212513727,0.25104392201869125,0.0,0.0,0.0,0.0
S2_CONFIRMATORY_CONSTRAINT,LONG_ONLY_CAP50,TT,35,0,3,44ef8c968ea28c16821f5a9f2ff2384b9f541ff31845ff113dc334b9ecc6d78e,2e31c18c1c81e40aadc3567d925f5c578a55037c267a5871e2e7859768b05371,2e31c18c1c81e40aadc3567d925f5c578a55037c267a5871e2e7859768b05371,600,True,0.006497732689555701,0.006497721244579099,0.044255646853388245,0.04425564216687176,0.029896872272554876,0.029896872260899553,0.05447760023670564,0.054477617903258516,0.9524184805097438,0.9524184802017046,0.0,0.0,0.25117848512796653,0.2511784859072901,0.020652206136051596,0.02065220600120904,0.25117848512796653,0.2511784859072901,0.0,0.0,0.0,0.0
S2_CONFIRMATORY_CONSTRAINT,LONG_ONLY_CAP50,TT,36,0,3,216227f8cafc54c7ab14e074614179f86247212c9f82dd2ff56b4c3c6be61d82,baa864c3fc62aa923bc8087ac5a00a88c8b18636bd45e91c3d201a17b25466e9,baa864c3fc62aa923bc8087ac5a00a88c8b18636bd45e91c3d201a17b25466e9,600,True,0.006481721279491911,0.006481709825163564,0.04425532441711742,0.04425531971105521,0.029883093383926296,0.029883093368699088,0.05445682179775802,0.05445683950855465,0.9524363919701236,0.9524363916627157,0.0,0.0,0.2509960261363452,0.2509960268937164,0.02065136454712742,0.020651364415230026,0.2509960261363452,0.2509960268937164,0.0,0.0,0.0,0.0
S2_CONFIRMATORY_CONSTRAINT,LONG_ONLY_CAP50,TT,37,0,3,eb97cce66800d0c38dd6f5f9aeb00698a414b2979f50941f5aba5f0aec71b18d,92f390006dbceca1388e5a95e3bae947a9b1a1e4d5cd6ce3f81ee4d05b8218ba,92f390006dbceca1388e5a95e3bae947a9b1a1e4d5cd6ce3f81ee4d05b8218ba,600,True,0.0064882852763148095,0.0064882738333660005,0.044286977740275194,0.04428697303706048,0.02992761630116755,0.029927616296806688,0.05453748631349998,0.05453750403643511,0.9523893915834962,0.9523893912768139,0.0,0.0,0.2514549001390888,0.251454900891721,0.020652006551994798,0.020652006420604344,0.2514549001390888,0.251454900891721,0.0,0.0,0.0,0.0
S2_CONFIRMATORY_CONSTRAINT,LONG_ONLY_CAP50,TT,38,0,3,44faa1a6a4aaddba82a7a09f53650fdaf7e8c3891005b2a2b8fd7e3ece97fbf8,94a5aa1a5e0b7b277b67f438477440fc91eb0dfd1d2816ea51c023e6b1bfd69c,94a5aa1a5e0b7b277b67f438477440fc91eb0dfd1d2816ea51c023e6b1bfd69c,600,True,0.0065097304403717166,0.0065097190104559475,0.04425605584663283,0.0442560511799757,0.02991583434678138,0.029915834338026862,0.05450292633069753,0.05450294328425057,0.9524192983167759,0.9524192980078846,0.0,0.0,0.25133706769740033,0.25133706846943665,0.02065212825704775,0.020652128120603158,0.25133706769740033,0.25133706846943665,0.0,0.0,0.0,0.0
S2_CONFIRMATORY_CONSTRAINT,LONG_ONLY_CAP50,TT,39,0,3,265528718b19a1ad200c58b2761d174951acc0854f81182f199bdd4192100ec8,bcf5da1df5e56b1222c28e2aed831d7e199b90b2f3299168645f568826b8da35,bcf5da1df5e56b1222c28e2aed831d7e199b90b2f3299168645f568826b8da35,600,True,0.006508362343475796,0.006508350905124026,0.04427549708599656,0.044275492405655606,0.029934674315343184,0.029934674312799232,0.054553445592725805,0.05455346326455279,0.9523723845814551,0.9523723842740448,0.0,0.0,0.25158706220594235,0.2515870630033625,0.020651646232745326,0.020651646097871235,0.25158706220594235,0.2515870630033625,0.0,0.0,0.0,0.0
S1_PRIMARY,LONG_ONLY_FULL,TT,0,0,4,0ad1ff00de5f12745943c90e185267f72edfbd2f1d5bc62d91f163288d6563eb,4bbea1491f778f692a7ad6e93d24a9224022839a0d802adb8a601226dc52b85c,4bbea1491f778f692a7ad6e93d24a9224022839a0d802adb8a601226dc52b85c,600,True,0.014486753612000995,0.014486799749038074,0.07574793399589617,0.07574793811928768,0.05492926632260351,0.054929240039498006,0.10673602864308078,0.10673602716734117,0.9141819422828865,0.914181954747346,0.0,0.0,0.5011269571393655,0.501126949905523,0.08273002343551393,0.08273002573617448,0.5011269571393655,0.501126949905523,0.0,0.0,0.0,0.0
S1_PRIMARY,LONG_ONLY_FULL,TT,1,0,4,b3d6007b8d36af400863df4d8069756070c6065a21ba643c16e4d266602f3058,65758b61b64e1ed9eab40f135c98588ac1319eadf1875971ea8411d757498084,65758b61b64e1ed9eab40f135c98588ac1319eadf1875971ea8411d757498084,600,True,0.014638196693826044,0.014638242744097309,0.07559698280904793,0.07559698698582432,0.054768523671331316,0.054768497693539586,0.10659647114327372,0.10659644700327918,0.9149875141803775,0.914987526364467,0.0,0.0,0.500914613690064,0.500914606296063,0.0827352964481284,0.08273529893206821,0.500914613690064,0.500914606296063,0.0,0.0,0.0,0.0
S1_PRIMARY,LONG_ONLY_FULL,TT,2,0,4,aa9821e7538e18491c151b8f06dfcead4b8fbaba9ac66d6259597de026ac2954,1e608b0961537eb6b0b9f535cc85d3080cbebddbedf8d943f98451459278289d,1e608b0961537eb6b0b9f535cc85d3080cbebddbedf8d943f98451459278289d,600,True,0.014514570189967782,0.014514616559754216,0.07567141514276467,0.07567141925835566,0.054903227723901334,0.05490320143924294,0.10669958750333969,0.10669958760379845,0.9143416950563555,0.9143417075280059,0.0,0.0,0.500092091987729,0.5000920843236071,0.08272924942685297,0.08272925170909727,0.500092091987729,0.5000920843236071,0.0,0.0,0.0,0.0
S1_PRIMARY,LONG_ONLY_FULL,TT,3,0,4,9cddee0f94ecc5eee6d360f0f94f69c37a45b94fa14c27ef4eb5e2439cdb3358,490faf480496ce93a6b92bd68419a93d7ec9cef016623932528b362a945d7a76,490faf480496ce93a6b92bd68419a93d7ec9cef016623932528b362a945d7a76,600,True,0.014593381648880814,0.01459342787875196,0.07557627879038185,0.07557628294494738,0.05483044901927661,0.054830422895391896,0.10663887955676322,0.10663887965722009,0.9147957747122146,0.9147957870173333,0.0,0.0,0.5001822075475094,0.5001821999620818,0.0827387961321897,0.08273879853284026,0.5001822075475094,0.5001821999620818,0.0,0.0,0.0,0.0
S1_PRIMARY,LONG_ONLY_FULL,TT,4,0,4,45e4bdf966fd665589156e7bddc29b8db43a0112b0a6342b37be9ee8203125ef,b35f3a549e8291331e4993a6efeab65c448a44f327cf67e3eb928e47cc04584e,b35f3a549e8291331e4993a6efeab65c448a44f327cf67e3eb928e47cc04584e,600,True,0.01451467514778147,0.014514721356786463,0.07565176140098942,0.07565176551049332,0.0548373864847206,0.0548373602590382,0.10672685190938945,0.10672685178408328,0.9148985272970014,0.9148985394842072,0.0,0.0,0.5008640544532235,0.500864046684848,0.08272195841022911,0.08272196071486379,0.5008640544532235,0.500864046684848,0.0,0.0,0.0,0.0
S1_PRIMARY,LONG_ONLY_FULL,TT,5,0,4,22a3b836afbffcfee4b61e84361f542795eb9f40131f5c3b84fbea04e630c30b,47f93089ac380133a87ec85d37cd84268cdda8cbe094dfa59fa89fac86acd3d3,47f93089ac380133a87ec85d37cd84268cdda8cbe094dfa59fa89fac86acd3d3,600,True,0.014474971601696144,0.014475017845027234,0.0757261134114686,0.07572611752937676,0.05494682703848381,0.054946800757867856,0.10672867081254182,0.10672866933558484,0.9143219692238629,0.9143219816807827,0.0,0.0,0.5005528567974058,0.5005528495365761,0.08273123713220512,0.082731239433134,0.5005528567974058,0.5005528495365761,0.0,0.0,0.0,0.0
S1_PRIMARY,LONG_ONLY_FULL,TT,6,0,4,97880e8cad0b04f484804c84ea78868282bf436b9d241069e437d6409fc331ac,c2aab7726ef656a28ff77ea18acb53602d20460de0b10dbb48bded7c465d4eb7,c2aab7726ef656a28ff77ea18acb53602d20460de0b10dbb48bded7c465d4eb7,600,True,0.014583908906449571,0.014583955452136314,0.0754355424450218,0.07543554659643505,0.054865068312799956,0.054865042260982794,0.10604761969432075,0.10604759549437534,0.9155006151743459,0.9155006117899877,0.0,0.0,0.49801649954318294,0.4980164918949944,0.08273286540397215,0.08273286786177772,0.49801649954318294,0.4980164918949944,0.0,0.0,0.0,0.0
S1_PRIMARY,LONG_ONLY_FULL,TT,7,0,4,3856d94e9106f20120adc545e35f2156fc8b2347509e2de78a347775f0831968,8c9dd2fd02f96c3893ecac71e9d8a20be246392b092fbbc809244ac7ee5d927a,8c9dd2fd02f96c3893ecac71e9d8a20be246392b092fbbc809244ac7ee5d927a,600,True,0.014465360549735464,0.014465407023815704,0.07563451640895574,0.07563452051808757,0.0549456278528901,0.05494560165687395,0.10657553030966203,0.10657553018536281,0.9150572331993495,0.9150572454791078,0.0,0.0,0.4991403606132843,0.4991403531987953,0.08273451829071352,0.08273452063755672,0.4991403606132843,0.4991403531987953,0.0,0.0,0.0,0.0
S1_PRIMARY,LONG_ONLY_FULL,TT,8,0,4,d6322b47f4243479a26fe7b990f610b7286df4d50d9a12ff3c33a17f8f23f189,86d13c93fd17590486817e81e12758cafc0d54001f6ba46fc34b32e957d2c20a,86d13c93fd17590486817e81e12758cafc0d54001f6ba46fc34b32e957d2c20a,600,True,0.014565336013648903,0.014565382247931696,0.0755373175941778,0.07553732174434205,0.05489022661278983,0.05489020037926129,0.1064591034605839,0.10645910214191316,0.9146539677482758,0.914653980150718,0.0,0.0,0.4999168635524497,0.4999168560653292,0.08273815804256901,0.08273816040254564,0.4999168635524497,0.4999168560653292,0.0,0.0,0.0,0.0
S1_PRIMARY,LONG_ONLY_FULL,TT,9,0,4,6ec884b1dfca21bee854c951cc44e21428ef88a5c600e90f1e6f581c6f2ff601,cb0853925761bd6188ddc949ec9a625b77eb4f46568c7f6ee69c2d0a17b62099,cb0853925761bd6188ddc949ec9a625b77eb4f46568c7f6ee69c2d0a17b62099,600,True,0.014465213217670829,0.014465259707595334,0.0756371195307194,0.07563712365337917,0.05498151346633113,0.05498148726703997,0.10653412690793983,0.10653412559566469,0.9149016416484589,0.9149016540176418,0.0,0.0,0.4988654521763961,0.498865444963447,0.0827344036887734,0.08273440605656447,0.4988654521763961,0.498865444963447,0.0,0.0,0.0,0.0
S1_PRIMARY,LONG_ONLY_FULL,TT,10,0,4,d8520d6f1fb6e511142d03e0d684844cca92e471b097db39072ebf2e1543cc3d,b8bd16c59bb43bf91a8b16a5a43f39b50b24411c45525893b3112014eb235759,b8bd16c59bb43bf91a8b16a5a43f39b50b24411c45525893b3112014eb235759,600,True,0.014495156954529301,0.014495203347474768,0.0756226868520006,0.07562269099052568,0.05496153178498122,0.05496150561013015,0.10652657341734979,0.10652657210313127,0.9148421705071834,0.9148421828805426,0.0,0.0,0.49915933949805,0.4991593323467602,0.08272772404326176,0.08272772644097048,0.49915933949805,0.4991593323467602,0.0,0.0,0.0,0.0
S1_PRIMARY,LONG_ONLY_FULL,TT,11,0,4,b27b28e1323053e3fdd83e6fb1e1dcbc2b9101521bede40e5375df4b8f715cc0,30d498f40403082b7bdf897e5c93f1139d974756dbdf0476e0956d5eab13016e,30d498f40403082b7bdf897e5c93f1139d974756dbdf0476e0956d5eab13016e,600,True,0.014530687832510419,0.014530734077275209,0.07568151219029336,0.07568151632535461,0.05489459072653668,0.05489456455602764,0.10670389757131747,0.10670389767321593,0.914525265068226,0.9145252774634913,0.0,0.0,0.500360415892881,0.500360408563827,0.08273629749386785,0.08273629985803944,0.500360415892881,0.500360408563827,0.0,0.0,0.0,0.0
S1_PRIMARY,LONG_ONLY_FULL,TT,12,0,4,facdb9827fe812da9c9bb34a4b0298245e1ee3ba72f33735397c5110cb18d324,409aa8ef284d8869f975c83c1b318fba148d609bc3222cb4b9d9745c34af4ba4,409aa8ef284d8869f975c83c1b318fba148d609bc3222cb4b9d9745c34af4ba4,600,True,0.014556836197755078,0.014556882367558265,0.0756728774303655,0.07567288157442366,0.05485078894506553,0.05485076281437854,0.10674749424322591,0.1067474943446682,0.9146172283645799,0.9146172406857201,0.0,0.0,0.5007588541152296,0.5007588467048297,0.08274238193701453,0.08274238432099192,0.5007588541152296,0.5007588467048297,0.0,0.0,0.0,0.0
S1_PRIMARY,LONG_ONLY_FULL,TT,13,0,4,d8cb7781d6a82c96f1acacf9d58a820c6bb99c42585bccdaabdefe52349363bd,d4de0dc83298ec965db8e9c48baf80b34571d854c74410d3a7e683da5bdeeafb,d4de0dc83298ec965db8e9c48baf80b34571d854c74410d3a7e683da5bdeeafb,600,True,0.014535129992247799,0.014535176274336165,0.07566050852601204,0.07566051266225288,0.05488090099797451,0.05488087485438683,0.10670920008812447,0.10670920018934348,0.9147184489825724,0.9147184613169176,0.0,0.0,0.5001342823785705,0.500134274982767,0.08272992964327389,0.08272993202254274,0.5001342823785705,0.500134274982767,0.0,0.0,0.0,0.0
S1_PRIMARY,LONG_ONLY_FULL,TT,14,0,4,41e4116789380c024734ab58deec0848cc1675215d3b85821ed1efb86e0006ca,d9b9d55b01075cc5e8a88b88750f1e763767298ba5cb24a530a2f3494228db3a,d9b9d55b01075cc5e8a88b88750f1e763767298ba5cb24a530a2f3494228db3a,600,True,0.014459811673439828,0.014459857973307656,0.07563310392217354,0.07563310804417048,0.05495337554950215,0.054953349334899315,0.1065104791742628,0.10651047905150315,0.9150438532708,0.9150438655127295,0.0,0.0,0.4997504514218474,0.49975044420710196,0.08273308830646045,0.08273309067118004,0.4997504514218474,0.49975044420710196,0.0,0.0,0.0,0.0
S1_PRIMARY,LONG_ONLY_FULL,TT,15,0,4,69824712dfe453549c0869ec617c40d6d28f5f0644418ce0bc3900516e0dc9b3,b43f99bdb0f1d79e7eb7aeaa3563db4a6b80bf222c1baec1f1296e3dfb34287f,b43f99bdb0f1d79e7eb7aeaa3563db4a6b80bf222c1baec1f1296e3dfb34287f,600,True,0.014443716193492868,0.014443762612466115,0.07568249246330917,0.07568249657102137,0.05499940390129741,0.054999377569563856,0.10681134227908133,0.10681134083165218,0.9144258353168663,0.9144258478103143,0.0,0.0,0.4995384372551318,0.4995384299533025,0.08272970674969364,0.08272970903452395,0.4995384372551318,0.4995384299533025,0.0,0.0,0.0,0.0
S1_PRIMARY,LONG_ONLY_FULL,TT,16,0,4,e126bef6226c310bf916f77410efd948f74c3ec63781a25a9d8d48edd93dce67,85777bb635ef874cf16392f43dab226070f43059346e623ad8d7666f4ea71f56,85777bb635ef874cf16392f43dab226070f43059346e623ad8d7666f4ea71f56,600,True,0.014519306821181365,0.014519352988039852,0.07573869145270401,0.07573869557469037,0.054869240137335885,0.05486921390561338,0.10682561056956426,0.10682561067087955,0.914312604943077,0.9143126173381244,0.0,0.0,0.5012080687018118,0.5012080612070574,0.08272944936790548,0.08272945167298386,0.5012080687018118,0.5012080612070574,0.0,0.0,0.0,0.0
S1_PRIMARY,LONG_ONLY_FULL,TT,17,0,4,db8aa973307b83edceceb097da744ffba780b93c53774a05ccae695ef8c206f6,97dec22db680da273e2991bb77528f1aa05408429b285c6fcf0f606deaf43fe7,97dec22db680da273e2991bb77528f1aa05408429b285c6fcf0f606deaf43fe7,600,True,0.014593822999954646,0.014593869093059127,0.0756518936553803,0.07565189781617625,0.05481136767507401,0.0548113416232757,0.10676602399151237,0.10676602662647952,0.9147691649467995,0.9147691772018633,0.0,0.0,0.5009282427798329,0.5009282354184084,0.08272931851308153,0.08272932095137239,0.5009282427798329,0.5009282354184084,0.0,0.0,0.0,0.0
S1_PRIMARY,LONG_ONLY_FULL,TT,18,0,4,29437827b9ad7b900fdd7ffe8170f55c9443370830630814ef278674f848cf3e,eb3a297b416669696b5488d0bdca29e9e3e5613eaf5f1ceb5c387430d92dab1d,eb3a297b416669696b5488d0bdca29e9e3e5613eaf5f1ceb5c387430d92dab1d,600,True,0.014460813727611252,0.01446085997864907,0.07572873594839612,0.07572874006232246,0.05494855239113405,0.054948526126531436,0.1068488065417464,0.10684880507785469,0.9144899191878864,0.9144899315799033,0.0,0.0,0.5005122388229426,0.5005122315821166,0.08273370102177273,0.08273370332935087,0.5005122388229426,0.5005122315821166,0.0,0.0,0.0,0.0
S1_PRIMARY,LONG_ONLY_FULL,TT,19,0,4,f42e6192b68fc5bcbfcdbb53b85f4e0e773d67b6dc0e851ebe63257c6df73c58,1aa05166636e581595bb85c58d009051daac5966240b72e5a623024dd0ea810b,1aa05166636e581595bb85c58d009051daac5966240b72e5a623024dd0ea810b,600,True,0.014701324042415856,0.014701370098809813,0.07550429116034173,0.07550429534522628,0.05468411942308356,0.05468409350007348,0.1063396322734725,0.1063396081946603,0.915252032190196,0.9152520287603231,0.0,0.0,0.5008586888318604,0.5008586810630855,0.08274307278108414,0.08274307528064988,0.5008586888318604,0.5008586810630855,0.0,0.0,0.0,0.0
S1_PRIMARY,LONG_ONLY_FULL,TT,20,0,4,2f1976ffb96fd52978724777929202e84184895991edee28ec6fb42099dcc924,76e6d04411fa86330256d4c1aa797cb0b3b1aaccbb86394b8aa0d97e888be424,76e6d04411fa86330256d4c1aa797cb0b3b1aaccbb86394b8aa0d97e888be424,600,True,0.014527608371510485,0.014527654780979503,0.07560886308855737,0.07560886721126617,0.05488065443146892,0.054880628236812286,0.10664595544448591,0.10664595413054506,0.9148545908481299,0.9148546031677776,0.0,0.0,0.4995849759238482,0.49958496825309867,0.08272813656427905,0.08272813890461869,0.4995849759238482,0.49958496825309867,0.0,0.0,0.0,0.0
S1_PRIMARY,LONG_ONLY_FULL,TT,21,0,4,19e4bc65d4ea60011183783c8397b390b77210b349c3d65d90ad0f9fe5c1b9ef,323151f452163598269bd1fcbe92431698510b6e74f957a18632dfab98a12d01,323151f452163598269bd1fcbe92431698510b6e74f957a18632dfab98a12d01,600,True,0.014581226846846575,0.014581272986529488,0.07560783244483082,0.07560783659810254,0.054837282653542097,0.05483725652330164,0.1066538311799583,0.10665382986357516,0.9147259625587157,0.914725974862573,0.0,0.0,0.5006511122680799,0.5006511048164619,0.08274307610784538,0.08274307850344448,0.5006511122680799,0.5006511048164619,0.0,0.0,0.0,0.0
S1_PRIMARY,LONG_ONLY_FULL,TT,22,0,4,3e6b77ac2b409839fdb23dd6de74316fabea70b0f46d304059c2305c7883560e,3cb239e434fe600cf30f6495b84525f996acffc45d6a4a0cf0ce6fcf31791ffe,3cb239e434fe600cf30f6495b84525f996acffc45d6a4a0cf0ce6fcf31791ffe,600,True,0.014585644894782318,0.014585690940167565,0.07561595746181954,0.07561596161741861,0.05479790146459337,0.05479787541140471,0.10649275966678919,0.10649273549434893,0.9150384580228456,0.9150384701686191,0.0,0.0,0.50108254412746,0.5010825367060096,0.08274230976476407,0.08274231219909085,0.50108254412746,0.5010825367060096,0.0,0.0,0.0,0.0
S1_PRIMARY,LONG_ONLY_FULL,TT,23,0,4,7d2c686f155eb83cd272f5063deae31a089067eb4961cb9909ef4e9f20f2f24f,3d86b4d09604bb94603aa92d54b403ed7cca0c97a0c6e50b68d3a5107d0ee2d1,3d86b4d09604bb94603aa92d54b403ed7cca0c97a0c6e50b68d3a5107d0ee2d1,600,True,0.0146032032433613,0.014603249446442845,0.0755727857482599,0.07557278991198633,0.054814617494742555,0.05481459148871222,0.10644818367535111,0.10644815942929735,0.9151332179500873,0.915133230145212,0.0,0.0,0.5000970263681952,0.5000970189692183,0.08274562820878828,0.08274563067638244,0.5000970263681952,0.5000970189692183,0.0,0.0,0.0,0.0
S1_PRIMARY,LONG_ONLY_FULL,TT,24,0,4,390b8af2860b5b32b60b91ea1a79e6af7506a2dca01c514d1a93c145afa509de,dfc983ec990dad68215f21b9ed4b798951ae3c8d33ba5325fa4f477343656e53,dfc983ec990dad68215f21b9ed4b798951ae3c8d33ba5325fa4f477343656e53,600,True,0.014517469681638567,0.014517515970657445,0.07558242358891337,0.07558242771917616,0.054873530640489915,0.054873504499848964,0.10647210272922442,0.1064721010109562,0.9152687209654976,0.915268733112956,0.0,0.0,0.4998232930925234,0.499823285600697,0.0827270413689687,0.0827270437603131,0.4998232930925234,0.499823285600697,0.0,0.0,0.0,0.0
S1_PRIMARY,LONG_ONLY_FULL,TT,25,0,4,721aea77f390058f8bb72073f4781a871c1ff82475cab27a4f5ae4bcddc4d558,a82e774f308b9f9cf73e9b2fd9dc6f9d8245306954f110d279444e35631b7421,a82e774f308b9f9cf73e9b2fd9dc6f9d8245306954f110d279444e35631b7421,600,True,0.014516593371270741,0.014516639835738553,0.07559720315028011,0.0755972072767482,0.05490069016146638,0.05490066401511914,0.10650575348499876,0.10650572928880019,0.9150730870537805,0.9150730993302986,0.0,0.0,0.49909832520762415,0.4990983176750118,0.08272963213019387,0.08272963450927383,0.49909832520762415,0.4990983176750118,0.0,0.0,0.0,0.0
S1_PRIMARY,LONG_ONLY_FULL,TT,26,0,4,3db67f8676c13a11c6940c515da8257eec187159d105d84012b90df81aac2152,a96cf33f4c46b46ead93ab4ebaf921a56d02326139168a25af2092cb86a28079,a96cf33f4c46b46ead93ab4ebaf921a56d02326139168a25af2092cb86a28079,600,True,0.014658155744415516,0.014658201844703239,0.0755650097020546,0.07556501386084648,0.05469981768493521,0.054699791693688306,0.1064854068056821,0.10648538277621765,0.9151461960024108,0.9151461925686559,0.0,0.0,0.5010506420147586,0.5010506341231745,0.08273575220277879,0.08273575464225356,0.5010506420147586,0.5010506341231745,0.0,0.0,0.0,0.0
S1_PRIMARY,LONG_ONLY_FULL,TT,27,0,4,ec206cfb39fc39a9d820e2dfd9fe02d5d4161a8ca469b044b2efb0a7e8ed0683,765ba0f7472aae31fb6b5d48f302764d470fd229bd9009c359196a175a5f083d,765ba0f7472aae31fb6b5d48f302764d470fd229bd9009c359196a175a5f083d,600,True,0.014507212039946591,0.014507258270640021,0.07562105618772264,0.0756210603315111,0.054932779867801054,0.054932753716727234,0.10651152671496841,0.10651152540357273,0.9149108305510378,0.9149108428517034,0.0,0.0,0.49989251328199963,0.49989250619173053,0.0827413934825593,0.08274139589246154,0.49989251328199963,0.49989250619173053,0.0,0.0,0.0,0.0
S1_PRIMARY,LONG_ONLY_FULL,TT,28,0,4,f47dd4fe214d78059c4efadc14788c0c437d0c81bb2360d6e85cb7b37165f094,2ccaee54799bf3e2156d42b2c5129fce36549f283419c0be78ae40b4afa9d844,2ccaee54799bf3e2156d42b2c5129fce36549f283419c0be78ae40b4afa9d844,600,True,0.014554850269349471,0.014554896520329784,0.07560111689425701,0.07560112103190916,0.05484210969451579,0.054842083567443856,0.10655817536134381,0.10655815117193829,0.9149862647178347,0.9149862769455306,0.0,0.0,0.5001747766789396,0.5001747691068514,0.0827314447043987,0.08273144709304207,0.5001747766789396,0.5001747691068514,0.0,0.0,0.0,0.0
S1_PRIMARY,LONG_ONLY_FULL,TT,29,0,4,085f18ee2c5928471fed8073794c6a6458eabd914c7cbadd8caf95a90678d9e3,9929e16c3e787d54249e5460bc90ae981ccdf39fe9630c6505432045ac6dde87,9929e16c3e787d54249e5460bc90ae981ccdf39fe9630c6505432045ac6dde87,600,True,0.014489702184426552,0.014489748492172534,0.07565245539531802,0.07565245951354171,0.05492800373522315,0.05492797746332852,0.10666345595004212,0.10666345445165533,0.9145961361556,0.9145961485411467,0.0,0.0,0.5000960415602413,0.500096034107161,0.08273749571451196,0.0827374980225848,0.5000960415602413,0.500096034107161,0.0,0.0,0.0,0.0
S1_PRIMARY,LONG_ONLY_FULL,TT,30,0,4,111ad407cebaced38defbd387ffa68d380f9e4c7aeb34b8f001c06bef0dd75ac,8b05977dab503ab5f3d9fb93213ec45cda9d42ef89fa05fbc8710026da81b103,8b05977dab503ab5f3d9fb93213ec45cda9d42ef89fa05fbc8710026da81b103,600,True,0.014527658927235159,0.014527704949042338,0.07578968184692839,0.07578968597344268,0.054874445107819685,0.05487441882882398,0.10686304044942566,0.10686304055206132,0.9138439606606915,0.913843973182105,0.0,0.0,0.5020427526234646,0.5020427452556333,0.08273560121687275,0.0827356034942407,0.5020427526234646,0.5020427452556333,0.0,0.0,0.0,0.0
S1_PRIMARY,LONG_ONLY_FULL,TT,31,0,4,b42f1577b43026bd5de4b725b324ec6c6bf3983256b4f8b70edfd5b7130dd372,dd26c96deb154dfee03835e37bb72aa6a4746414795ea966197ffa65c16f73cd,dd26c96deb154dfee03835e37bb72aa6a4746414795ea966197ffa65c16f73cd,600,True,0.014514565547828156,0.014514612029199701,0.07552932333551356,0.07552932745835796,0.05489514648499187,0.054895120320194724,0.10635219313470871,0.1063521914059517,0.9153495122422255,0.9153495244401086,0.0,0.0,0.49883010533221184,0.4988300976836412,0.0827292170328923,0.08272921940684735,0.49883010533221184,0.4988300976836412,0.0,0.0,0.0,0.0
S1_PRIMARY,LONG_ONLY_FULL,TT,32,0,4,ef91df92304d8d2f4913fcd7cef06bb20625ab8a8a1a07ba41345a39248769ef,299ae16a5a28908dae1009216b8e8108b59ba7e4e68dae1fc7214f721c34925a,299ae16a5a28908dae1009216b8e8108b59ba7e4e68dae1fc7214f721c34925a,600,True,0.014424084947245733,0.014424131237055571,0.07578714492404388,0.07578714902991972,0.05499223801428371,0.05499221170384902,0.10695120368203548,0.10695120625123711,0.9142696189233134,0.9142696313886257,0.0,0.0,0.5004946986636234,0.5004946915295165,0.0827351923629883,0.08273519464573612,0.5004946986636234,0.5004946915295165,0.0,0.0,0.0,0.0
S1_PRIMARY,LONG_ONLY_FULL,TT,33,0,4,becc6121dcc5f1ada8405f224f1e0b727d47951d8207754966fbbedd5748f29a,e6e018cbc11d9d162c7893eae5f78574e32d5fafcafa48470291050be1b7c4f4,e6e018cbc11d9d162c7893eae5f78574e32d5fafcafa48470291050be1b7c4f4,600,True,0.014439226465745912,0.01443927269262166,0.07574677719282334,0.07574678129546954,0.05496289681951962,0.05496287049897076,0.10696590606423119,0.1069659074452906,0.9143866335150425,0.9143866459275963,0.0,0.0,0.5007664324098366,0.5007664251538668,0.08273704476484864,0.0827370470330877,0.5007664324098366,0.5007664251538668,0.0,0.0,0.0,0.0
S1_PRIMARY,LONG_ONLY_FULL,TT,34,0,4,82f69c941251f891aceaca1f1b1222bd69ecb0d21b1422f70073a50c5fa923a0,0e034b5a7bee39ded23323b4ac38e62117e8f0c9b5dc3d1e63dda6fdbb90ad81,0e034b5a7bee39ded23323b4ac38e62117e8f0c9b5dc3d1e63dda6fdbb90ad81,600,True,0.014405159740872727,0.014405206229097339,0.07571431636100785,0.07571432045904604,0.055048556929976705,0.05504853053836759,0.10691607931459861,0.10691608188322849,0.9142750918881546,0.914275104450602,0.0,0.0,0.49931305196867765,0.49931304473779975,0.08273342684314293,0.08273342909621678,0.49931305196867765,0.49931304473779975,0.0,0.0,0.0,0.0
S1_PRIMARY,LONG_ONLY_FULL,TT,35,0,4,dac52f7c6d8c3dae3562073bef0d3a4517a995aaf1cfc15323d30c40f38b26f3,95f7f1e28c8f7b058906258108a75e12da7e5a8463d55a0b6b9aa5819f326c76,95f7f1e28c8f7b058906258108a75e12da7e5a8463d55a0b6b9aa5819f326c76,600,True,0.01455438186623766,0.014554428154180309,0.07558954448494125,0.07558954863001685,0.05487395304787755,0.05487392690349098,0.10659266230802421,0.10659266099305738,0.9148652160039021,0.9148652283127818,0.0,0.0,0.4998686297059475,0.4998686222460384,0.08274433454372387,0.08274433693379307,0.4998686297059475,0.4998686222460384,0.0,0.0,0.0,0.0
S1_PRIMARY,LONG_ONLY_FULL,TT,36,0,4,8c6b1a4de743b2f1f84a68e3839dcd23a527dc0950faa6a41b13573c4f1ded9c,eab444501b9da89b249d1fc7e792263d64f32d6ec84d7108a757b043539d39ac,eab444501b9da89b249d1fc7e792263d64f32d6ec84d7108a757b043539d39ac,600,True,0.014453243603377072,0.01445329003961192,0.07562594664676024,0.07562595076481128,0.05498128464404929,0.054981258431532606,0.10649048714852904,0.10649048702499414,0.9150201901496842,0.9150202024643772,0.0,0.0,0.4990467516646147,0.4990467444708269,0.08272851278204307,0.08272851514552823,0.4990467516646147,0.4990467444708269,0.0,0.0,0.0,0.0
S1_PRIMARY,LONG_ONLY_FULL,TT,37,0,4,79db97d27e50f32fcab4dd69166d1737aaba1463c07030ab5334430b157af1c7,2f5e21b9e00ccc3b11234498bbab5e49fca8c39ec029e002d91b938f3b7dda37,2f5e21b9e00ccc3b11234498bbab5e49fca8c39ec029e002d91b938f3b7dda37,600,True,0.014442546296744196,0.014442592460770403,0.07576118762005842,0.07576119173316527,0.05495232395063427,0.054952297699096764,0.10690636327638613,0.10690633923089209,0.9145619443991982,0.9145619567306699,0.0,0.0,0.5009408019485099,0.5009407948529406,0.08273498294746398,0.08273498526285651,0.5009408019485099,0.5009407948529406,0.0,0.0,0.0,0.0
S1_PRIMARY,LONG_ONLY_FULL,TT,38,0,4,9b6e6f82dc6de665a9d2798617f241393d363389ea677dbd9e779a8df6ba06ee,c9b7028bf858d3ea311176976404ef78f5756a9718384da80fdb9170f5f39150,c9b7028bf858d3ea311176976404ef78f5756a9718384da80fdb9170f5f39150,600,True,0.014579913790193395,0.014579959976743304,0.07562908170124148,0.07562908585464435,0.05481904373803372,0.054819017712162375,0.10656102823661355,0.1065610041551615,0.9150327744907522,0.9150327866852206,0.0,0.0,0.5004380502889041,0.5004380428925008,0.08274295180791871,0.08274295425232604,0.5004380502889041,0.5004380428925008,0.0,0.0,0.0,0.0
S1_PRIMARY,LONG_ONLY_FULL,TT,39,0,4,179c9b821e31bd946032beca9566151784ab33004d7137d98f084ca2fe6e20ca,711210bcec64c6570346074f239678b24a5827af25e517690f1b1d4842e19379,711210bcec64c6570346074f239678b24a5827af25e517690f1b1d4842e19379,600,True,0.014663279939886132,0.01466332597208939,0.07560610541781611,0.07560610958591328,0.05473269147876821,0.05473266543318993,0.10675713102267838,0.10675713366763344,0.9146434201914252,0.9146434324618565,0.0,0.0,0.5014262268075382,0.5014262191064903,0.0827455229232648,0.08274552533967525,0.5014262268075382,0.5014262191064903,0.0,0.0,0.0,0.0
S2_CONFIRMATORY_CONSTRAINT,LONG_ONLY_CAP50,TT,0,0,4,6edf30b752c62b6bd0e695606ae9bf0e27c03deb387b6e07215ffcd28b15489d,2e8fcf7ca873a6353451bec3ae783cc6b51049bb34b71bc5d3267e5ee4316e63,2e8fcf7ca873a6353451bec3ae783cc6b51049bb34b71bc5d3267e5ee4316e63,600,True,0.00731991063898817,0.007319933939917731,0.037721441984752975,0.037721441379528944,0.027845961863637064,0.027845950607338108,0.05395706972073236,0.05395706971373236,0.9555343125638066,0.9555343112937528,0.0,0.0,0.24993310586493378,0.2499331045374671,0.020727655377566982,0.020727655760366705,0.24993310586493378,0.2499331045374671,0.0,0.0,0.0,0.0
S2_CONFIRMATORY_CONSTRAINT,LONG_ONLY_CAP50,TT,1,0,4,51f9dbfff7586569633fd46026fc08f1e4046ce44ba3970c6315f23e40e5eb7c,0bbdf84a05c0589e9df6d915c90949cbe5f3cf23056aa3ad47c5e13efda6712d,0bbdf84a05c0589e9df6d915c90949cbe5f3cf23056aa3ad47c5e13efda6712d,600,True,0.0073531576606071835,0.007353180930853462,0.03767073644158194,0.03767073843033251,0.027742332763114406,0.027742334697665603,0.05396288714681183,0.05396288713978445,0.9555490744204648,0.9555490731527819,0.0,0.0,0.24985203475665457,0.24985203342063672,0.020728056046189196,0.020728056458282493,0.24985203475665457,0.24985203342063672,0.0,0.0,0.0,0.0
S2_CONFIRMATORY_CONSTRAINT,LONG_ONLY_CAP50,TT,2,0,4,758c7dd4846627924b9bcadfdee47c500366684de8bc8ee3527b0a7609b9d3c0,378f9edc07b584ba8635277af8e350da7bc02e18640256542d4b46a676d5c1db,378f9edc07b584ba8635277af8e350da7bc02e18640256542d4b46a676d5c1db,600,True,0.007325337098022444,0.007325360447463588,0.03770035262830112,0.037700354608393806,0.027764949752423596,0.02776495167731073,0.05394867414279402,0.053948674135557054,0.955541404780781,0.9555414035090197,0.0,0.0,0.24966967042170357,0.24966966905298932,0.020727407691548693,0.020727408079424643,0.24966967042170357,0.24966966905298932,0.0,0.0,0.0,0.0
S2_CONFIRMATORY_CONSTRAINT,LONG_ONLY_CAP50,TT,3,0,4,6fd2fc58547deb63bb3e8e63b1c57eca280e1251cfc31fe666fb295efdd03765,a8ff9e71f6124ce036ddff1b38ef15f668beb012af0b2d9b5e1f48888309a994,a8ff9e71f6124ce036ddff1b38ef15f668beb012af0b2d9b5e1f48888309a994,600,True,0.007335499545884995,0.007335522867358793,0.03768148235803902,0.037681484342077,0.027743804167840277,0.02774380609745026,0.05393020020893787,0.053930200201798215,0.9555584347933989,0.9555584335227776,0.0,0.0,0.24968932615230313,0.2496893247948327,0.020728247726036843,0.020728248123149575,0.24968932615230313,0.2496893247948327,0.0,0.0,0.0,0.0
S2_CONFIRMATORY_CONSTRAINT,LONG_ONLY_CAP50,TT,4,0,4,f308b15df0894592f4d391bd3171a240cb3a8999f304da22950d010500153a3c,ffbd081a997564d577272a9be9bc339ea7ece12475e7f10af8512bb2d69c9e50,ffbd081a997564d577272a9be9bc339ea7ece12475e7f10af8512bb2d69c9e50,600,True,0.007330870805344327,0.007330894104586907,0.037695785078492854,0.03769578447508484,0.027828451351516598,0.02782844008565348,0.05395668385228679,0.0539566838449211,0.9555524901408217,0.9555524888719935,0.0,0.0,0.24986954541020068,0.24986954402397593,0.020726490136227727,0.0207264905278129,0.24986954541020068,0.24986954402397593,0.0,0.0,0.0,0.0
S2_CONFIRMATORY_CONSTRAINT,LONG_ONLY_CAP50,TT,5,0,4,d1f3c936a0267e41b3f79fe1e74ecde8a872beea114e539cbe9444f55b5bea97,054ffe4cbe620515df295e8d2fefe24520d0bc2e7ff652c56d663305e11d2773,054ffe4cbe620515df295e8d2fefe24520d0bc2e7ff652c56d663305e11d2773,600,True,0.007318276201593515,0.007318299525275395,0.03771513892822221,0.03771514090821962,0.02779449152898213,0.027794410543547275,0.05394510424225151,0.053945104235350406,0.9555327504139773,0.955532749142744,0.0,0.0,0.2497947666816127,0.24979476536979225,0.020727828000703285,0.02072782838606099,0.2497947666816127,0.24979476536979225,0.0,0.0,0.0,0.0
S2_CONFIRMATORY_CONSTRAINT,LONG_ONLY_CAP50,TT,6,0,4,f8c2ca65ea30d315bc43fc73b5eeb81572a34012cf00a84767b47712ed310b84,fcee8193bdc7cc7d7e139f8d39fa835653d42855d42cdfb6986c2bbb6426bd73,fcee8193bdc7cc7d7e139f8d39fa835653d42855d42cdfb6986c2bbb6426bd73,600,True,0.007346826510719688,0.007346849895887046,0.03762580739737973,0.03762580938466734,0.027648261188310794,0.02764826312443338,0.05388218932595155,0.05388218931874789,0.9555826615568951,0.9555826602843048,0.0,0.0,0.24914827080508975,0.24914826943304696,0.02072732219128996,0.020727322610888988,0.24914827080508975,0.24914826943304696,0.0,0.0,0.0,0.0
S2_CONFIRMATORY_CONSTRAINT,LONG_ONLY_CAP50,TT,7,0,4,6566dbc98c7b79976b1c930286ad849011de7bf7b518989f9af1e45bc57993f6,24b226ee8b6fab47fbe547de8bf639dd40dc22af610c5d4db05906b33fd70790,24b226ee8b6fab47fbe547de8bf639dd40dc22af610c5d4db05906b33fd70790,600,True,0.007313501439522086,0.007313524824067074,0.03769764791045692,0.03769764730735823,0.027787988376865226,0.027787977097055484,0.05392297182393197,0.05392297181688865,0.9555389841206798,0.9555389828475103,0.0,0.0,0.24944931857655764,0.24944931724290123,0.020727189071891715,0.020727189462897595,0.24944931857655764,0.24944931724290123,0.0,0.0,0.0,0.0
S2_CONFIRMATORY_CONSTRAINT,LONG_ONLY_CAP50,TT,8,0,4,1a2918eb0137a01640eb60e189b2a2792e79d2ff6c7ec63e1d17b02b6081b2a0,b7377c0c8ed13076372dc9b15a16e1209c426fc24cda8277159c45af0afb6209,b7377c0c8ed13076372dc9b15a16e1209c426fc24cda8277159c45af0afb6209,600,True,0.0073299121069633506,0.007329935429827223,0.03767335238548848,0.03767335436966693,0.027727507878775044,0.027727509808787697,0.05391814238049963,0.053918143854977375,0.9555778868148449,0.9555778855433502,0.0,0.0,0.2496089443138155,0.24960894297989394,0.020727909525839788,0.020727909921315676,0.2496089443138155,0.24960894297989394,0.0,0.0,0.0,0.0
S2_CONFIRMATORY_CONSTRAINT,LONG_ONLY_CAP50,TT,9,0,4,76e94cff89ee96db4c4caf990e79c581a1e4f62775562c6fd9558fb00831a654,8f5a1e424de3518f05a7d5e07d99fc01abffa7cd5b76637dfc2940ad3aa9814b,8f5a1e424de3518f05a7d5e07d99fc01abffa7cd5b76637dfc2940ad3aa9814b,600,True,0.007319858137501643,0.007319881526600192,0.03768795742451923,0.037687959405918216,0.02772365991324191,0.02772366183893401,0.053916457790608927,0.05391645778371324,0.9555391945172648,0.9555391932434681,0.0,0.0,0.24937412778385148,0.24937412646940924,0.020727181658679362,0.020727182054802985,0.24937412778385148,0.24937412646940924,0.0,0.0,0.0,0.0
S2_CONFIRMATORY_CONSTRAINT,LONG_ONLY_CAP50,TT,10,0,4,e0a144c99f577fa4d1010a376323951c8b420b874e7302e14aae4e802041073c,6e5ae0c24d332bd392641b815656cd2e239fafac72bb71f1e6027a659f4d69af,6e5ae0c24d332bd392641b815656cd2e239fafac72bb71f1e6027a659f4d69af,600,True,0.007326370263261169,0.0073263936234943825,0.03768094819015121,0.037680950174401644,0.02771830085707745,0.02771830278538589,0.05391211457479057,0.05391211456800917,0.9555445643038875,0.9555445630311878,0.0,0.0,0.24944725213080407,0.2494472508328056,0.0207268307295372,0.02072683113126514,0.24944725213080407,0.2494472508328056,0.0,0.0,0.0,0.0
S2_CONFIRMATORY_CONSTRAINT,LONG_ONLY_CAP50,TT,11,0,4,1bb8eb16c4e7b1fe2ac26039d54921d22aafe33afaa783bdf22c1bacc4e1ce82,96177ca79e245a426d67f5af63c6b89f5139b20eaa46bb600c41e193c6dfd510,96177ca79e245a426d67f5af63c6b89f5139b20eaa46bb600c41e193c6dfd510,600,True,0.007328071698495924,0.007328095019762158,0.037701339659645706,0.037701341641588657,0.027769663875279314,0.027769665801576957,0.053953710487775516,0.05395371048077388,0.9555346918435815,0.9555346905729661,0.0,0.0,0.24975816494112446,0.24975816361321898,0.02072754042207034,0.020727540815496433,0.24975816494112446,0.24975816361321898,0.0,0.0,0.0,0.0
S2_CONFIRMATORY_CONSTRAINT,LONG_ONLY_CAP50,TT,12,0,4,3aac4d0a1c79ec77494f8e4452756368cc14db49474cb52bba433105a7a7d5d3,b0a12bed85461adefca17379c8049dbeb0a6d1c6e5c1f3b6c18e398e26c1b267,b0a12bed85461adefca17379c8049dbeb0a6d1c6e5c1f3b6c18e398e26c1b267,600,True,0.007326106908570439,0.007326130211331144,0.037708752344254345,0.03770875432548068,0.027816111359068533,0.027816030378767433,0.05396469640916106,0.053964696402181,0.9555300074005614,0.9555300061309686,0.0,0.0,0.24987020735858845,0.24987020603640728,0.020728124427992177,0.02072812482060615,0.24987020735858845,0.24987020603640728,0.0,0.0,0.0,0.0
S2_CONFIRMATORY_CONSTRAINT,LONG_ONLY_CAP50,TT,13,0,4,2204f08dfc06c55e6b086ae27ab21753ee4fcf2d8e1d6690479fdf4ac7aa3b71,7d2dd0b8c9c6f02fff66390019968bd5c203034bb589be3bb4527d1fb7324043,7d2dd0b8c9c6f02fff66390019968bd5c203034bb589be3bb4527d1fb7324043,600,True,0.007341390989088125,0.007341414308301999,0.037682071773294884,0.037682073759219795,0.027739070363712225,0.02773907229447795,0.053955514099062435,0.05395551409202102,0.9555402216914817,0.9555402204212623,0.0,0.0,0.24968745458767624,0.24968745324977806,0.020727570248345577,0.020727570652567952,0.24968745458767624,0.24968745324977806,0.0,0.0,0.0,0.0
S2_CONFIRMATORY_CONSTRAINT,LONG_ONLY_CAP50,TT,14,0,4,648316d23134f5aa0043d63317b23936e11232556803d966a42fb381520cc37d,75b25c4f81df63d0e4073433fa7c0bf3629aad629e7ad2dc266ba093fbb7324c,75b25c4f81df63d0e4073433fa7c0bf3629aad629e7ad2dc266ba093fbb7324c,600,True,0.007310847845031058,0.00731087119084329,0.03770367183580717,0.03770367123008803,0.0278347055441819,0.027834704231806735,0.05393010548283292,0.053930106956014315,0.9555519366494777,0.9555519353774296,0.0,0.0,0.24958823922949255,0.24958823792920834,0.020728264534675998,0.020728264924472734,0.24958823922949255,0.24958823792920834,0.0,0.0,0.0,0.0
S2_CONFIRMATORY_CONSTRAINT,LONG_ONLY_CAP50,TT,15,0,4,5e801c625fe6d9a61850fa1b47caaa5feff4da3c54e2f2bee3f7a93aeccedc88,502ce28d38633f917f0f8b8386ec268161e6c4a2c42822996d90ebe8523d252a,502ce28d38633f917f0f8b8386ec268161e6c4a2c42822996d90ebe8523d252a,600,True,0.007303751976000417,0.0073037753577070924,0.037717701685492475,0.03771770107779838,0.027795026677543667,0.02779501540849776,0.05394377726131274,0.053943778738437906,0.9555407553938818,0.9555407541195408,0.0,0.0,0.24953076362461768,0.24953076231011462,0.02072707034293861,0.02072707072055744,0.24953076362461768,0.24953076231011462,0.0,0.0,0.0,0.0
S2_CONFIRMATORY_CONSTRAINT,LONG_ONLY_CAP50,TT,16,0,4,d52898c1526b4500f86731f1ed967af4df12e21ea105cd2303fe0422cf6ebc16,d02d1efbeda5b4529afd83c09a83565e665470c51dee11a146dd393349b4b8a2,d02d1efbeda5b4529afd83c09a83565e665470c51dee11a146dd393349b4b8a2,600,True,0.0073243427379879955,0.007324366038536026,0.037720083337666827,0.037720082733480806,0.027858511221037174,0.02785849996381862,0.05398018767088057,0.05398018766376683,0.955525336253271,0.955525334983771,0.0,0.0,0.24995411380053864,0.24995411245765484,0.020727170637754304,0.020727171023448107,0.24995411380053864,0.24995411245765484,0.0,0.0,0.0,0.0
S2_CONFIRMATORY_CONSTRAINT,LONG_ONLY_CAP50,TT,17,0,4,a64b9560e1f5829e7b2e964c33627b4454795cb349dd7e915c83e5bd92625bc1,2f1eaae545e717c4683ce5194a8768337e273aa7edfb7c9ee232bf25b62933f8,2f1eaae545e717c4683ce5194a8768337e273aa7edfb7c9ee232bf25b62933f8,600,True,0.0073392829319915386,0.007339306216604206,0.037693010440625924,0.03769301242570932,0.027769400794305014,0.027769402723991067,0.05396468710586241,0.053964687098862006,0.9555386244080069,0.9555386231392624,0.0,0.0,0.24988343663574714,0.24988343530669024,0.020727890136953378,0.020727890537619698,0.24988343663574714,0.24988343530669024,0.0,0.0,0.0,0.0
S2_CONFIRMATORY_CONSTRAINT,LONG_ONLY_CAP50,TT,18,0,4,95230c73b6d57b0f6bd6551c722fa17059957780f4949138c7e1347d2a912ab1,95e1ea6e3044b72831ed9bd6de11245053d8fbe7e5c2c46723722e2261a76e2b,95e1ea6e3044b72831ed9bd6de11245053d8fbe7e5c2c46723722e2261a76e2b,600,True,0.007319209974533226,0.007319233301345222,0.03771190605364642,0.03771190545092803,0.027824645539247864,0.027824634276130432,0.053949074114413395,0.053949074107439474,0.9555330900158072,0.955533088744779,0.0,0.0,0.24977604359364988,0.24977604227066608,0.020727578076886896,0.02072757846381543,0.24977604359364988,0.24977604227066608,0.0,0.0,0.0,0.0
S2_CONFIRMATORY_CONSTRAINT,LONG_ONLY_CAP50,TT,19,0,4,9752d16be17cd675875c30146071baa1aea462ec5b88d2f751092f89cd6ec312,95b0bb93e73ca599752eb6c98bd4abeb97aa70ee7e1ea8f24aa419e5ba932ce1,95b0bb93e73ca599752eb6c98bd4abeb97aa70ee7e1ea8f24aa419e5ba932ce1,600,True,0.007367805738628337,0.00736782899664834,0.037649507063493855,0.03764950905438355,0.027724555583970283,0.02772455752251806,0.05396460142583533,0.05396460141849266,0.9555679247597665,0.9555679234931698,0.0,0.0,0.24986347793566555,0.24986347654481147,0.02072789442667123,0.020727894844351315,0.24986347793566555,0.24986347654481147,0.0,0.0,0.0,0.0
S2_CONFIRMATORY_CONSTRAINT,LONG_ONLY_CAP50,TT,20,0,4,e6bf1f79ea5a53756827d5dec156ef9f51141298d4a23cac0065e6bea9e43391,516263e5b1f3894ac854fbcc4a09cc916fcd9f95459101be0cdbc39356659338,516263e5b1f3894ac854fbcc4a09cc916fcd9f95459101be0cdbc39356659338,600,True,0.007322924122525614,0.007322947485412472,0.03769202936409799,0.03769203134410632,0.02774941832410651,0.02774942024938966,0.05392951144221967,0.0539295114350534,0.9555473433234951,0.9555473420511162,0.0,0.0,0.24955540480187777,0.2495554034438946,0.02072736778806508,0.02072736817877009,0.24955540480187777,0.2495554034438946,0.0,0.0,0.0,0.0
S2_CONFIRMATORY_CONSTRAINT,LONG_ONLY_CAP50,TT,21,0,4,fa8c058d8c08746c626f8b9f2a591f05388ef4428892a85bc558d9d6f487a674,0b62cec3ec38eb54ee30373a0df9385cd317f48069dd47069eb92ee9af008294,0b62cec3ec38eb54ee30373a0df9385cd317f48069dd47069eb92ee9af008294,600,True,0.007331759533770569,0.007331782832356148,0.037688958260248415,0.03768896024298716,0.02776720259842278,0.027767204526727936,0.05393916002466651,0.053939160017630806,0.955551613382013,0.9555516121126265,0.0,0.0,0.24980465995176215,0.24980465861589132,0.020728240305724184,0.020728240702968775,0.24980465995176215,0.24980465861589132,0.0,0.0,0.0,0.0
S2_CONFIRMATORY_CONSTRAINT,LONG_ONLY_CAP50,TT,22,0,4,3a5a1a68e6f567a236e525709132f109dfa55622a93feabe83088e34d2f7e03e,1d4928091134edec2f8f0fdcfcb231c4ac71a0b08ef4a5ccb0e245665fad4afb,1d4928091134edec2f8f0fdcfcb231c4ac71a0b08ef4a5ccb0e245665fad4afb,600,True,0.007338473791402172,0.00733849706626993,0.03768702533411829,0.03768702731805841,0.027774256978160664,0.027774258907870587,0.053955490378662346,0.05395549037158541,0.955549559949273,0.9555495586812486,0.0,0.0,0.24990883113362644,0.24990882979241866,0.020728074363137484,0.020728074763898645,0.24990883113362644,0.24990882979241866,0.0,0.0,0.0,0.0
S2_CONFIRMATORY_CONSTRAINT,LONG_ONLY_CAP50,TT,23,0,4,5b22eec30ef475775797eb3775e332b15dd95ad0ff9c83518fb0330aa5a00b29,deb72c3cbacbd58f2fa61a09c1efee9a69ddbe1ea6210471933af2e5efabcba2,deb72c3cbacbd58f2fa61a09c1efee9a69ddbe1ea6210471933af2e5efabcba2,600,True,0.007339367852484001,0.0073393911703337755,0.03767752908690324,0.03767753107180396,0.027740260318429,0.027740262249122342,0.05394634917354177,0.05394634916647971,0.9555470212710975,0.9555470200011867,0.0,0.0,0.2496736782392098,0.24967367689877928,0.020728137996915256,0.020728138401922877,0.2496736782392098,0.24967367689877928,0.0,0.0,0.0,0.0
S2_CONFIRMATORY_CONSTRAINT,LONG_ONLY_CAP50,TT,24,0,4,8f9a2956d2431a04a74f6c4945badf3d928b1bd90c843c674ac201058726de9d,edd8a9d7a70b2d86740deccf3882796993f8166a56766d9a785a9097d2605aae,edd8a9d7a70b2d86740deccf3882796993f8166a56766d9a785a9097d2605aae,600,True,0.007325384376568711,0.0073254077140031066,0.03767872196166761,0.03767872136278364,0.02777603815429422,0.027776026876740165,0.053914726279266356,0.05391472627216055,0.9555604775956434,0.9555604763248586,0.0,0.0,0.24957981053988584,0.24957980919217987,0.02072725903908108,0.020727259437491277,0.24957981053988584,0.24957980919217987,0.0,0.0,0.0,0.0
S2_CONFIRMATORY_CONSTRAINT,LONG_ONLY_CAP50,TT,25,0,4,4e6692cac162ed0407e5b38e5a0319ab40ecb9ece233e8fa2c596352bdb38909,b6ef59ad72c4aa3ac7b9d4a9aac21b71a215bb60de11ae54b12e3dfa9c506faa,b6ef59ad72c4aa3ac7b9d4a9aac21b71a215bb60de11ae54b12e3dfa9c506faa,600,True,0.007317291329764853,0.007317314712443313,0.03769041474156158,0.037690414140951325,0.027781654773433397,0.027781643492584746,0.0539250262293629,0.05392502622228674,0.95554094156249,0.9555409402895986,0.0,0.0,0.24943780810344246,0.24943780676342148,0.02072744218829785,0.020727442582614716,0.24943780810344246,0.24943780676342148,0.0,0.0,0.0,0.0
S2_CONFIRMATORY_CONSTRAINT,LONG_ONLY_CAP50,TT,26,0,4,756bb8358df58abaa3474ff1cee424d0615f6e0e8bc22cdf8c8462a5a97a2c08,af658c7654c0a86e83fab1c133ecc2d6f531ce3a76363801685fac60cfbf76dc,af658c7654c0a86e83fab1c133ecc2d6f531ce3a76363801685fac60cfbf76dc,600,True,0.0073647569076900656,0.007364780164841143,0.03765751399586476,0.03765751598487747,0.02774366556762993,0.02774366750444551,0.05398286236120321,0.053982862353800634,0.9555574504034176,0.955557449137337,0.0,0.0,0.24991232833367172,0.2499123269383101,0.02072818908486723,0.02072818950177661,0.24991232833367172,0.2499123269383101,0.0,0.0,0.0,0.0
S2_CONFIRMATORY_CONSTRAINT,LONG_ONLY_CAP50,TT,27,0,4,fc535c6bf532cbc2aca51a9789638f9a055e6757954fe5bb98d1a5c04f717d3e,02aa881c02996c7f4281aa5ab7b3c898aa5c06795c126c2fdba5c30a8fb4d7a8,02aa881c02996c7f4281aa5ab7b3c898aa5c06795c126c2fdba5c30a8fb4d7a8,600,True,0.007323549440598136,0.0073235727646651805,0.037687154284922725,0.037687156267951924,0.027744738426857766,0.02774474035471193,0.05391715772084784,0.05391715919277244,0.9555518445774642,0.9555518433062238,0.0,0.0,0.24962659699810177,0.24962659571088447,0.02072807918372432,0.020728079581917507,0.24962659699810177,0.24962659571088447,0.0,0.0,0.0,0.0
S2_CONFIRMATORY_CONSTRAINT,LONG_ONLY_CAP50,TT,28,0,4,32e14c4cd28cde4ac4d52f8ea4996d2f3d11f6b0cdd4001d06d9490bad4b5fc2,33923c62a3bf97fef9e7bf49d87ca1e5d936e26ffe60fe0913b5d1292069b56c,33923c62a3bf97fef9e7bf49d87ca1e5d936e26ffe60fe0913b5d1292069b56c,600,True,0.0073321476012729574,0.007332170923866898,0.03768378173820559,0.03768378372074433,0.027752232390142864,0.027752234318475816,0.053934587755275896,0.05393458774813833,0.9555536639192118,0.9555536626488133,0.0,0.0,0.24968995588201667,0.2496899545283143,0.020727654986228337,0.02072765538355591,0.24968995588201667,0.2496899545283143,0.0,0.0,0.0,0.0
S2_CONFIRMATORY_CONSTRAINT,LONG_ONLY_CAP50,TT,29,0,4,b9121c466ee6e47bfc4d23f6285f45a7a5bf07270c87877473f7ff0d39185a6c,ce8518f2e26bc27059f79f32c36f60cc32a79d0da7800ec6a74c21cfe9cca1ad,ce8518f2e26bc27059f79f32c36f60cc32a79d0da7800ec6a74c21cfe9cca1ad,600,True,0.007319898193472596,0.007319921530566013,0.03770071538779056,0.037700714785850985,0.02780120196287008,0.027801190695664686,0.05392938417700085,0.05392938565208556,0.9555471554509457,0.9555471541794243,0.0,0.0,0.24968751979577206,0.24968751845693668,0.02072750297033599,0.020727503358341746,0.24968751979577206,0.24968751845693668,0.0,0.0,0.0,0.0
S2_CONFIRMATORY_CONSTRAINT,LONG_ONLY_CAP50,TT,30,0,4,c4b6bd83bb5603ec8c6948e9206f89ec9f9b1cd4c2eac2efa52613e13174a9a2,01b07b32e234212637b862ad4f2836cb5f97a18b53ec7be531fa2b7218f9a750,01b07b32e234212637b862ad4f2836cb5f97a18b53ec7be531fa2b7218f9a750,600,True,0.007316240032083175,0.007316263305165339,0.037751684363197195,0.037751683751385316,0.027904338762668342,0.027904327517063166,0.05399203544506371,0.05399203543807436,0.9555150335953227,0.9555150323263071,0.0,0.0,0.2501831669051914,0.2501831655844663,0.020727298701342673,0.02072729907517497,0.2501831669051914,0.2501831655844663,0.0,0.0,0.0,0.0
S2_CONFIRMATORY_CONSTRAINT,LONG_ONLY_CAP50,TT,31,0,4,5878ddbb106c6c0cea90f76aa084b3edc72bd340d44f8a0e8622b2e030bf59b2,b436e9650395dee4b08553a70ebc1c98cf0466e3d6ce8fd9fcc565263addaeee,b436e9650395dee4b08553a70ebc1c98cf0466e3d6ce8fd9fcc565263addaeee,600,True,0.007325788940577732,0.0073258123192940445,0.03766589610481319,0.03766589808573421,0.027713640295349007,0.02771364222331881,0.053897467169307774,0.05389746716212685,0.955566813770363,0.9555668124976399,0.0,0.0,0.24936032451540935,0.24936032315178353,0.0207272000163539,0.02072720041581245,0.24936032451540935,0.24936032315178353,0.0,0.0,0.0,0.0
S2_CONFIRMATORY_CONSTRAINT,LONG_ONLY_CAP50,TT,32,0,4,b8fbdf65d6774114371f0770e88625d9b7ece44a01498f527222c9618f0d89bd,b597faa81a468821b1b9f8198774dcc1c4778638f666991cdffe89cb09be4b36,b597faa81a468821b1b9f8198774dcc1c4778638f666991cdffe89cb09be4b36,600,True,0.007312202606177376,0.007312225939671289,0.03772741732540416,0.03772741671957702,0.027846498355127702,0.02784648709067643,0.053956630916451725,0.053956630909628975,0.9555192852656086,0.9555192839942148,0.0,0.0,0.24978105945269363,0.24978105815639554,0.020728211484078295,0.02072821186905207,0.24978105945269363,0.24978105815639554,0.0,0.0,0.0,0.0
S2_CONFIRMATORY_CONSTRAINT,LONG_ONLY_CAP50,TT,33,0,4,98dfa29eb033cf52f5b5ae3ea0938dfa9ff79486c8fc98a6ac1432eb152bf069,3b12b10db2a770b3b7ef0ca1a7c72cea3742587f4f3d50037132e806e97e2be7,3b12b10db2a770b3b7ef0ca1a7c72cea3742587f4f3d50037132e806e97e2be7,600,True,0.007321154731070183,0.007321178040493838,0.037710321380689464,0.03771032077905843,0.0278231803348874,0.02782316907383462,0.053945656153752165,0.053945656146852,0.9555364783736586,0.9555364771032617,0.0,0.0,0.24983457242550888,0.2498345711134706,0.020727887765870617,0.020727888154248496,0.24983457242550888,0.2498345711134706,0.0,0.0,0.0,0.0
S2_CONFIRMATORY_CONSTRAINT,LONG_ONLY_CAP50,TT,34,0,4,4a8de310ddbd6cf007f7572caeab1ce361973c870b3b0a2943fad781b3dc0e78,da9a47045ad2be4ba42fee43e41608825983385ef111ad47aa008e2d72b2d6af,da9a47045ad2be4ba42fee43e41608825983385ef111ad47aa008e2d72b2d6af,600,True,0.007305672093459462,0.007305695485925699,0.0377134728075706,0.03771347220250603,0.027793509944466586,0.027793498673263944,0.05393429697295209,0.05393429844821201,0.9555352395642281,0.955535238289692,0.0,0.0,0.249478202971611,0.24947820165396975,0.020727293982414238,0.020727294363222605,0.249478202971611,0.24947820165396975,0.0,0.0,0.0,0.0
S2_CONFIRMATORY_CONSTRAINT,LONG_ONLY_CAP50,TT,35,0,4,44ef8c968ea28c16821f5a9f2ff2384b9f541ff31845ff113dc334b9ecc6d78e,0e3fcde00768992fd77e3a8546776bc50af04c800fd20b533ffb4894fd56558c,0e3fcde00768992fd77e3a8546776bc50af04c800fd20b533ffb4894fd56558c,600,True,0.007332799626427168,0.007332822959710633,0.03767925046362861,0.0376792524472649,0.02773809689807174,0.027738098827273395,0.053928905343876635,0.053928905336818864,0.955553365359413,0.9555533640885282,0.0,0.0,0.24961113248485778,0.2496111311423088,0.020728180345909057,0.02072818074629061,0.24961113248485778,0.2496111311423088,0.0,0.0,0.0,0.0
S2_CONFIRMATORY_CONSTRAINT,LONG_ONLY_CAP50,TT,36,0,4,216227f8cafc54c7ab14e074614179f86247212c9f82dd2ff56b4c3c6be61d82,e0baa1540b76790dd60605462a8b1ddc678181f2dab741e20eb34e8d9f28f9d9,e0baa1540b76790dd60605462a8b1ddc678181f2dab741e20eb34e8d9f28f9d9,600,True,0.007314934702274867,0.007314958077251216,0.03768963916945806,0.0376896411496741,0.027733989008119714,0.02773399093300221,0.053914046747404645,0.05391404821886313,0.955548875457088,0.9555488741835974,0.0,0.0,0.2494300080868457,0.24943000678053961,0.02072708013085721,0.020727080523548068,0.2494300080868457,0.24943000678053961,0.0,0.0,0.0,0.0
S2_CONFIRMATORY_CONSTRAINT,LONG_ONLY_CAP50,TT,37,0,4,eb97cce66800d0c38dd6f5f9aeb00698a414b2979f50941f5aba5f0aec71b18d,6547cdcfc884fe294aabd3b27c80246e702bdff04ece986ed91ca3c8a6e1d83e,6547cdcfc884fe294aabd3b27c80246e702bdff04ece986ed91ca3c8a6e1d83e,600,True,0.007320175746721358,0.007320199045559717,0.03771713912346541,0.03771713852053747,0.027841785457358544,0.027841774195390273,0.053956386764760576,0.05395638675794189,0.9555287684135648,0.9555287671438887,0.0,0.0,0.2498885741922975,0.24988857289620814,0.020728378679637095,0.020728379069819298,0.2498885741922975,0.24988857289620814,0.0,0.0,0.0,0.0
S2_CONFIRMATORY_CONSTRAINT,LONG_ONLY_CAP50,TT,38,0,4,44faa1a6a4aaddba82a7a09f53650fdaf7e8c3891005b2a2b8fd7e3ece97fbf8,24b1c2b5e0c69d4d569c172f5b439db2c0747b9d27f412a7cc1d80b7e9473042,24b1c2b5e0c69d4d569c172f5b439db2c0747b9d27f412a7cc1d80b7e9473042,600,True,0.007346377618194258,0.007346400915966953,0.03767869875427412,0.037678700741292245,0.02774466447027139,0.027744666402516653,0.05396626162559815,0.05396626161855912,0.9555399353972671,0.9555399341284,0.0,0.0,0.24976868238006095,0.2497686810435948,0.020728337407155246,0.020728337815953624,0.24976868238006095,0.2497686810435948,0.0,0.0,0.0,0.0
S2_CONFIRMATORY_CONSTRAINT,LONG_ONLY_CAP50,TT,39,0,4,265528718b19a1ad200c58b2761d174951acc0854f81182f199bdd4192100ec8,df9de31b115636638de7290c3fcaefe4d7132cace344d6e42d3725d8b56c77fb,df9de31b115636638de7290c3fcaefe4d7132cace344d6e42d3725d8b56c77fb,600,True,0.007344442255937392,0.007344465523277254,0.037695746834927525,0.03769574881975633,0.02778391035431355,0.02778391228429219,0.05397770566551281,0.05397770565827208,0.9555454285454668,0.9555454272775753,0.0,0.0,0.2500194181221682,0.25001941675281736,0.020728290778017498,0.02072829117370164,0.2500194181221682,0.25001941675281736,0.0,0.0,0.0,0.0
S1_PRIMARY,LONG_ONLY_FULL,TT,0,0,5,0ad1ff00de5f12745943c90e185267f72edfbd2f1d5bc62d91f163288d6563eb,4ed5b4b212644ad07a68bc7da6eb7a55922a6ac8595f93d8dbeaa836f33b7cb4,4ed5b4b212644ad07a68bc7da6eb7a55922a6ac8595f93d8dbeaa836f33b7cb4,600,True,0.014216498735760981,0.014216505922004975,0.07705574832746832,0.07705575231141777,0.06265652958678807,0.06265654690443904,0.10847368162280309,0.10847367459422151,0.9197935473233864,0.9197935500488623,0.0,0.0,0.500383816543491,0.5003838157125758,0.08226718673303976,0.08226718719300485,0.500383816543491,0.5003838157125758,0.0,0.0,0.0,0.0
S1_PRIMARY,LONG_ONLY_FULL,TT,1,0,5,b3d6007b8d36af400863df4d8069756070c6065a21ba643c16e4d266602f3058,1f6b417e19a4453f95d42e3087c89f837cded0e1b3e62089e72ae66f2ec3190c,1f6b417e19a4453f95d42e3087c89f837cded0e1b3e62089e72ae66f2ec3190c,600,True,0.014354645494321252,0.014354652670989504,0.07694058825507367,0.07694059224168176,0.06242231105782428,0.06242232840390333,0.10841157064874805,0.10841156361478986,0.9197275125729798,0.9197275153048288,0.0,0.0,0.5001784807503904,0.5001784799030844,0.08227536638101553,0.08227536687346375,0.5001784807503904,0.5001784799030844,0.0,0.0,0.0,0.0
S1_PRIMARY,LONG_ONLY_FULL,TT,2,0,5,aa9821e7538e18491c151b8f06dfcead4b8fbaba9ac66d6259597de026ac2954,812ba251303695178e587ab09d668d1611446ad56074fbdeb8a7713920038e21,812ba251303695178e587ab09d668d1611446ad56074fbdeb8a7713920038e21,600,True,0.014238675495915403,0.014238682688176069,0.07698125905556184,0.07698126306421806,0.06257868365507598,0.06257870100917517,0.10835744420704965,0.10835743686257467,0.9199044303021637,0.9199044330354946,0.0,0.0,0.4993504854440158,0.49935048455792924,0.08226543070663378,0.08226543116758878,0.4993504854440158,0.49935048455792924,0.0,0.0,0.0,0.0
S1_PRIMARY,LONG_ONLY_FULL,TT,3,0,5,9cddee0f94ecc5eee6d360f0f94f69c37a45b94fa14c27ef4eb5e2439cdb3358,81919c5f845928c06e0642b069ff05df9d977aeaeacacb53402e974edbd0e5a5,81919c5f845928c06e0642b069ff05df9d977aeaeacacb53402e974edbd0e5a5,600,True,0.01430783468171485,0.0143078418660231,0.07692325788642204,0.07692326188404025,0.06244965802262217,0.062449675377924466,0.10835145723815644,0.10835144988808261,0.919946077015033,0.9199460797519847,0.0,0.0,0.49944391459181064,0.49944391372068137,0.08227711937658402,0.08227711985621353,0.49944391459181064,0.49944391372068137,0.0,0.0,0.0,0.0
S1_PRIMARY,LONG_ONLY_FULL,TT,4,0,5,45e4bdf966fd665589156e7bddc29b8db43a0112b0a6342b37be9ee8203125ef,dcff6fb8326d2a0725f3369c2149c6b8ccb0a87dea4af886e37513ee7eba42ca,dcff6fb8326d2a0725f3369c2149c6b8ccb0a87dea4af886e37513ee7eba42ca,600,True,0.014243834983992683,0.014243842170458354,0.07701426233903871,0.07701426629327854,0.06273019430857257,0.06273021166602014,0.10841669824984598,0.10841669090785659,0.9199266582675691,0.9199266610156769,0.0,0.0,0.5001265015710374,0.5001265006649109,0.08226072844776207,0.08226072891421482,0.5001265015710374,0.5001265006649109,0.0,0.0,0.0,0.0
S1_PRIMARY,LONG_ONLY_FULL,TT,5,0,5,22a3b836afbffcfee4b61e84361f542795eb9f40131f5c3b84fbea04e630c30b,ff97fea53de10e91e9e56a31e5f6e54899bcb9e2f64d44ffa893aedb70039a04,ff97fea53de10e91e9e56a31e5f6e54899bcb9e2f64d44ffa893aedb70039a04,600,True,0.014203717659426456,0.014203724839497073,0.07703544472645943,0.07703544871438024,0.06258672141228508,0.06258673873411726,0.1084260823302829,0.10842607530034996,0.9198508474560729,0.9198508501821997,0.0,0.0,0.4998085836421363,0.49980858280987733,0.08226744060468098,0.08226744106430361,0.4998085836421363,0.49980858280987733,0.0,0.0,0.0,0.0
S1_PRIMARY,LONG_ONLY_FULL,TT,6,0,5,97880e8cad0b04f484804c84ea78868282bf436b9d241069e437d6409fc331ac,af725a07bcbadf51fca98d379beed26999be5a07ee68e31e8457aa00d9e490f6,af725a07bcbadf51fca98d379beed26999be5a07ee68e31e8457aa00d9e490f6,600,True,0.014288829376500847,0.014288836532006147,0.07681073910902245,0.0768107431157839,0.06212209475974916,0.062122112127728876,0.10804877319754824,0.10804876873953213,0.9202330609521205,0.9202330636936635,0.0,0.0,0.4972748665998938,0.49727486573183177,0.08226873834911981,0.08226873883592759,0.4972748665998938,0.49727486573183177,0.0,0.0,0.0,0.0
S1_PRIMARY,LONG_ONLY_FULL,TT,7,0,5,3856d94e9106f20120adc545e35f2156fc8b2347509e2de78a347775f0831968,1c0d90e0fa15658c989bc39a4aee8994fff662dab4255cb869d8e188834291b3,1c0d90e0fa15658c989bc39a4aee8994fff662dab4255cb869d8e188834291b3,600,True,0.014191109851533334,0.014191117008259958,0.0769743378388654,0.07697434182159556,0.06240661445400572,0.06240663179453751,0.10829539496842759,0.10829538762003929,0.9200121763039059,0.9200121790372487,0.0,0.0,0.49839472491764114,0.4983947240702382,0.08226920633102562,0.08226920679732813,0.49839472491764114,0.4983947240702382,0.0,0.0,0.0,0.0
S1_PRIMARY,LONG_ONLY_FULL,TT,8,0,5,d6322b47f4243479a26fe7b990f610b7286df4d50d9a12ff3c33a17f8f23f189,273ce68f5823301cd9cba67c92dfb03d8a64b6cf64fd906e138e4c40074b4da2,273ce68f5823301cd9cba67c92dfb03d8a64b6cf64fd906e138e4c40074b4da2,600,True,0.01427384930995494,0.014273856496758733,0.07690145535487437,0.07690145934584568,0.06244554852618395,0.06244556586729096,0.1083462034256244,0.10834619607508458,0.9201874370199207,0.9201874397603427,0.0,0.0,0.4991764119221236,0.49917641106706406,0.08227610784379606,0.08227610831634997,0.4991764119221236,0.49917641106706406,0.0,0.0,0.0,0.0
S1_PRIMARY,LONG_ONLY_FULL,TT,9,0,5,6ec884b1dfca21bee854c951cc44e21428ef88a5c600e90f1e6f581c6f2ff601,b29b6c49feb983b008570b3f40165b36c2dc980639448d13dafe0ffeaf1e5f3c,b29b6c49feb983b008570b3f40165b36c2dc980639448d13dafe0ffeaf1e5f3c,600,True,0.014188124330092722,0.01418813148441448,0.07696141661219782,0.07696142061094689,0.06229682933408821,0.06229684666014152,0.1082815823363592,0.10828157498772457,0.9200108863129218,0.9200108890377601,0.0,0.0,0.4981181292353148,0.4981181284196856,0.08226844589318832,0.082268446359791,0.4981181292353148,0.4981181284196856,0.0,0.0,0.0,0.0
S1_PRIMARY,LONG_ONLY_FULL,TT,10,0,5,d8520d6f1fb6e511142d03e0d684844cca92e471b097db39072ebf2e1543cc3d,f95e08aadacfab18d10abb796d3d9b490406d8c5bf546b810b6161a25ddc3ba9,f95e08aadacfab18d10abb796d3d9b490406d8c5bf546b810b6161a25ddc3ba9,600,True,0.01421460321663839,0.01421461037371506,0.07694968010821107,0.07694968410901222,0.06228441003701464,0.06228442735731129,0.1083041831024864,0.10830417606037993,0.919999897814043,0.9199999005371199,0.0,0.0,0.498412813226408,0.49841281241977764,0.0822627320919323,0.08226273256299947,0.498412813226408,0.49841281241977764,0.0,0.0,0.0,0.0
S1_PRIMARY,LONG_ONLY_FULL,TT,11,0,5,b27b28e1323053e3fdd83e6fb1e1dcbc2b9101521bede40e5375df4b8f715cc0,734505d464f6dd2690841bbb1108c58f45bf6cc4046f24360a25773ef2b361d2,734505d464f6dd2690841bbb1108c58f45bf6cc4046f24360a25773ef2b361d2,600,True,0.01425434660574932,0.014254353782133414,0.07699223769069348,0.07699224169046419,0.062490012929454435,0.06249003026470669,0.10839464230361424,0.10839463527153471,0.9198004232767834,0.9198004260024208,0.0,0.0,0.4996174340105963,0.4996174331707685,0.0822728372882585,0.08227283775905754,0.4996174340105963,0.4996174331707685,0.0,0.0,0.0,0.0
S1_PRIMARY,LONG_ONLY_FULL,TT,12,0,5,facdb9827fe812da9c9bb34a4b0298245e1ee3ba72f33735397c5110cb18d324,a34aa24c6151652366d8e202eb9c2d45ec790eb25897db3fd6bdec7b6de0d4a9,a34aa24c6151652366d8e202eb9c2d45ec790eb25897db3fd6bdec7b6de0d4a9,600,True,0.014280735362617501,0.014280742543546837,0.07699670787386828,0.07699671186543096,0.0625360586170113,0.06253607595919991,0.10841823605954042,0.1084182290299541,0.9197645304078451,0.9197645331373148,0.0,0.0,0.5000188823483751,0.5000188814964792,0.08228025478674734,0.08228025526178592,0.5000188823483751,0.5000188814964792,0.0,0.0,0.0,0.0
S1_PRIMARY,LONG_ONLY_FULL,TT,13,0,5,d8cb7781d6a82c96f1acacf9d58a820c6bb99c42585bccdaabdefe52349363bd,e13a990af1e65fa42de7f99ebe548bcc1d976a7ed7845f8b9402ad7e4c863e7c,e13a990af1e65fa42de7f99ebe548bcc1d976a7ed7845f8b9402ad7e4c863e7c,600,True,0.014258987664685654,0.014258994838032132,0.07697931788805269,0.07697932188518335,0.062453886631892774,0.06245390397202045,0.10836848136346944,0.10836847401786155,0.9198132711524435,0.919813273880392,0.0,0.0,0.49939237912421,0.4993923782767193,0.08226668029876456,0.08226668077205414,0.49939237912421,0.4993923782767193,0.0,0.0,0.0,0.0
S1_PRIMARY,LONG_ONLY_FULL,TT,14,0,5,41e4116789380c024734ab58deec0848cc1675215d3b85821ed1efb86e0006ca,68c3ea7595a63c335c066e810302ffbdd94e85101d3d18cf80108aae7fc1c3c8,68c3ea7595a63c335c066e810302ffbdd94e85101d3d18cf80108aae7fc1c3c8,600,True,0.014184737169426462,0.014184744326284993,0.07699742328425845,0.07699742724407883,0.06245934198984905,0.062459359308531776,0.10836217721009118,0.10836216986328216,0.9200791299385097,0.9200791326727485,0.0,0.0,0.49900534392256346,0.4990053431027183,0.08226929910440366,0.08226929957118016,0.49900534392256346,0.4990053431027183,0.0,0.0,0.0,0.0
S1_PRIMARY,LONG_ONLY_FULL,TT,15,0,5,69824712dfe453549c0869ec617c40d6d28f5f0644418ce0bc3900516e0dc9b3,c8b38061549f151a669baca267e91eb2357e4e4bd3ecd356c7f2a28f1c3b99ca,c8b38061549f151a669baca267e91eb2357e4e4bd3ecd356c7f2a28f1c3b99ca,600,True,0.014168885993113334,0.014168893165070001,0.07699910512084113,0.07699910911802646,0.06248930416093926,0.06248932148459468,0.10834628230224289,0.10834627495689646,0.9200375655432376,0.9200375682703131,0.0,0.0,0.4987908800188756,0.49879087918599774,0.0822640941538713,0.08226409460924311,0.4987908800188756,0.49879087918599774,0.0,0.0,0.0,0.0
S1_PRIMARY,LONG_ONLY_FULL,TT,16,0,5,e126bef6226c310bf916f77410efd948f74c3ec63781a25a9d8d48edd93dce67,ada3345df9b84b3044c5e016d601f22a017993d12248566f2c5d4dabcbf16239,ada3345df9b84b3044c5e016d601f22a017993d12248566f2c5d4dabcbf16239,600,True,0.01425051263597334,0.014250519828320781,0.07704553746103275,0.07704554144859771,0.06268969788745545,0.06268971522838762,0.10846094208721827,0.10846093506623086,0.9197060171341188,0.9197060200688134,0.0,0.0,0.5004683321912444,0.5004683313224911,0.0822672907737715,0.08226729123786788,0.5004683321912444,0.5004683313224911,0.0,0.0,0.0,0.0
S1_PRIMARY,LONG_ONLY_FULL,TT,17,0,5,db8aa973307b83edceceb097da744ffba780b93c53774a05ccae695ef8c206f6,4657bc0a5c9b27703329ef77ff8c995e2dad03d636e7a271918cab2a8b6a5333,4657bc0a5c9b27703329ef77ff8c995e2dad03d636e7a271918cab2a8b6a5333,600,True,0.014315664276620954,0.014315671454152102,0.0769790486921591,0.07697905268234265,0.062480449775208315,0.062480467114430366,0.10842318112525122,0.10842317409360912,0.9197020600600684,0.9197020627880208,0.0,0.0,0.5001897728210356,0.5001897719764953,0.08226832004922027,0.0822683205329025,0.5001897728210356,0.5001897719764953,0.0,0.0,0.0,0.0
S1_PRIMARY,LONG_ONLY_FULL,TT,18,0,5,29437827b9ad7b900fdd7ffe8170f55c9443370830630814ef278674f848cf3e,23360693c4cd72984defa69752ac89a3de01b443520caa409237ad2e9954bb89,23360693c4cd72984defa69752ac89a3de01b443520caa409237ad2e9954bb89,600,True,0.014191886908901965,0.014191894083086073,0.07704696250865736,0.07704696648554873,0.06258929837976102,0.06258931570048695,0.10842496156245875,0.1084249545325732,0.9198541613683794,0.9198541640960914,0.0,0.0,0.4997679123407478,0.4997679115110923,0.08226988153569838,0.08226988199567237,0.4997679123407478,0.4997679115110923,0.0,0.0,0.0,0.0
S1_PRIMARY,LONG_ONLY_FULL,TT,19,0,5,f42e6192b68fc5bcbfcdbb53b85f4e0e773d67b6dc0e851ebe63257c6df73c58,6e89e81400f5321c01a959e4406c4febb4aeadf801faa23cc0e4fa736e1a9d37,6e89e81400f5321c01a959e4406c4febb4aeadf801faa23cc0e4fa736e1a9d37,600,True,0.014411203511618113,0.014411210698453974,0.07688077975545031,0.07688078373688301,0.062438947483451065,0.0624389648611158,0.10837356681653548,0.1083735594649737,0.9198218685616448,0.9198218713081445,0.0,0.0,0.5001281174988618,0.5001281165999205,0.08228490734054973,0.0822849078412847,0.5001281174988618,0.5001281165999205,0.0,0.0,0.0,0.0
S1_PRIMARY,LONG_ONLY_FULL,TT,20,0,5,2f1976ffb96fd52978724777929202e84184895991edee28ec6fb42099dcc924,5b1958b6e4786ed1e2e46073ba217072edf64b72f5be082650b2741cbefd22dc,5b1958b6e4786ed1e2e46073ba217072edf64b72f5be082650b2741cbefd22dc,600,True,0.014249140925767732,0.014249148103584535,0.07694580182802298,0.07694580582423598,0.062465550483924825,0.06246556784258945,0.10830631756627626,0.10830631021847377,0.9199734265480003,0.919973429285849,0.0,0.0,0.49884416043166313,0.4988441595481464,0.08226457482058845,0.08226457529020637,0.49884416043166313,0.4988441595481464,0.0,0.0,0.0,0.0
S1_PRIMARY,LONG_ONLY_FULL,TT,21,0,5,19e4bc65d4ea60011183783c8397b390b77210b349c3d65d90ad0f9fe5c1b9ef,c8b46ac9808a228464eec3451517e27f802787b7a922509e2e1cbef2eb120a44,c8b46ac9808a228464eec3451517e27f802787b7a922509e2e1cbef2eb120a44,600,True,0.01429825451743309,0.01429826170106268,0.07695518119406812,0.07695518517938897,0.06250657470970741,0.06250659205398797,0.10840448220906303,0.10840447486191664,0.9199042857205777,0.9199042884563321,0.0,0.0,0.4999125406424379,0.4999125397869985,0.08228180228045223,0.08228180275884096,0.4999125406424379,0.4999125397869985,0.0,0.0,0.0,0.0
S1_PRIMARY,LONG_ONLY_FULL,TT,22,0,5,3e6b77ac2b409839fdb23dd6de74316fabea70b0f46d304059c2305c7883560e,5e17ea0e6cc66b5aaa35f82326d88a03b4d621b83a73387a54ff5c108b947816,5e17ea0e6cc66b5aaa35f82326d88a03b4d621b83a73387a54ff5c108b947816,600,True,0.014306913422582375,0.014306920597853766,0.07698209103623775,0.07698209499809104,0.06254639891458195,0.06254641625721499,0.10844011171699584,0.10844010437083788,0.9198303881024446,0.919830390840984,0.0,0.0,0.5003455951342055,0.5003455942803035,0.08228220652914153,0.08228220701349787,0.5003455951342055,0.5003455942803035,0.0,0.0,0.0,0.0
S1_PRIMARY,LONG_ONLY_FULL,TT,23,0,5,7d2c686f155eb83cd272f5063deae31a089067eb4961cb9909ef4e9f20f2f24f,bbf9821e189b17de5b570c9187e35b36dbf1cf20e07d69de2f850c456f9fa58f,bbf9821e189b17de5b570c9187e35b36dbf1cf20e07d69de2f850c456f9fa58f,600,True,0.014318613798462927,0.014318620965977734,0.07692291945575569,0.076922923444529,0.06234924681562936,0.062349264164947286,0.10834994544387418,0.10834993809336002,0.9198570832204997,0.9198570859538996,0.0,0.0,0.49935831148152576,0.4993583106367994,0.082283944272307,0.08228394476094324,0.49935831148152576,0.4993583106367994,0.0,0.0,0.0,0.0
S1_PRIMARY,LONG_ONLY_FULL,TT,24,0,5,390b8af2860b5b32b60b91ea1a79e6af7506a2dca01c514d1a93c145afa509de,1bbab928fcb472893c16568e3d622826bffdad62ffa58174e799d73c3cbff585,1bbab928fcb472893c16568e3d622826bffdad62ffa58174e799d73c3cbff585,600,True,0.01423941056301374,0.014239417726529672,0.07695908219570417,0.07695908615650296,0.062461089767704515,0.06246110711030876,0.10833826518346436,0.10833825783518747,0.9200489713223533,0.9200489740643598,0.0,0.0,0.499082686628346,0.4990826857698038,0.08226469184645532,0.08226469232174008,0.499082686628346,0.4990826857698038,0.0,0.0,0.0,0.0
S1_PRIMARY,LONG_ONLY_FULL,TT,25,0,5,721aea77f390058f8bb72073f4781a871c1ff82475cab27a4f5ae4bcddc4d558,3ef931450bb6ec0b74b663d2595f39343f22985ad75d7a51fbf4dc7d24dd22d3,3ef931450bb6ec0b74b663d2595f39343f22985ad75d7a51fbf4dc7d24dd22d3,600,True,0.014237786682660536,0.01423779384621644,0.0769355477495666,0.0769355517465067,0.06235076384421032,0.06235078119590476,0.10827166973968987,0.10827166238973636,0.9199837422488684,0.9199837449827613,0.0,0.0,0.49835550632981235,0.4983555054685034,0.08226521083855455,0.08226521131153394,0.49835550632981235,0.4983555054685034,0.0,0.0,0.0,0.0
S1_PRIMARY,LONG_ONLY_FULL,TT,26,0,5,3db67f8676c13a11c6940c515da8257eec187159d105d84012b90df81aac2152,7bfce29f7ac73deb30d72dcc14b68dc62cff57275ab6187dfe0ffd97bee61ea4,7bfce29f7ac73deb30d72dcc14b68dc62cff57275ab6187dfe0ffd97bee61ea4,600,True,0.01437615521131156,0.014376162401201518,0.07693058292675478,0.07693058690482271,0.06257198338857986,0.06257200077119633,0.10839288714935912,0.10839287980044314,0.9197681170092085,0.9197681197565645,0.0,0.0,0.5003189112551214,0.5003189103341923,0.08227681431627988,0.08227681480810024,0.5003189112551214,0.5003189103341923,0.0,0.0,0.0,0.0
S1_PRIMARY,LONG_ONLY_FULL,TT,27,0,5,ec206cfb39fc39a9d820e2dfd9fe02d5d4161a8ca469b044b2efb0a7e8ed0683,90c17ce1c37a2b9f0108b19c18f87d4f7b6121e89416a315d0654210328a28d2,90c17ce1c37a2b9f0108b19c18f87d4f7b6121e89416a315d0654210328a28d2,600,True,0.014226623195710542,0.014226630354160824,0.07697168351802916,0.0769716874945728,0.062379394715761434,0.062379412031870085,0.10837047272363161,0.10837046568117184,0.9200059727281618,0.9200059754562523,0.0,0.0,0.49914772280631226,0.49914772200487306,0.08227793018930225,0.08227793066338411,0.49914772280631226,0.49914772200487306,0.0,0.0,0.0,0.0
S1_PRIMARY,LONG_ONLY_FULL,TT,28,0,5,f47dd4fe214d78059c4efadc14788c0c437d0c81bb2360d6e85cb7b37165f094,7e49746a644e3381e2cba8f5453865f49b4f922f3cbc36bf2e8c4c6ce4e9ad5f,7e49746a644e3381e2cba8f5453865f49b4f922f3cbc36bf2e8c4c6ce4e9ad5f,600,True,0.014275458633676965,0.01427546580853204,0.07695558433041721,0.07695558831076359,0.06249241991688053,0.062492437268906555,0.10835843705550927,0.10835842970725702,0.9199347195454701,0.9199347222842316,0.0,0.0,0.49943539344215543,0.49943539257040426,0.08226940308882949,0.08226940356587897,0.49943539344215543,0.49943539257040426,0.0,0.0,0.0,0.0
S1_PRIMARY,LONG_ONLY_FULL,TT,29,0,5,085f18ee2c5928471fed8073794c6a6458eabd914c7cbadd8caf95a90678d9e3,3711bf035dbc95b39f9f6d3e094fb01c0515f84fcade7fdb692110a5eb5d6e61,3711bf035dbc95b39f9f6d3e094fb01c0515f84fcade7fdb692110a5eb5d6e61,600,True,0.014213351710395146,0.01421335888989856,0.0769915739512497,0.07699157793380453,0.0625571867187471,0.0625572040560964,0.10837574974404432,0.10837574239905709,0.9200124478697487,0.9200124506052785,0.0,0.0,0.49935321217190864,0.49935321131616034,0.08227392964908,0.0822739301114494,0.49935321217190864,0.49935321131616034,0.0,0.0,0.0,0.0
S1_PRIMARY,LONG_ONLY_FULL,TT,30,0,5,111ad407cebaced38defbd387ffa68d380f9e4c7aeb34b8f001c06bef0dd75ac,6088c4fa2a84d4db6a15382d923e187dfcb4500b6088853b4499dc850d8898dc,6088c4fa2a84d4db6a15382d923e187dfcb4500b6088853b4499dc850d8898dc,600,True,0.014258989410097064,0.01425899661525436,0.07707723759089326,0.07707724158276495,0.06279263211576996,0.06279264944545211,0.10853810708848821,0.10853810006704587,0.9196236703250734,0.9196236732612635,0.0,0.0,0.5013028932012799,0.5013028923458072,0.08227405230352929,0.08227405276393143,0.5013028932012799,0.5013028923458072,0.0,0.0,0.0,0.0
S1_PRIMARY,LONG_ONLY_FULL,TT,31,0,5,b42f1577b43026bd5de4b725b324ec6c6bf3983256b4f8b70edfd5b7130dd372,b692318f56467736acd3ec562921041c9b9e3fb9ed29bde8bdf3b05e845a72a1,b692318f56467736acd3ec562921041c9b9e3fb9ed29bde8bdf3b05e845a72a1,600,True,0.014231715632419073,0.014231722794427212,0.0769051603643723,0.07690516434296207,0.062356553838995764,0.06235657119670534,0.10824077076085609,0.10824076631216294,0.920180850181194,0.9201808529258975,0.0,0.0,0.4980884374708328,0.49808843659543545,0.08226538023775486,0.08226538071122638,0.4980884374708328,0.49808843659543545,0.0,0.0,0.0,0.0
S1_PRIMARY,LONG_ONLY_FULL,TT,32,0,5,ef91df92304d8d2f4913fcd7cef06bb20625ab8a8a1a07ba41345a39248769ef,e036082dce44826e5d79a7289afdfeb319b02823e32336008a76fe00b3bdb06c,e036082dce44826e5d79a7289afdfeb319b02823e32336008a76fe00b3bdb06c,600,True,0.014159949104799114,0.01415995627760965,0.07708320247444092,0.07708320645983581,0.06260548429147018,0.06260550160247569,0.10843239832777696,0.1084323912970516,0.9197929296284595,0.9197929325537081,0.0,0.0,0.4997478509645868,0.4997478501492444,0.0822702262775784,0.08227022673094583,0.4997478509645868,0.4997478501492444,0.0,0.0,0.0,0.0
S1_PRIMARY,LONG_ONLY_FULL,TT,33,0,5,becc6121dcc5f1ada8405f224f1e0b727d47951d8207754966fbbedd5748f29a,0fa855486e05f73fad0dcc1d1aaed082568595a9c2e33f864b45e18f1937c12f,0fa855486e05f73fad0dcc1d1aaed082568595a9c2e33f864b45e18f1937c12f,600,True,0.01417221876211786,0.014172225940451696,0.07706889656660999,0.0770689005332981,0.06267940956239117,0.06267942688124717,0.10845456774623094,0.10845456071907064,0.9198894495179459,0.9198894522487671,0.0,0.0,0.5000218500286853,0.5000218491943493,0.08227328399958544,0.08227328445409159,0.5000218500286853,0.5000218491943493,0.0,0.0,0.0,0.0
S1_PRIMARY,LONG_ONLY_FULL,TT,34,0,5,82f69c941251f891aceaca1f1b1222bd69ecb0d21b1422f70073a50c5fa923a0,0a3e8c44efcdd6191cc2aaadfc0ed76839744a78a2f0e3f4813cfaeb60f0ccb2,0a3e8c44efcdd6191cc2aaadfc0ed76839744a78a2f0e3f4813cfaeb60f0ccb2,600,True,0.014133023415794496,0.014133030586522825,0.0770187688043217,0.07701877280675758,0.06248970903894945,0.06248972635529978,0.10833835665303287,0.10833834930852468,0.92005458162672,0.9200545843499722,0.0,0.0,0.498563218026663,0.49856321720439983,0.08226663323927923,0.08226663368756021,0.498563218026663,0.49856321720439983,0.0,0.0,0.0,0.0
S1_PRIMARY,LONG_ONLY_FULL,TT,35,0,5,dac52f7c6d8c3dae3562073bef0d3a4517a995aaf1cfc15323d30c40f38b26f3,564c02d80b88160bc7d95905840221443d453ebf4c5729b2f676b7d3a15332c1,564c02d80b88160bc7d95905840221443d453ebf4c5729b2f676b7d3a15332c1,600,True,0.014271125586461552,0.014271132761816512,0.07693701029559004,0.07693701428715857,0.0624169781946971,0.06241699554123784,0.10833903499150065,0.10833902764223748,0.9199850422040932,0.9199850449393809,0.0,0.0,0.4991281155838486,0.4991281147311314,0.08228159055154616,0.0822815910274665,0.4991281155838486,0.4991281147311314,0.0,0.0,0.0,0.0
S1_PRIMARY,LONG_ONLY_FULL,TT,36,0,5,8c6b1a4de743b2f1f84a68e3839dcd23a527dc0950faa6a41b13573c4f1ded9c,01dfe0ebc5cd3760f1d85013a336f34d937e7365c01e16e2f99c92594c74b872,01dfe0ebc5cd3760f1d85013a336f34d937e7365c01e16e2f99c92594c74b872,600,True,0.014176587541926508,0.014176594693467593,0.0769696622607173,0.07696966624085558,0.06234363313532622,0.062343650456125915,0.10830283644119652,0.1083028290931724,0.9200780647627147,0.9200780674920164,0.0,0.0,0.49829944808458143,0.49829944727016895,0.08226314765805451,0.08226314812419223,0.49829944808458143,0.49829944727016895,0.0,0.0,0.0,0.0
S1_PRIMARY,LONG_ONLY_FULL,TT,37,0,5,79db97d27e50f32fcab4dd69166d1737aaba1463c07030ab5334430b157af1c7,96c150595970059e09cb03affec46e46ff74e05aeb4bf32d1f814a5351d04ead,96c150595970059e09cb03affec46e46ff74e05aeb4bf32d1f814a5351d04ead,600,True,0.014177952776521391,0.014177959945962373,0.07708512817740333,0.07708513213507592,0.06263544716646127,0.06263546447474726,0.10846825931693495,0.10846825228600791,0.9198018362714276,0.9198018389984709,0.0,0.0,0.5001964689290442,0.5001964681172384,0.08227172134816664,0.08227172180799226,0.5001964689290442,0.5001964681172384,0.0,0.0,0.0,0.0
S1_PRIMARY,LONG_ONLY_FULL,TT,38,0,5,9b6e6f82dc6de665a9d2798617f241393d363389ea677dbd9e779a8df6ba06ee,019a382b229044cf7f78ac0fb091d1ac10d50c835dd98b1f5653e8566614cf7a,019a382b229044cf7f78ac0fb091d1ac10d50c835dd98b1f5653e8566614cf7a,600,True,0.01430195366145512,0.014301960830231409,0.07696783694806339,0.07696784093285465,0.062430496182607056,0.06243051352960116,0.10838304371974243,0.1083830366871043,0.919757577284406,0.9197575800157176,0.0,0.0,0.4996991042712965,0.4996991034235143,0.08228115113715584,0.08228115162173158,0.4996991042712965,0.4996991034235143,0.0,0.0,0.0,0.0
S1_PRIMARY,LONG_ONLY_FULL,TT,39,0,5,179c9b821e31bd946032beca9566151784ab33004d7137d98f084ca2fe6e20ca,8eadbb34ae9eb19348496f16b27b35c10aaf3395243199a37dc30c31cc8ac34f,8eadbb34ae9eb19348496f16b27b35c10aaf3395243199a37dc30c31cc8ac34f,600,True,0.014379021855300642,0.014379029056268108,0.07694194093957925,0.07694194493421555,0.06258286665727555,0.0625828840257054,0.10843989602281574,0.1084398886766051,0.9197110782246314,0.9197110809637132,0.0,0.0,0.5006932502852663,0.5006932493904365,0.08228633620785174,0.08228633669525946,0.5006932502852663,0.5006932493904365,0.0,0.0,0.0,0.0
S2_CONFIRMATORY_CONSTRAINT,LONG_ONLY_CAP50,TT,0,0,5,6edf30b752c62b6bd0e695606ae9bf0e27c03deb387b6e07215ffcd28b15489d,50a3ed5c2dd74ce6c766a7e465ebd6cbf57e48ce6a5f103467dea351401d1571,50a3ed5c2dd74ce6c766a7e465ebd6cbf57e48ce6a5f103467dea351401d1571,600,True,0.007201155345721329,0.007201158900291289,0.03804454547784875,0.038044547531112485,0.030949921342126718,0.030949929815241955,0.05489585654806802,0.05489585828255906,0.9589398915883225,0.9589399048776154,0.0,0.0,0.24952129841255813,0.24952129828532524,0.020605417956987154,0.020605418025606954,0.24952129841255813,0.24952129828532524,0.0,0.0,0.0,0.0
S2_CONFIRMATORY_CONSTRAINT,LONG_ONLY_CAP50,TT,1,0,5,51f9dbfff7586569633fd46026fc08f1e4046ce44ba3970c6315f23e40e5eb7c,261c78dcccdea2b2a3c84e2f4be96e749c7038ad116eea950c36c21d33d39320,261c78dcccdea2b2a3c84e2f4be96e749c7038ad116eea950c36c21d33d39320,600,True,0.0072315149853953075,0.007231518532424962,0.03802316420567655,0.03802316625733368,0.030881231244768256,0.03088123972395531,0.054871510533049256,0.054871512255417164,0.9590295797018565,0.9590295929808198,0.0,0.0,0.24944170595864812,0.24944170583275785,0.020606002725403326,0.020606002798693915,0.24944170595864812,0.24944170583275785,0.0,0.0,0.0,0.0
S2_CONFIRMATORY_CONSTRAINT,LONG_ONLY_CAP50,TT,2,0,5,758c7dd4846627924b9bcadfdee47c500366684de8bc8ee3527b0a7609b9d3c0,6af26802616356955f3894ca8f42ed918dbd150a64658871ba9748909991ca20,6af26802616356955f3894ca8f42ed918dbd150a64658871ba9748909991ca20,600,True,0.007205206618978348,0.007205210171487539,0.03802997890520802,0.038029980965139425,0.03090906186038982,0.030909070337109,0.054853737534432956,0.054853739269246256,0.9589451962096238,0.9589452094796859,0.0,0.0,0.24925778099703247,0.24925778086533845,0.02060498969745545,0.020604989766922963,0.24925778099703247,0.24925778086533845,0.0,0.0,0.0,0.0
S2_CONFIRMATORY_CONSTRAINT,LONG_ONLY_CAP50,TT,3,0,5,6fd2fc58547deb63bb3e8e63b1c57eca280e1251cfc31fe666fb295efdd03765,aba48cff8c7e2a3ce63dab55a53f97d10bce603d923e447992949462d9aed5d8,aba48cff8c7e2a3ce63dab55a53f97d10bce603d923e447992949462d9aed5d8,600,True,0.007213821026747827,0.007213824577298801,0.03802239562194588,0.03802239767850302,0.030895045268736786,0.030895053746514113,0.054847423223870484,0.05484742495421249,0.9589927286408826,0.9589927419169562,0.0,0.0,0.24927783003634113,0.24927782990702513,0.020605957598973563,0.02060595766982117,0.24927783003634113,0.24927782990702513,0.0,0.0,0.0,0.0
S2_CONFIRMATORY_CONSTRAINT,LONG_ONLY_CAP50,TT,4,0,5,f308b15df0894592f4d391bd3171a240cb3a8999f304da22950d010500153a3c,32fc548263ed55c8cd1c04f160fbf6fc12951e99e9fa9ce55d9d4dd47d552792,32fc548263ed55c8cd1c04f160fbf6fc12951e99e9fa9ce55d9d4dd47d552792,600,True,0.0072112215798899254,0.007211225131593125,0.03803347954258195,0.038033481586906816,0.030935117535460004,0.03093512601374039,0.054890703169557416,0.05489070490020844,0.9589740687877877,0.9589740820667803,0.0,0.0,0.24945861928257546,0.24945861914820844,0.02060444282678819,0.02060444289724789,0.24945861928257546,0.24945861914820844,0.0,0.0,0.0,0.0
S2_CONFIRMATORY_CONSTRAINT,LONG_ONLY_CAP50,TT,5,0,5,d1f3c936a0267e41b3f79fe1e74ecde8a872beea114e539cbe9444f55b5bea97,f21cc4a531aa62f2bc2d8f976fd66b22c1a1b39c819b0aa2c8be1cd3234a507d,f21cc4a531aa62f2bc2d8f976fd66b22c1a1b39c819b0aa2c8be1cd3234a507d,600,True,0.007198997822723986,0.007199001375268785,0.03803949251010173,0.03803949456646723,0.030925479147154742,0.030925487619424295,0.054867743324416185,0.054867745059457435,0.9589378827165493,0.9589378960004415,0.0,0.0,0.24938254558250225,0.2493825454576772,0.020605459078737582,0.020605459147583632,0.24938254558250225,0.2493825454576772,0.0,0.0,0.0,0.0
S2_CONFIRMATORY_CONSTRAINT,LONG_ONLY_CAP50,TT,6,0,5,f8c2ca65ea30d315bc43fc73b5eeb81572a34012cf00a84767b47712ed310b84,eceb3d4b7a456add8a8c529fdc2f4f957d12b5d02bf6c6ca30f7df0d9096274c,eceb3d4b7a456add8a8c529fdc2f4f957d12b5d02bf6c6ca30f7df0d9096274c,600,True,0.007221718483477511,0.007221722023318791,0.037988438186679935,0.037988440241492956,0.030787503427959904,0.03078751190930727,0.054742547821923344,0.054742549547678085,0.9590457722813187,0.9590457855257232,0.0,0.0,0.24873672989447565,0.24873672976581676,0.020604895823379377,0.020604895897689712,0.24873672989447565,0.24873672976581676,0.0,0.0,0.0,0.0
S2_CONFIRMATORY_CONSTRAINT,LONG_ONLY_CAP50,TT,7,0,5,6566dbc98c7b79976b1c930286ad849011de7bf7b518989f9af1e45bc57993f6,e60ad26f0908f28465a2532228a14261b44d3a8e90628358c0e0353291008344,e60ad26f0908f28465a2532228a14261b44d3a8e90628358c0e0353291008344,600,True,0.00719358804774094,0.0071935915948152076,0.03802597604257527,0.038025978095047853,0.03087744397618703,0.030877452449748856,0.05480975524401259,0.05480975698014216,0.9589336407478894,0.9589336540109963,0.0,0.0,0.2490367301840819,0.2490367300570072,0.02060469453750788,0.020604694607303888,0.2490367301840819,0.2490367300570072,0.0,0.0,0.0,0.0
S2_CONFIRMATORY_CONSTRAINT,LONG_ONLY_CAP50,TT,8,0,5,1a2918eb0137a01640eb60e189b2a2792e79d2ff6c7ec63e1d17b02b6081b2a0,cc898e11d366e9154903b3c9b592ae4f88080a68086dd2c12a2787e3c76c33b8,cc898e11d366e9154903b3c9b592ae4f88080a68086dd2c12a2787e3c76c33b8,600,True,0.007206919849025217,0.007206923399151322,0.03801582008780445,0.03801582214223882,0.030889736255216387,0.030889744730434137,0.054821974527861535,0.054821976259325514,0.959010617467959,0.9590106307487269,0.0,0.0,0.24919681924758283,0.24919681912165723,0.020605600898375685,0.02060560096879232,0.24919681924758283,0.24919681912165723,0.0,0.0,0.0,0.0
S2_CONFIRMATORY_CONSTRAINT,LONG_ONLY_CAP50,TT,9,0,5,76e94cff89ee96db4c4caf990e79c581a1e4f62775562c6fd9558fb00831a654,e3110aa29452c8644317c9d49bffd6302ed360b509d90a327e700a75cffcd839,e3110aa29452c8644317c9d49bffd6302ed360b509d90a327e700a75cffcd839,600,True,0.007198751393976959,0.007198754940402056,0.038019259812948146,0.03801926187332816,0.030850716791091973,0.030850725264233943,0.05478895059615245,0.05478895233086956,0.9589483504343047,0.9589483636927526,0.0,0.0,0.24896144426707806,0.24896144414345547,0.020604579361303558,0.02060457943164003,0.24896144426707806,0.24896144414345547,0.0,0.0,0.0,0.0
S2_CONFIRMATORY_CONSTRAINT,LONG_ONLY_CAP50,TT,10,0,5,e0a144c99f577fa4d1010a376323951c8b420b874e7302e14aae4e802041073c,dc89df81a3c9ee9ca1744f7ac1f1e3f779d19aefed161d72dbd0f6e465a189e3,dc89df81a3c9ee9ca1744f7ac1f1e3f779d19aefed161d72dbd0f6e465a189e3,600,True,0.007204668798644301,0.007204672344131119,0.038017712451708145,0.038017714510142485,0.030848290962626496,0.0308482994354799,0.054794749443324,0.05479475117490067,0.9589759586862218,0.9589759719510226,0.0,0.0,0.24903484029636305,0.24903484017522443,0.020604342174239718,0.02060434224535684,0.24903484029636305,0.24903484017522443,0.0,0.0,0.0,0.0
S2_CONFIRMATORY_CONSTRAINT,LONG_ONLY_CAP50,TT,11,0,5,1bb8eb16c4e7b1fe2ac26039d54921d22aafe33afaa783bdf22c1bacc4e1ce82,1637f040df6d544eb23bf0c9816ffed3f544eb368c63b4b9e08187f7c3b7c346,1637f040df6d544eb23bf0c9816ffed3f544eb368c63b4b9e08187f7c3b7c346,600,True,0.0072081892940181825,0.007208192844375166,0.03803336790354062,0.03803336995961102,0.03090586062040841,0.030905869095252142,0.05486214120899985,0.054862142940862224,0.9589578021883051,0.9589578154658647,0.0,0.0,0.24934644079179144,0.2493464406654415,0.0206052169269966,0.02060521699721631,0.24934644079179144,0.2493464406654415,0.0,0.0,0.0,0.0
S2_CONFIRMATORY_CONSTRAINT,LONG_ONLY_CAP50,TT,12,0,5,3aac4d0a1c79ec77494f8e4452756368cc14db49474cb52bba433105a7a7d5d3,a9d4b228646c30553522101b196623cbfe8db21efc09d5c7a5b3073dfa34dee6,a9d4b228646c30553522101b196623cbfe8db21efc09d5c7a5b3073dfa34dee6,600,True,0.007207179944537469,0.007207183495113047,0.038040654416516544,0.03804065646730773,0.030923843613237547,0.03092385208764864,0.05488374178428779,0.05488374351561088,0.9589541755898482,0.9589541888750883,0.0,0.0,0.2494586992703273,0.24945869914422125,0.020605914014321988,0.020605914084448843,0.2494586992703273,0.24945869914422125,0.0,0.0,0.0,0.0
S2_CONFIRMATORY_CONSTRAINT,LONG_ONLY_CAP50,TT,13,0,5,2204f08dfc06c55e6b086ae27ab21753ee4fcf2d8e1d6690479fdf4ac7aa3b71,b0b8c6ff1d35fb9aae8e76731c065e012cff4992eef50285770685c7d0eff9fc,b0b8c6ff1d35fb9aae8e76731c065e012cff4992eef50285770685c7d0eff9fc,600,True,0.007220160630593194,0.007220164178601925,0.03802331537812832,0.03802331743705733,0.030874557596730967,0.03087456607427435,0.05484651385580854,0.05484651558365306,0.9589897127543623,0.9589897260248211,0.0,0.0,0.24927621059945113,0.24927621047289733,0.020605258711824767,0.02060525878370497,0.24927621059945113,0.24927621047289733,0.0,0.0,0.0,0.0
S2_CONFIRMATORY_CONSTRAINT,LONG_ONLY_CAP50,TT,14,0,5,648316d23134f5aa0043d63317b23936e11232556803d966a42fb381520cc37d,3bf417657d2daba56a5d90d075c7bfb2a1b6693a8ca7846e880c98995ad23f49,3bf417657d2daba56a5d90d075c7bfb2a1b6693a8ca7846e880c98995ad23f49,600,True,0.007190640979607893,0.007190644527450537,0.038029727370055506,0.038029729415202024,0.030899204045865835,0.03089921251703502,0.05482432280918386,0.054824324544228545,0.9589562362895699,0.958956249570601,0.0,0.0,0.24917559825725785,0.2491755981344118,0.020605930912426813,0.02060593098192282,0.24917559825725785,0.2491755981344118,0.0,0.0,0.0,0.0
S2_CONFIRMATORY_CONSTRAINT,LONG_ONLY_CAP50,TT,15,0,5,5e801c625fe6d9a61850fa1b47caaa5feff4da3c54e2f2bee3f7a93aeccedc88,bde2e45f26a279f20acd9719f3c32678f68bf8d67983b65a9d2e55922a3116be,bde2e45f26a279f20acd9719f3c32678f68bf8d67983b65a9d2e55922a3116be,600,True,0.007183879972399185,0.007183883524884539,0.038032302977845205,0.03803230503816439,0.03090957448161398,0.030909582951753046,0.05482030323832149,0.05482030497929017,0.9589336035465267,0.9589336050102076,0.0,0.0,0.24911735468927715,0.24911735456403428,0.020604450660420156,0.020604450727896774,0.24911735468927715,0.24911735456403428,0.0,0.0,0.0,0.0
S2_CONFIRMATORY_CONSTRAINT,LONG_ONLY_CAP50,TT,16,0,5,d52898c1526b4500f86731f1ed967af4df12e21ea105cd2303fe0422cf6ebc16,83453387fdf8e99deed9c3dec0f1354e51a9bf108c257ab21d588938d82cae89,83453387fdf8e99deed9c3dec0f1354e51a9bf108c257ab21d588938d82cae89,600,True,0.007206129247841817,0.007206132801710488,0.03804587790946396,0.03804587996284069,0.030946840334093527,0.03094684880882193,0.05490510711513117,0.054905108848350224,0.9589356127738523,0.9589356260583954,0.0,0.0,0.2495426973128758,0.24954269718354605,0.02060496282912549,0.02060496289831978,0.2495426973128758,0.24954269718354605,0.0,0.0,0.0,0.0
S2_CONFIRMATORY_CONSTRAINT,LONG_ONLY_CAP50,TT,17,0,5,a64b9560e1f5829e7b2e964c33627b4454795cb349dd7e915c83e5bd92625bc1,fb8d786f8fbbaff53c1104eb57e85883076ca12a5996aeaac2116e5e86012d23,fb8d786f8fbbaff53c1104eb57e85883076ca12a5996aeaac2116e5e86012d23,600,True,0.007219028743045574,0.007219032292762714,0.03803308617131004,0.03803308822453653,0.03090798053386155,0.03090798901041996,0.05488160380373855,0.05488160553114126,0.9589889744337861,0.9589889877174944,0.0,0.0,0.2494724326625131,0.24947243253638068,0.020605738815628546,0.020605738887037907,0.2494724326625131,0.24947243253638068,0.0,0.0,0.0,0.0
S2_CONFIRMATORY_CONSTRAINT,LONG_ONLY_CAP50,TT,18,0,5,95230c73b6d57b0f6bd6551c722fa17059957780f4949138c7e1347d2a912ab1,f8e369d8e66428ddd37943dc0cfb43f185d08fc7a6a65bd9ff9ac8a0b2a8f602,f8e369d8e66428ddd37943dc0cfb43f185d08fc7a6a65bd9ff9ac8a0b2a8f602,600,True,0.0072000510139816265,0.007200054565762897,0.03803848281434154,0.03803848486847654,0.030921842689700222,0.030921851162812528,0.054866829942998484,0.05486683167749615,0.9589390886744787,0.9589391019549742,0.0,0.0,0.2493640070898781,0.24936400696365724,0.02060524491272158,0.02060524498190241,0.2493640070898781,0.24936400696365724,0.0,0.0,0.0,0.0
S2_CONFIRMATORY_CONSTRAINT,LONG_ONLY_CAP50,TT,19,0,5,9752d16be17cd675875c30146071baa1aea462ec5b88d2f751092f89cd6ec312,1cbb5984c7e2a8646c2ec0b040e7f6cdd548dab451e7371feccb4165b3df0c46,1cbb5984c7e2a8646c2ec0b040e7f6cdd548dab451e7371feccb4165b3df0c46,600,True,0.0072447526548862365,0.007244756202487996,0.03801345424408873,0.03801345629579513,0.030876907901339297,0.03087691638576916,0.05487735741470164,0.05487735913373132,0.9590664175033328,0.9590664307775337,0.0,0.0,0.24945397653106172,0.24945397639872316,0.02060596126083072,0.020605961335320312,0.24945397653106172,0.24945397639872316,0.0,0.0,0.0,0.0
S2_CONFIRMATORY_CONSTRAINT,LONG_ONLY_CAP50,TT,20,0,5,e6bf1f79ea5a53756827d5dec156ef9f51141298d4a23cac0065e6bea9e43391,d26be1bc86221040514849f55fe1231d0aca7b3c3a9ee84dd139e5da3d63be1f,d26be1bc86221040514849f55fe1231d0aca7b3c3a9ee84dd139e5da3d63be1f,600,True,0.007202251427599457,0.007202254977731495,0.038024620515050365,0.03802462257248731,0.030890656220115602,0.030890664696085764,0.05482934321512287,0.05482934494986834,0.9589523457515621,0.958952359018361,0.0,0.0,0.2491432590019356,0.24914325887198255,0.020604921681975162,0.020604921751808756,0.2491432590019356,0.24914325887198255,0.0,0.0,0.0,0.0
S2_CONFIRMATORY_CONSTRAINT,LONG_ONLY_CAP50,TT,21,0,5,fa8c058d8c08746c626f8b9f2a591f05388ef4428892a85bc558d9d6f487a674,061f27da88c321d029144b573ac81969ef807596c7a115af4b7929a72aa6499f,061f27da88c321d029144b573ac81969ef807596c7a115af4b7929a72aa6499f,600,True,0.007211247776063265,0.0072112513255261045,0.03803038573854387,0.03803038778643334,0.030910472353019285,0.030910480829075763,0.05486724242292867,0.05486724415225811,0.9589885661769433,0.9589885794607346,0.0,0.0,0.2493933416221568,0.24939334149506845,0.02060609642763159,0.020606096498566265,0.2493933416221568,0.24939334149506845,0.0,0.0,0.0,0.0
S2_CONFIRMATORY_CONSTRAINT,LONG_ONLY_CAP50,TT,22,0,5,3a5a1a68e6f567a236e525709132f109dfa55622a93feabe83088e34d2f7e03e,8d7343aae2fa46c8bddf4d1eab148581906ffe6eac66d94a31a34c5e975a333e,8d7343aae2fa46c8bddf4d1eab148581906ffe6eac66d94a31a34c5e975a333e,600,True,0.007218165068397325,0.007218168617722262,0.03803238041929964,0.038032382464917,0.030916597105559836,0.03091660558281376,0.054886766495819826,0.05488676822252617,0.9590005447498474,0.9590005580362411,0.0,0.0,0.24949805762402855,0.24949805749624568,0.020606050912645644,0.020606050984253596,0.24949805762402855,0.24949805749624568,0.0,0.0,0.0,0.0
S2_CONFIRMATORY_CONSTRAINT,LONG_ONLY_CAP50,TT,23,0,5,5b22eec30ef475775797eb3775e332b15dd95ad0ff9c83518fb0330aa5a00b29,7673104f085a51a1e3d02e1f1e574a9e251449427ab70c039ccc22a99bb58190,7673104f085a51a1e3d02e1f1e574a9e251449427ab70c039ccc22a99bb58190,600,True,0.00721814741199986,0.007218150958885525,0.038022544242488715,0.038022546295505805,0.03087551348113122,0.030875521958912806,0.05484397662822647,0.05484397835569402,0.9589960887525886,0.9589961020245557,0.0,0.0,0.24926250798639063,0.24926250785950035,0.020605894494947142,0.020605894567045722,0.24926250798639063,0.24926250785950035,0.0,0.0,0.0,0.0
S2_CONFIRMATORY_CONSTRAINT,LONG_ONLY_CAP50,TT,24,0,5,8f9a2956d2431a04a74f6c4945badf3d928b1bd90c843c674ac201058726de9d,026871965db9161df13f076ba07461ce9e916d7503eeb9d5187bd99e80d9518f,026871965db9161df13f076ba07461ce9e916d7503eeb9d5187bd99e80d9518f,600,True,0.007204394157377115,0.007204397703927272,0.038021499434300964,0.038021501477876495,0.030884639593991407,0.03088464806991237,0.05482790992969856,0.054827911660588965,0.958985448372684,0.9589854616437616,0.0,0.0,0.24916812292008347,0.2491681227917934,0.020605053816359888,0.020605053887518154,0.24916812292008347,0.2491681227917934,0.0,0.0,0.0,0.0
S2_CONFIRMATORY_CONSTRAINT,LONG_ONLY_CAP50,TT,25,0,5,4e6692cac162ed0407e5b38e5a0319ab40ecb9ece233e8fa2c596352bdb38909,3a56898db72440da7712219e35af8da1d8bda665ab325f5ded1d4df9328de328,3a56898db72440da7712219e35af8da1d8bda665ab325f5ded1d4df9328de328,600,True,0.007197108629116581,0.007197112175499789,0.03802375800283461,0.03802376005514665,0.03087033808438192,0.030870346559015407,0.05480772917533538,0.054807730910164734,0.958943425276645,0.9589434385383451,0.0,0.0,0.24902543064974658,0.24902543052213616,0.020604971883022752,0.020604971953337065,0.24902543064974658,0.24902543052213616,0.0,0.0,0.0,0.0
S2_CONFIRMATORY_CONSTRAINT,LONG_ONLY_CAP50,TT,26,0,5,756bb8358df58abaa3474ff1cee424d0615f6e0e8bc22cdf8c8462a5a97a2c08,b34dffa7d8adc14c955f378423c706b94b6b0a11408b626aa042defc38fa64b4,b34dffa7d8adc14c955f378423c706b94b6b0a11408b626aa042defc38fa64b4,600,True,0.007242969809412803,0.007242973356365547,0.03802005562144142,0.038020057669097156,0.030887431615215004,0.03088744009989201,0.054892075066654986,0.054892076785921756,0.9590504139771814,0.9590504272528874,0.0,0.0,0.24950297235376118,0.24950297222017626,0.02060630180947173,0.02060630188394359,0.24950297235376118,0.24950297222017626,0.0,0.0,0.0,0.0
S2_CONFIRMATORY_CONSTRAINT,LONG_ONLY_CAP50,TT,27,0,5,fc535c6bf532cbc2aca51a9789638f9a055e6757954fe5bb98d1a5c04f717d3e,456543bc4ccde22d975bdfabb55535ad1daa6bc00d30840c7e5023254b389dd7,456543bc4ccde22d975bdfabb55535ad1daa6bc00d30840c7e5023254b389dd7,600,True,0.007202341993571267,0.007202345540358582,0.038025180465781024,0.03802518251589559,0.030882147863605196,0.030882156335701492,0.05482467477916409,0.05482467651022635,0.9589845306254661,0.9589845439068964,0.0,0.0,0.24921434318388602,0.2492143430635119,0.02060576418039032,0.02060576425109124,0.24921434318388602,0.2492143430635119,0.0,0.0,0.0,0.0
S2_CONFIRMATORY_CONSTRAINT,LONG_ONLY_CAP50,TT,28,0,5,32e14c4cd28cde4ac4d52f8ea4996d2f3d11f6b0cdd4001d06d9490bad4b5fc2,ce8f0be4743bd6132158390016e02b92998761ad9dce20812ad9e5d9b0e6decd,ce8f0be4743bd6132158390016e02b92998761ad9dce20812ad9e5d9b0e6decd,600,True,0.007211151613063048,0.007211155162274529,0.03802488274699019,0.03802488479898217,0.030896364766759415,0.03089637324385491,0.054849225568182024,0.05484922729858222,0.9589847738732447,0.9589847871484628,0.0,0.0,0.24927846542893248,0.24927846529976408,0.02060540950095588,0.02060540957190366,0.24927846542893248,0.24927846529976408,0.0,0.0,0.0,0.0
S2_CONFIRMATORY_CONSTRAINT,LONG_ONLY_CAP50,TT,29,0,5,b9121c466ee6e47bfc4d23f6285f45a7a5bf07270c87877473f7ff0d39185a6c,8c325b38489cc314d539cee33d5e19d792557fce51d06e5a6bcf481c6c23f6f4,8c325b38489cc314d539cee33d5e19d792557fce51d06e5a6bcf481c6c23f6f4,600,True,0.007199767255120526,0.0071997708064533966,0.03803137717009759,0.03803137922370724,0.030912670787905546,0.03091267926203824,0.05484965809470022,0.054849659829336796,0.9589535576639915,0.9589535709418086,0.0,0.0,0.24927538483587008,0.2492753847079724,0.020605161468467036,0.02060516153782378,0.24927538483587008,0.2492753847079724,0.0,0.0,0.0,0.0
S2_CONFIRMATORY_CONSTRAINT,LONG_ONLY_CAP50,TT,30,0,5,c4b6bd83bb5603ec8c6948e9206f89ec9f9b1cd4c2eac2efa52613e13174a9a2,5efdae2a6262b26ecf7afbc364616bef9a10f5b7b58378dab822a2bff5247c07,5efdae2a6262b26ecf7afbc364616bef9a10f5b7b58378dab822a2bff5247c07,600,True,0.007199432614871157,0.007199436173668899,0.03806092874415008,0.03806093079922203,0.030995081042748337,0.03099508951441476,0.05494628534472024,0.054946287080867885,0.9589127171539278,0.9589127186201564,0.0,0.0,0.24977149038644156,0.24977149025882278,0.020605116208037063,0.020605116275311895,0.24977149038644156,0.24977149025882278,0.0,0.0,0.0,0.0
S2_CONFIRMATORY_CONSTRAINT,LONG_ONLY_CAP50,TT,31,0,5,5878ddbb106c6c0cea90f76aa084b3edc72bd340d44f8a0e8622b2e030bf59b2,806a3c1d00e1f0803b6e5dd06136c7c8b6383fc8f64632a24161a84a580cb132,806a3c1d00e1f0803b6e5dd06136c7c8b6383fc8f64632a24161a84a580cb132,600,True,0.00720357365034948,0.007203577196081155,0.038010616441260706,0.038010618492536015,0.030854256284055755,0.030854264761169953,0.05478899197982232,0.054788993712342686,0.9589846255429849,0.9589846388011364,0.0,0.0,0.24894822547738593,0.24894822534775232,0.02060479161432655,0.020604791685555967,0.24894822547738593,0.24894822534775232,0.0,0.0,0.0,0.0
S2_CONFIRMATORY_CONSTRAINT,LONG_ONLY_CAP50,TT,32,0,5,b8fbdf65d6774114371f0770e88625d9b7ece44a01498f527222c9618f0d89bd,a9aabbc0252c1d535671359ced8ac6e8bd9d5d11f11016f2fec8d8adcddcf49a,a9aabbc0252c1d535671359ced8ac6e8bd9d5d11f11016f2fec8d8adcddcf49a,600,True,0.007194094273858902,0.007194097825229368,0.038045188178027954,0.03804519023189333,0.030923720854133602,0.030923729324914502,0.05486759161676234,0.054867593352646134,0.95892288575959,0.9589228872241252,0.0,0.0,0.24936872713224698,0.24936872700912363,0.020605828598167657,0.0206058286668573,0.24936872713224698,0.24936872700912363,0.0,0.0,0.0,0.0
S2_CONFIRMATORY_CONSTRAINT,LONG_ONLY_CAP50,TT,33,0,5,98dfa29eb033cf52f5b5ae3ea0938dfa9ff79486c8fc98a6ac1432eb152bf069,f9cea948695b0db9bd3ce469803a74404d13d1e9ff40042a6903f022b0889edf,f9cea948695b0db9bd3ce469803a74404d13d1e9ff40042a6903f022b0889edf,600,True,0.007201804276931374,0.007201807828710504,0.03803920157680123,0.03803920362911443,0.0309261354328734,0.030926143905596944,0.054873531278428644,0.05487353301165151,0.9589513477682122,0.9589513610542102,0.0,0.0,0.24942265699586233,0.24942265687116,0.020605621023038707,0.020605621092412953,0.24942265699586233,0.24942265687116,0.0,0.0,0.0,0.0
S2_CONFIRMATORY_CONSTRAINT,LONG_ONLY_CAP50,TT,34,0,5,4a8de310ddbd6cf007f7572caeab1ce361973c870b3b0a2943fad781b3dc0e78,04a650dd24ae18e72535eb0684aedeea4503ce89bac30f1a493036fbaa1519bd,04a650dd24ae18e72535eb0684aedeea4503ce89bac30f1a493036fbaa1519bd,600,True,0.007185884449502124,0.0071858880009092255,0.03803102986733312,0.03803103192924229,0.030895698368083105,0.030895706838879454,0.05481262884188649,0.054812630582269636,0.9589363707372315,0.9589363722010052,0.0,0.0,0.24906489885520725,0.24906489872984422,0.020604639564229917,0.020604639632142235,0.24906489885520725,0.24906489872984422,0.0,0.0,0.0,0.0
S2_CONFIRMATORY_CONSTRAINT,LONG_ONLY_CAP50,TT,35,0,5,44ef8c968ea28c16821f5a9f2ff2384b9f541ff31845ff113dc334b9ecc6d78e,b1296858bd784335170f84ea6278c3f848fae5ba509e3ca203aa5e36eef880e7,b1296858bd784335170f84ea6278c3f848fae5ba509e3ca203aa5e36eef880e7,600,True,0.007211397350031648,0.0072114008979456065,0.038021426890813,0.038021428944381416,0.03087832936569903,0.03087833784249591,0.054832277429827,0.05483227915979326,0.9589884644900951,0.9589884777615659,0.0,0.0,0.24919954997768914,0.24919954985047915,0.020605876971496136,0.0206058770427926,0.24919954997768914,0.24919954985047915,0.0,0.0,0.0,0.0
S2_CONFIRMATORY_CONSTRAINT,LONG_ONLY_CAP50,TT,36,0,5,216227f8cafc54c7ab14e074614179f86247212c9f82dd2ff56b4c3c6be61d82,11451acd815f918baf1f14ac0ad74fa431401b2a7538c45eb697507eaedd0054,11451acd815f918baf1f14ac0ad74fa431401b2a7538c45eb697507eaedd0054,600,True,0.007193816923871732,0.007193820470928898,0.03802126545829088,0.03802126751348854,0.03086841409839333,0.030868422570177648,0.05479549375128172,0.05479549548672982,0.9589542799734191,0.9589542932409152,0.0,0.0,0.24901712845431231,0.2490171283313545,0.020604559963051796,0.020604560032867387,0.24901712845431231,0.2490171283313545,0.0,0.0,0.0,0.0
S2_CONFIRMATORY_CONSTRAINT,LONG_ONLY_CAP50,TT,37,0,5,eb97cce66800d0c38dd6f5f9aeb00698a414b2979f50941f5aba5f0aec71b18d,ccd108d19a705d748ca009469f370982a79a359858df77366112c943dd2ce36d,ccd108d19a705d748ca009469f370982a79a359858df77366112c943dd2ce36d,600,True,0.007201580325842907,0.0072015838764954605,0.038043923910464274,0.03804392595839671,0.03092877835690429,0.030928786828844954,0.05488301378160522,0.0548830155137528,0.9589479103501698,0.9589479236391639,0.0,0.0,0.2494768381259498,0.24947683800314982,0.0206061806513646,0.020606180721022285,0.2494768381259498,0.24947683800314982,0.0,0.0,0.0,0.0
S2_CONFIRMATORY_CONSTRAINT,LONG_ONLY_CAP50,TT,38,0,5,44faa1a6a4aaddba82a7a09f53650fdaf7e8c3891005b2a2b8fd7e3ece97fbf8,64bd14ec66185c00f9012ab6a352b6f1f6fdb1777958f633dc70bc34b599675c,64bd14ec66185c00f9012ab6a352b6f1f6fdb1777958f633dc70bc34b599675c,600,True,0.007225370518216988,0.007225374065211543,0.03802522758083015,0.03802522963516161,0.03087708711063249,0.030877095589162983,0.05486079493221975,0.05486079665727913,0.9590039219519376,0.9590039352263453,0.0,0.0,0.2493579566709556,0.24935795654470697,0.02060615620143498,0.02060615627411187,0.2493579566709556,0.24935795654470697,0.0,0.0,0.0,0.0
S2_CONFIRMATORY_CONSTRAINT,LONG_ONLY_CAP50,TT,39,0,5,265528718b19a1ad200c58b2761d174951acc0854f81182f199bdd4192100ec8,84593f450831ed4ccca2790f1d6e7a96e594465f6abe2ac7f1e245a209abd47b,84593f450831ed4ccca2790f1d6e7a96e594465f6abe2ac7f1e245a209abd47b,600,True,0.007224160410434616,0.0072241639643542115,0.03803567958209026,0.03803568163748679,0.030937121318581805,0.03093712979800412,0.05491264688182154,0.05491264860942774,0.9589922487450604,0.9589922620327581,0.0,0.0,0.24960888538113463,0.2496088852494809,0.020606209581060877,0.020606209651958536,0.24960888538113463,0.2496088852494809,0.0,0.0,0.0,0.0
S1_PRIMARY,LONG_ONLY_FULL,TT,0,0,6,0ad1ff00de5f12745943c90e185267f72edfbd2f1d5bc62d91f163288d6563eb,101a0bda53ed7c3ea75f1a5253939454bc1eb1f711dd74472664c6aa1dcd4c26,101a0bda53ed7c3ea75f1a5253939454bc1eb1f711dd74472664c6aa1dcd4c26,600,True,0.016844320074552267,0.016844299349714067,0.08170454174014069,0.0817045433814953,0.05510726775920226,0.05510739215950757,0.10487658157168733,0.10487658109236109,0.9078164702618727,0.9078164577259815,0.0,0.0,0.5000973274219099,0.5000973286954791,0.08243069092571055,0.08243069066568857,0.5000973274219099,0.5000973286954791,0.0,0.0,0.0,0.0
S1_PRIMARY,LONG_ONLY_FULL,TT,1,0,6,b3d6007b8d36af400863df4d8069756070c6065a21ba643c16e4d266602f3058,7b7002ab44faf54448b3fc97c1c456e80379c5f7d2db2f593b8c99229f0daec6,7b7002ab44faf54448b3fc97c1c456e80379c5f7d2db2f593b8c99229f0daec6,600,True,0.017000340799497218,0.01700031990693559,0.0812105237721183,0.08121052545469272,0.05495906768433548,0.054959192293082396,0.10488916525837376,0.10488916487525769,0.9098213732109681,0.9098213602885192,0.0,0.0,0.49988542909192163,0.49988543042343536,0.08243622174894956,0.0824362214826572,0.49988542909192163,0.49988543042343536,0.0,0.0,0.0,0.0
S1_PRIMARY,LONG_ONLY_FULL,TT,2,0,6,aa9821e7538e18491c151b8f06dfcead4b8fbaba9ac66d6259597de026ac2954,175049b068e9ce98c2803c0be51be86837a871b77cf6ca7945409e88412e8dac,175049b068e9ce98c2803c0be51be86837a871b77cf6ca7945409e88412e8dac,600,True,0.016874300553684725,0.016874279797796692,0.08156327497545207,0.08156327662719301,0.05496037566311025,0.05496049978577193,0.10481092562054443,0.10481092525126408,0.9080834470664667,0.9080834344705773,0.0,0.0,0.4990516966037507,0.499051697945298,0.08242820875820282,0.08242820848960587,0.4990516966037507,0.499051697945298,0.0,0.0,0.0,0.0
S1_PRIMARY,LONG_ONLY_FULL,TT,3,0,6,9cddee0f94ecc5eee6d360f0f94f69c37a45b94fa14c27ef4eb5e2439cdb3358,a54da59ebf4a5ee42bdd3d68b2c9b08fb2182e1026e601488206d3b5bd150533,a54da59ebf4a5ee42bdd3d68b2c9b08fb2182e1026e601488206d3b5bd150533,600,True,0.01695205301190233,0.01695203219475551,0.08128932704026556,0.0812893287121726,0.05493435412260582,0.054934478656480365,0.10490521807640665,0.10490521771817965,0.9093216980601623,0.9093216852609466,0.0,0.0,0.4991463131236063,0.4991463144698867,0.08243830007407271,0.08243829980450888,0.4991463131236063,0.4991463144698867,0.0,0.0,0.0,0.0
S1_PRIMARY,LONG_ONLY_FULL,TT,4,0,6,45e4bdf966fd665589156e7bddc29b8db43a0112b0a6342b37be9ee8203125ef,62430755ef1bac4609dbabed2060ffd2ee1b1dcbd5ef2a034b63ea1ca85241f1,62430755ef1bac4609dbabed2060ffd2ee1b1dcbd5ef2a034b63ea1ca85241f1,600,True,0.016875394923207106,0.016875374060850747,0.0817413181870563,0.08174131983953606,0.05503006926695626,0.05503019302249492,0.10470754635851422,0.10470754607698687,0.907474385297949,0.9074743728104447,0.0,0.0,0.4998215974960749,0.49982159884017197,0.08242559170546922,0.08242559143404421,0.4998215974960749,0.49982159884017197,0.0,0.0,0.0,0.0
S1_PRIMARY,LONG_ONLY_FULL,TT,5,0,6,22a3b836afbffcfee4b61e84361f542795eb9f40131f5c3b84fbea04e630c30b,618d28a1adbad21f3aee7732c1df9ed37c5c66bcecbef7786bbb7e1fd24fd3fe,618d28a1adbad21f3aee7732c1df9ed37c5c66bcecbef7786bbb7e1fd24fd3fe,600,True,0.016833587462476773,0.016833566727165298,0.08169050640816286,0.08169050804899375,0.0550784271949885,0.05507855169234144,0.10491918015793868,0.1049191796966725,0.9078828683637615,0.9078828558277817,0.0,0.0,0.49952157825388993,0.4995215795318914,0.08243038421265685,0.0824303839525958,0.49952157825388993,0.4995215795318914,0.0,0.0,0.0,0.0
S1_PRIMARY,LONG_ONLY_FULL,TT,6,0,6,97880e8cad0b04f484804c84ea78868282bf436b9d241069e437d6409fc331ac,632aec028b537d9506814c8f06b1f0759f07aa0c3f1a79c46d9d13a747d6571f,632aec028b537d9506814c8f06b1f0759f07aa0c3f1a79c46d9d13a747d6571f,600,True,0.016944188874265142,0.0169441680073889,0.08110120630139307,0.08110120797836354,0.054812440888610196,0.05481256604085195,0.10512665563497936,0.10512665534625408,0.9102073711859678,0.9102073582929001,0.0,0.0,0.4969761059398243,0.4969761073035677,0.082426938589504,0.08242693831945559,0.4969761059398243,0.4969761073035677,0.0,0.0,0.0,0.0
S1_PRIMARY,LONG_ONLY_FULL,TT,7,0,6,3856d94e9106f20120adc545e35f2156fc8b2347509e2de78a347775f0831968,a338e66f4e08dabb250320fb931224db23c4dd51f0721a42ad01dea5bc2acb28,a338e66f4e08dabb250320fb931224db23c4dd51f0721a42ad01dea5bc2acb28,600,True,0.016827541371754372,0.01682752054813178,0.08165265746787026,0.08165265911194837,0.05499878734218576,0.05499891203130039,0.10501124989087968,0.10501124951898749,0.9081810817403546,0.9081810691724546,0.0,0.0,0.4981033941025794,0.4981033954046926,0.08243076422160235,0.0824307639596302,0.4981033941025794,0.4981033954046926,0.0,0.0,0.0,0.0
S1_PRIMARY,LONG_ONLY_FULL,TT,8,0,6,d6322b47f4243479a26fe7b990f610b7286df4d50d9a12ff3c33a17f8f23f189,34f6db4949d6d894063e6b25d81cced57324002a2fb0bc69d8845215bec79483,34f6db4949d6d894063e6b25d81cced57324002a2fb0bc69d8845215bec79483,600,True,0.016917091902400073,0.016917071171118993,0.08127385184372216,0.08127385350938766,0.05496889080412446,0.05496901568747314,0.10502917681497431,0.10502917642634436,0.9093735188153712,0.9093735060803213,0.0,0.0,0.49888195012966147,0.4988819514544888,0.0824372443307937,0.08243724406203619,0.49888195012966147,0.4988819514544888,0.0,0.0,0.0,0.0
S1_PRIMARY,LONG_ONLY_FULL,TT,9,0,6,6ec884b1dfca21bee854c951cc44e21428ef88a5c600e90f1e6f581c6f2ff601,2ee80849ca6b890ea9519f27eca92bde64f0627b22383db3f51fda63f95c5c12,2ee80849ca6b890ea9519f27eca92bde64f0627b22383db3f51fda63f95c5c12,600,True,0.016826506531183037,0.016826485754029234,0.08155185710475076,0.08155185874797191,0.054994430718321836,0.05499455580483703,0.10512341059557614,0.10512341016153426,0.9085973662109162,0.9085973535867831,0.0,0.0,0.49783352162254374,0.497833522901076,0.0824286035744467,0.08242860331638441,0.49783352162254374,0.497833522901076,0.0,0.0,0.0,0.0
S1_PRIMARY,LONG_ONLY_FULL,TT,10,0,6,d8520d6f1fb6e511142d03e0d684844cca92e471b097db39072ebf2e1543cc3d,1aabaebff8a7d70cad5e7f5236dfee010ee0f887a025e1357063b160cc24c0b3,1aabaebff8a7d70cad5e7f5236dfee010ee0f887a025e1357063b160cc24c0b3,600,True,0.01685427013144751,0.016854249369979115,0.08145045815435306,0.08145045980225253,0.05499462363893883,0.054994748857190905,0.1051461440274974,0.10514614356729352,0.9090257740491235,0.9090257613498705,0.0,0.0,0.4981301011985591,0.4981301024742201,0.08242247994353967,0.08242247968558893,0.4981301011985591,0.4981301024742201,0.0,0.0,0.0,0.0
S1_PRIMARY,LONG_ONLY_FULL,TT,11,0,6,b27b28e1323053e3fdd83e6fb1e1dcbc2b9101521bede40e5375df4b8f715cc0,a2f4430f24580eed9e41af5daa1a5544ff880a4dca4037e8ce3cae0b52ba0388,a2f4430f24580eed9e41af5daa1a5544ff880a4dca4037e8ce3cae0b52ba0388,600,True,0.016890827662570107,0.016890806880014132,0.08149876903050539,0.08149877068561634,0.05501109303652749,0.05501121761649229,0.10492545071961694,0.10492545027807527,0.9087090385900654,0.908709025883502,0.0,0.0,0.4993287862732559,0.4993287875775639,0.08243463371158816,0.08243463344929751,0.4993287862732559,0.4993287875775639,0.0,0.0,0.0,0.0
S1_PRIMARY,LONG_ONLY_FULL,TT,12,0,6,facdb9827fe812da9c9bb34a4b0298245e1ee3ba72f33735397c5110cb18d324,66accc59efecb20837c682097da9d3fd9a93ebe043a857bca53e6faaae566f91,66accc59efecb20837c682097da9d3fd9a93ebe043a857bca53e6faaae566f91,600,True,0.016917941481206848,0.01691792066421093,0.08148453398431549,0.08148453564553773,0.05501277365256871,0.055012898058453344,0.10486182794708723,0.10486182753496158,0.9086961935630666,0.9086961808435772,0.0,0.0,0.4997268165276391,0.49972681784307205,0.08244243873688624,0.08244243847240708,0.4997268165276391,0.49972681784307205,0.0,0.0,0.0,0.0
S1_PRIMARY,LONG_ONLY_FULL,TT,13,0,6,d8cb7781d6a82c96f1acacf9d58a820c6bb99c42585bccdaabdefe52349363bd,6a8702f5b550af259ea67f2b71b76e8e5e29cf30a461d90f63fcedbf283deb45,6a8702f5b550af259ea67f2b71b76e8e5e29cf30a461d90f63fcedbf283deb45,600,True,0.016897367664044864,0.016897346846161926,0.0814844776581063,0.0814844793155621,0.05498470577189748,0.054984830308678935,0.10491645512521125,0.1049164547194733,0.9086989687911783,0.9086989560858457,0.0,0.0,0.49910111496375065,0.4991011162768215,0.08242820861605481,0.08242820835254512,0.49910111496375065,0.4991011162768215,0.0,0.0,0.0,0.0
S1_PRIMARY,LONG_ONLY_FULL,TT,14,0,6,41e4116789380c024734ab58deec0848cc1675215d3b85821ed1efb86e0006ca,4c4b37b417003bc75267807053b17295e22e2bc56a64f00ff812775d0844b372,4c4b37b417003bc75267807053b17295e22e2bc56a64f00ff812775d0844b372,600,True,0.016817542106809028,0.01681752131731402,0.08169438301366241,0.08169438465303384,0.05508614948289335,0.05508627441546502,0.10507896818982268,0.1050789677695504,0.9081231831620502,0.9081231706401145,0.0,0.0,0.4987191638284203,0.4987191650931949,0.08243120737454629,0.08243120711563445,0.4987191638284203,0.4987191650931949,0.0,0.0,0.0,0.0
S1_PRIMARY,LONG_ONLY_FULL,TT,15,0,6,69824712dfe453549c0869ec617c40d6d28f5f0644418ce0bc3900516e0dc9b3,bc570f66cd1a3f7387d2e6aa411530788c0c671767dd38c3937c12f9d1fc2663,bc570f66cd1a3f7387d2e6aa411530788c0c671767dd38c3937c12f9d1fc2663,600,True,0.016800249083796636,0.01680022838534202,0.08168723496731657,0.08168723660096647,0.05504196358811958,0.05504208834576252,0.10502900568321684,0.10502900522740277,0.9079501240106277,0.907950111498949,0.0,0.0,0.4985041413923403,0.4985041426725111,0.08242607651267665,0.08242607625288063,0.4985041413923403,0.4985041426725111,0.0,0.0,0.0,0.0
S1_PRIMARY,LONG_ONLY_FULL,TT,16,0,6,e126bef6226c310bf916f77410efd948f74c3ec63781a25a9d8d48edd93dce67,10f51fc63a0c059c84aa2706dd9f88835033ccbdfda124a17a325eb7f74c21ff,10f51fc63a0c059c84aa2706dd9f88835033ccbdfda124a17a325eb7f74c21ff,600,True,0.016881144970761586,0.016881124176662647,0.08167366267559784,0.08167366432675728,0.055046402249514424,0.05504652620736334,0.10473636728141536,0.1047363668807022,0.9077520048982336,0.9077519923305697,0.0,0.0,0.5001731766791506,0.5001731779944245,0.08243125296124479,0.08243125269578445,0.5001731766791506,0.5001731779944245,0.0,0.0,0.0,0.0
S1_PRIMARY,LONG_ONLY_FULL,TT,17,0,6,db8aa973307b83edceceb097da744ffba780b93c53774a05ccae695ef8c206f6,326396a1fb669b1a2506b67d208ed23b776a98107cdfe03572002beffecafb30,326396a1fb669b1a2506b67d208ed23b776a98107cdfe03572002beffecafb30,600,True,0.016955940998591188,0.016955920145515224,0.08136813434565168,0.08136813601511936,0.05499212899467054,0.05499225349872792,0.1048717512072734,0.1048717507949702,0.909198429502291,0.9091984166834983,0.0,0.0,0.4998986109136641,0.4998986122311039,0.0824298243363708,0.08242982407206488,0.4998986109136641,0.4998986122311039,0.0,0.0,0.0,0.0
S1_PRIMARY,LONG_ONLY_FULL,TT,18,0,6,29437827b9ad7b900fdd7ffe8170f55c9443370830630814ef278674f848cf3e,708d38d57ebdd342b155cd22326dac81526d83f394651635ad1981105a383640,708d38d57ebdd342b155cd22326dac81526d83f394651635ad1981105a383640,600,True,0.016820686909278588,0.016820666147278094,0.08175822325889366,0.08175822489720214,0.055097695438751634,0.05509781992991468,0.10492456166486121,0.10492456121599343,0.9076803634420778,0.9076803509449983,0.0,0.0,0.4994810632189581,0.4994810644898828,0.0824330215093331,0.08243302125022432,0.4994810632189581,0.4994810644898828,0.0,0.0,0.0,0.0
S1_PRIMARY,LONG_ONLY_FULL,TT,19,0,6,f42e6192b68fc5bcbfcdbb53b85f4e0e773d67b6dc0e851ebe63257c6df73c58,e67bd182ee363162ebefce2f620cabf834a3f5a773dcc4e9dbcb825a10ee93b7,e67bd182ee363162ebefce2f620cabf834a3f5a773dcc4e9dbcb825a10ee93b7,600,True,0.017064156451991525,0.017064135490095958,0.08105056653440187,0.08105056823621225,0.05487329062492935,0.05487341489877091,0.10478234590536749,0.10478234564529089,0.9102008826578802,0.9102008696636592,0.0,0.0,0.499822006378566,0.49982200776959335,0.08244597926964581,0.08244597899380597,0.499822006378566,0.49982200776959335,0.0,0.0,0.0,0.0
S1_PRIMARY,LONG_ONLY_FULL,TT,20,0,6,2f1976ffb96fd52978724777929202e84184895991edee28ec6fb42099dcc924,7f0b91eebe4e40088e88e643780d1933f4e81eec993410ea1ce5ac75a0f83842,7f0b91eebe4e40088e88e643780d1933f4e81eec993410ea1ce5ac75a0f83842,600,True,0.016889564305656447,0.016889543478787974,0.08149293829294217,0.08149293995137429,0.054931871064711105,0.05493199538601612,0.10487656868845746,0.10487656836560308,0.9084563750612014,0.9084563624169221,0.0,0.0,0.4985442513275949,0.49854425267342,0.08242642737069747,0.08242642710170783,0.4985442513275949,0.49854425267342,0.0,0.0,0.0,0.0
S1_PRIMARY,LONG_ONLY_FULL,TT,21,0,6,19e4bc65d4ea60011183783c8397b390b77210b349c3d65d90ad0f9fe5c1b9ef,cb5c320b37f2514b1da96540172d7cc86c98452c3492bd4fe8fa17dc4e47c545,cb5c320b37f2514b1da96540172d7cc86c98452c3492bd4fe8fa17dc4e47c545,600,True,0.016939228644235176,0.016939207832693162,0.08136031756512889,0.08136031923404047,0.05499511890897917,0.05499524346891005,0.10490709883879314,0.1049070984503081,0.9091287710274717,0.909128758267084,0.0,0.0,0.49961849192988633,0.49961849325380736,0.08244365293650924,0.08244365266943213,0.49961849192988633,0.49961849325380736,0.0,0.0,0.0,0.0
S1_PRIMARY,LONG_ONLY_FULL,TT,22,0,6,3e6b77ac2b409839fdb23dd6de74316fabea70b0f46d304059c2305c7883560e,8e9c3b0e88c5559ef23758a6c2ed9102eef89d4318116160a9ca2d10fb29d1b9,8e9c3b0e88c5559ef23758a6c2ed9102eef89d4318116160a9ca2d10fb29d1b9,600,True,0.016946264986411795,0.016946244103979734,0.08144254667191185,0.08144254834212145,0.05503516891464583,0.05503529336794712,0.10486904025248141,0.1048690398865466,0.9089365439184036,0.9089365311766293,0.0,0.0,0.5000512968299028,0.5000512981462288,0.0824446789695866,0.08244467870327982,0.5000512968299028,0.5000512981462288,0.0,0.0,0.0,0.0
S1_PRIMARY,LONG_ONLY_FULL,TT,23,0,6,7d2c686f155eb83cd272f5063deae31a089067eb4961cb9909ef4e9f20f2f24f,fbbf3c0936256dee18a592c01ba108e7d33d22ec6380fddca34c35711b318e7f,fbbf3c0936256dee18a592c01ba108e7d33d22ec6380fddca34c35711b318e7f,600,True,0.0169653519341988,0.016965331050439354,0.08124694217562457,0.08124694385299826,0.05494749389881268,0.05494761869391542,0.10497273603070358,0.1049727356595512,0.9097337038087779,0.9097336909322106,0.0,0.0,0.4990657671957523,0.4990657685239152,0.08244429865248544,0.08244429838693729,0.4990657671957523,0.4990657685239152,0.0,0.0,0.0,0.0
S1_PRIMARY,LONG_ONLY_FULL,TT,24,0,6,390b8af2860b5b32b60b91ea1a79e6af7506a2dca01c514d1a93c145afa509de,47d5e1f11376c77dad53d6da80c087e1c13cbbae6166881e5adcf9e2e1b402a0,47d5e1f11376c77dad53d6da80c087e1c13cbbae6166881e5adcf9e2e1b402a0,600,True,0.016877998820207813,0.016877977956501873,0.08155918363564489,0.08155918529137114,0.055007850751047305,0.05500797534853732,0.10496410955125399,0.10496410922171051,0.9084506542391293,0.908450641630827,0.0,0.0,0.49878693452548073,0.498786935838578,0.08242667694628457,0.08242667668035708,0.49878693452548073,0.498786935838578,0.0,0.0,0.0,0.0
S1_PRIMARY,LONG_ONLY_FULL,TT,25,0,6,721aea77f390058f8bb72073f4781a871c1ff82475cab27a4f5ae4bcddc4d558,d2cd91ddec7d9526e49b69c4668fd32eff91ce0fd545682f9e883e734ddd3233,d2cd91ddec7d9526e49b69c4668fd32eff91ce0fd545682f9e883e734ddd3233,600,True,0.016879924829424665,0.01687990398601415,0.08147189437171662,0.08147189602844625,0.054929493480886216,0.05492961812212007,0.10497844432980023,0.10497844398580261,0.9087147613003193,0.9087147486219491,0.0,0.0,0.4980602183507975,0.4980602196798539,0.08242594867122252,0.08242594840571943,0.4980602183507975,0.4980602196798539,0.0,0.0,0.0,0.0
S1_PRIMARY,LONG_ONLY_FULL,TT,26,0,6,3db67f8676c13a11c6940c515da8257eec187159d105d84012b90df81aac2152,295f0979a63b105b6bd7ee64f9829f704e900bc6f67634e1f3830a67f46fa689,295f0979a63b105b6bd7ee64f9829f704e900bc6f67634e1f3830a67f46fa689,600,True,0.017022465215347154,0.017022444257378547,0.08127807001076529,0.08127807170039875,0.0549014390007672,0.054901562846912104,0.10467178879979946,0.10467178855628588,0.9092575853805345,0.9092575725249809,0.0,0.0,0.5000096726460523,0.5000096740425203,0.08243951466962056,0.08243951439268318,0.5000096726460523,0.5000096740425203,0.0,0.0,0.0,0.0
S1_PRIMARY,LONG_ONLY_FULL,TT,27,0,6,ec206cfb39fc39a9d820e2dfd9fe02d5d4161a8ca469b044b2efb0a7e8ed0683,d837e1663225e07a06d5766ecb41a27903bdd9f842ac170734d14d0c909c299f,d837e1663225e07a06d5766ecb41a27903bdd9f842ac170734d14d0c909c299f,600,True,0.0168642361453287,0.016864215368170687,0.08148718462727107,0.08148718627848384,0.05506265275829508,0.055062777953981124,0.10512841734385996,0.10512841687752919,0.9089908322751996,0.908990819591875,0.0,0.0,0.4988657336625971,0.49886573492633346,0.08243869467302312,0.0824386944151542,0.4988657336625971,0.49886573492633346,0.0,0.0,0.0,0.0
S1_PRIMARY,LONG_ONLY_FULL,TT,28,0,6,f47dd4fe214d78059c4efadc14788c0c437d0c81bb2360d6e85cb7b37165f094,e7e4fabbb676de13f207b7fceb7bcbbb1e6639f4332d55b2fd0e6452785743f4,e7e4fabbb676de13f207b7fceb7bcbbb1e6639f4332d55b2fd0e6452785743f4,600,True,0.01691563354818347,0.016915612696848076,0.08146371902065323,0.08146372068398776,0.054973339089667866,0.05497346350300411,0.10488571840991036,0.10488571807005775,0.9087342072949874,0.9087341945985209,0.0,0.0,0.4991378416126746,0.4991378429474166,0.08243142583143592,0.08243142556332293,0.4991378416126746,0.4991378429474166,0.0,0.0,0.0,0.0
S1_PRIMARY,LONG_ONLY_FULL,TT,29,0,6,085f18ee2c5928471fed8073794c6a6458eabd914c7cbadd8caf95a90678d9e3,6fe7b4697617f3235ae150ef5dcf8331566dc074d914271852606f321260b3ea,6fe7b4697617f3235ae150ef5dcf8331566dc074d914271852606f321260b3ea,600,True,0.016847166782184845,0.016847146024211206,0.08162697725065579,0.08162697889729767,0.055034714336836675,0.0550348388241478,0.10493053008331615,0.10493052968830799,0.9080687506522611,0.9080687381053527,0.0,0.0,0.4990600945007302,0.4990600958049298,0.08243665265885387,0.08243665239436704,0.4990600945007302,0.4990600958049298,0.0,0.0,0.0,0.0
S1_PRIMARY,LONG_ONLY_FULL,TT,30,0,6,111ad407cebaced38defbd387ffa68d380f9e4c7aeb34b8f001c06bef0dd75ac,f58a4c53f06bf091571c3e9c9e96636dc994907ff4916c99174dc2eef4c972ad,f58a4c53f06bf091571c3e9c9e96636dc994907ff4916c99174dc2eef4c972ad,600,True,0.016886026399996274,0.01688600566976187,0.0816718170930247,0.08167181874342751,0.055100137712103,0.055100261641413066,0.10470579643837025,0.10470579597018656,0.9077606294671289,0.9077606168903796,0.0,0.0,0.5010118262877042,0.5010118275872832,0.08243878382002398,0.08243878355611182,0.5010118262877042,0.5010118275872832,0.0,0.0,0.0,0.0
S1_PRIMARY,LONG_ONLY_FULL,TT,31,0,6,b42f1577b43026bd5de4b725b324ec6c6bf3983256b4f8b70edfd5b7130dd372,4344c591ecb4ad1b355885681efbdacf852c98488f4f2c81d39c809cefc711ac,4344c591ecb4ad1b355885681efbdacf852c98488f4f2c81d39c809cefc711ac,600,True,0.016875389879151534,0.01687536902345116,0.08146511736230058,0.0814651190209105,0.05492586165521701,0.0549259863301971,0.1050070893604564,0.10500708907351461,0.9087031172323526,0.9087031045979529,0.0,0.0,0.49778870447859247,0.49778870581753804,0.08242636890813047,0.0824263686394364,0.49778870447859247,0.49778870581753804,0.0,0.0,0.0,0.0
S1_PRIMARY,LONG_ONLY_FULL,TT,32,0,6,ef91df92304d8d2f4913fcd7cef06bb20625ab8a8a1a07ba41345a39248769ef,f2755ba39ecc70e079a0b6d3a94754c0adf7f7d93dd5f246f5edf62239265ea0,f2755ba39ecc70e079a0b6d3a94754c0adf7f7d93dd5f246f5edf62239265ea0,600,True,0.016784335595155887,0.0167843148733326,0.08187583018306309,0.08187583180968587,0.055128276765690175,0.055128401278038044,0.1049380999300765,0.10493809943063767,0.9073970243710102,0.9073969720904381,0.0,0.0,0.4994653123097459,0.4994653135600254,0.08243342308712934,0.08243342283192354,0.4994653123097459,0.4994653135600254,0.0,0.0,0.0,0.0
S1_PRIMARY,LONG_ONLY_FULL,TT,33,0,6,becc6121dcc5f1ada8405f224f1e0b727d47951d8207754966fbbedd5748f29a,64a7bee47004527eecfd07c0652f79403e97dd3f0134534dea8acbfa4cd8411d,64a7bee47004527eecfd07c0652f79403e97dd3f0134534dea8acbfa4cd8411d,600,True,0.01679728521828679,0.016797264476604852,0.0818608980667252,0.08186089969954549,0.0551366147155104,0.05513673907829013,0.10489461871115567,0.10489461826371206,0.9073968089046651,0.9073967566137124,0.0,0.0,0.49973428459762587,0.49973428586328766,0.08243746210756608,0.08243746184835855,0.49973428459762587,0.49973428586328766,0.0,0.0,0.0,0.0
S1_PRIMARY,LONG_ONLY_FULL,TT,34,0,6,82f69c941251f891aceaca1f1b1222bd69ecb0d21b1422f70073a50c5fa923a0,196d610a66323d76b12113e02665705037cdc2f604969d1746d81109f1c7da70,196d610a66323d76b12113e02665705037cdc2f604969d1746d81109f1c7da70,600,True,0.016761334519154326,0.01676131386101384,0.08178239994076733,0.08178240156420001,0.055063312384278,0.05506343720817227,0.10506323474676522,0.1050632342599778,0.9075927507970241,0.9075927383574123,0.0,0.0,0.49827937333040506,0.49827937459364524,0.08242860204230187,0.08242860178534547,0.49827937333040506,0.49827937459364524,0.0,0.0,0.0,0.0
S1_PRIMARY,LONG_ONLY_FULL,TT,35,0,6,dac52f7c6d8c3dae3562073bef0d3a4517a995aaf1cfc15323d30c40f38b26f3,6db520cdb0bbe8e6f6cb707825d26294ad6cd8f347bd8e1db71ad1bddd5c42b2,6db520cdb0bbe8e6f6cb707825d26294ad6cd8f347bd8e1db71ad1bddd5c42b2,600,True,0.016913632563399825,0.016913611752161464,0.08137496159685359,0.0813749632614616,0.05496772951828613,0.054967854230216995,0.10497434681592813,0.10497434643941936,0.9090773891872863,0.9090773764542708,0.0,0.0,0.49883435681481064,0.4988343581373735,0.08244267321997656,0.0824426729538304,0.49883435681481064,0.4988343581373735,0.0,0.0,0.0,0.0
S1_PRIMARY,LONG_ONLY_FULL,TT,36,0,6,8c6b1a4de743b2f1f84a68e3839dcd23a527dc0950faa6a41b13573c4f1ded9c,df8c4f51cd050b4b3b1c80f346f408555339136efcf3485291d2acaac358e485,df8c4f51cd050b4b3b1c80f346f408555339136efcf3485291d2acaac358e485,600,True,0.01681275954343308,0.016812738761430353,0.08161680016533551,0.081616801805474,0.05503224922423777,0.05503237432003534,0.10513362127170058,0.10513362084364754,0.9084139932953569,0.9084139807236367,0.0,0.0,0.49801483227961885,0.4980148335490732,0.08242393811705045,0.0824239378590305,0.49801483227961885,0.4980148335490732,0.0,0.0,0.0,0.0
S1_PRIMARY,LONG_ONLY_FULL,TT,37,0,6,79db97d27e50f32fcab4dd69166d1737aaba1463c07030ab5334430b157af1c7,2884e6744bf52249613a031db108f6e582be7788c9d2cf966706e3750a0b48bd,2884e6744bf52249613a031db108f6e582be7788c9d2cf966706e3750a0b48bd,600,True,0.0168029893948916,0.016802968615644755,0.08186626284354609,0.08186626447706111,0.05516456524971932,0.055164689764392094,0.10492912237930996,0.104929121909033,0.9074254219734497,0.9074253696802177,0.0,0.0,0.499913112271799,0.4999131135160758,0.08243546534188136,0.08243546508598767,0.499913112271799,0.4999131135160758,0.0,0.0,0.0,0.0
S1_PRIMARY,LONG_ONLY_FULL,TT,38,0,6,9b6e6f82dc6de665a9d2798617f241393d363389ea677dbd9e779a8df6ba06ee,636c980fd76170785442206d0504aab1f1c7a2f77af4bee4d86789e47a83a19f,636c980fd76170785442206d0504aab1f1c7a2f77af4bee4d86789e47a83a19f,600,True,0.01694407606927921,0.016944055179009716,0.08139254477410542,0.0813925464443777,0.05498174861737009,0.054981873173048604,0.10490223510340345,0.10490223472552167,0.9091526658376926,0.9091526530387254,0.0,0.0,0.4994066442961672,0.4994066456171112,0.08244243921804861,0.0824424389535834,0.4994066442961672,0.4994066456171112,0.0,0.0,0.0,0.0
S1_PRIMARY,LONG_ONLY_FULL,TT,39,0,6,179c9b821e31bd946032beca9566151784ab33004d7137d98f084ca2fe6e20ca,4883fe95e94ab428829fd425238e3ae17b0c222e118579bfdcc7f5df97f50f6f,4883fe95e94ab428829fd425238e3ae17b0c222e118579bfdcc7f5df97f50f6f,600,True,0.017024197845606447,0.01702417697044885,0.08120529921869926,0.08120530090764606,0.05492890497009219,0.05492902901034945,0.10471083481451848,0.10471083448384963,0.9095302595217062,0.9095302466231987,0.0,0.0,0.5003905180904897,0.5003905194658463,0.08244876544950439,0.08244876517574928,0.5003905180904897,0.5003905194658463,0.0,0.0,0.0,0.0
S2_CONFIRMATORY_CONSTRAINT,LONG_ONLY_CAP50,TT,0,0,6,6edf30b752c62b6bd0e695606ae9bf0e27c03deb387b6e07215ffcd28b15489d,41553336f6cac989e22d9245914d00caf01b62f05c77eaf0364985a4f73b555a,41553336f6cac989e22d9245914d00caf01b62f05c77eaf0364985a4f73b555a,600,True,0.00849752948699731,0.008497519716059837,0.041258029529650506,0.041258028091537426,0.027556066420449218,0.02755612411400223,0.05279903694278878,0.05279903708717058,0.9507892509733569,0.9507892507524304,0.0,0.0,0.2494512591619714,0.24945125939755053,0.02064610575084478,0.02064610571970469,0.2494512591619714,0.24945125939755053,0.0,0.0,0.0,0.0
S2_CONFIRMATORY_CONSTRAINT,LONG_ONLY_CAP50,TT,1,0,6,51f9dbfff7586569633fd46026fc08f1e4046ce44ba3970c6315f23e40e5eb7c,c6648d026bd94f326811c52db2379b566b14b33c01262b44207b93c1cb04e609,c6648d026bd94f326811c52db2379b566b14b33c01262b44207b93c1cb04e609,600,True,0.00853296661989859,0.008532956787738175,0.04114590450824392,0.04114590518100108,0.02727842836085205,0.027278493455434323,0.05278299929904613,0.052782999443000696,0.9508748878242188,0.9508748822261054,0.0,0.0,0.24937124264099444,0.2493712428838115,0.020646436632408425,0.02064643660022478,0.24937124264099444,0.2493712428838115,0.0,0.0,0.0,0.0
S2_CONFIRMATORY_CONSTRAINT,LONG_ONLY_CAP50,TT,2,0,6,758c7dd4846627924b9bcadfdee47c500366684de8bc8ee3527b0a7609b9d3c0,67ed614196f999d5ade56e34ab853e6714779bcced87b82cdd91d3de6dc88b03,67ed614196f999d5ade56e34ab853e6714779bcced87b82cdd91d3de6dc88b03,600,True,0.008503653776430834,0.008503643997117494,0.04121423152452115,0.04121423218910643,0.027489039218627418,0.027489040221175754,0.0527820689596563,0.05278206910380118,0.9507825519324717,0.9507825517129178,0.0,0.0,0.2491869932179259,0.2491869934614465,0.020645492584888847,0.020645492553140396,0.2491869932179259,0.2491869934614465,0.0,0.0,0.0,0.0
S2_CONFIRMATORY_CONSTRAINT,LONG_ONLY_CAP50,TT,3,0,6,6fd2fc58547deb63bb3e8e63b1c57eca280e1251cfc31fe666fb295efdd03765,e4b1febecadd40e2832e4df0bf13418f855d2087d2d0e59ca92d64b9598a00a1,e4b1febecadd40e2832e4df0bf13418f855d2087d2d0e59ca92d64b9598a00a1,600,True,0.008513530391268237,0.008513520600250273,0.04117960899368545,0.04117960966128608,0.02734777644261007,0.02734777748386808,0.0527758476616847,0.05277584780573173,0.9508057607110696,0.9508057604980961,0.0,0.0,0.24920715448790942,0.24920715473107102,0.020646400570835288,0.02064640053889321,0.24920715448790942,0.24920715473107102,0.0,0.0,0.0,0.0
S2_CONFIRMATORY_CONSTRAINT,LONG_ONLY_CAP50,TT,4,0,6,f308b15df0894592f4d391bd3171a240cb3a8999f304da22950d010500153a3c,b4fff03ac523557cccf4f251c0c3d792de7dde52abb5fba60cf6e1ea4661717a,b4fff03ac523557cccf4f251c0c3d792de7dde52abb5fba60cf6e1ea4661717a,600,True,0.00850941704875203,0.00850940723209027,0.04123736642668848,0.041237364990814665,0.02754821031312961,0.027548268057650524,0.05279206471297007,0.05279206485718718,0.9508176544094316,0.950817654192775,0.0,0.0,0.24938655072187965,0.24938655096666779,0.020645153867767184,0.020645153835723035,0.24938655072187965,0.24938655096666779,0.0,0.0,0.0,0.0
S2_CONFIRMATORY_CONSTRAINT,LONG_ONLY_CAP50,TT,5,0,6,d1f3c936a0267e41b3f79fe1e74ecde8a872beea114e539cbe9444f55b5bea97,661757717078d0fdccf8c041c8b9774eb850fe51397956ad79db7e61d89abe9f,661757717078d0fdccf8c041c8b9774eb850fe51397956ad79db7e61d89abe9f,600,True,0.008495981416221232,0.008495971648105546,0.041242217485324785,0.041242216047106685,0.027536979951564025,0.027537037654028117,0.052788772870723706,0.05278877301499031,0.9507735754973499,0.9507735752758978,0.0,0.0,0.24931316672400675,0.24931316695835504,0.02064602326793282,0.020646023236888984,0.24931316672400675,0.24931316695835504,0.0,0.0,0.0,0.0
S2_CONFIRMATORY_CONSTRAINT,LONG_ONLY_CAP50,TT,6,0,6,f8c2ca65ea30d315bc43fc73b5eeb81572a34012cf00a84767b47712ed310b84,4b10a28c2dcf6dec1e5474e3ad807ec5a45b2c178507d66b68e0f3017cddcec7,4b10a28c2dcf6dec1e5474e3ad807ec5a45b2c178507d66b68e0f3017cddcec7,600,True,0.008526234996082079,0.008526225155207115,0.041093742280157164,0.04109374295321789,0.027239052419113455,0.027239117727156332,0.05272981891747076,0.05272981906089305,0.9511123337966885,0.95111232817774,0.0,0.0,0.2486657610512465,0.24866576130079168,0.020644917142398887,0.020644917109614705,0.2486657610512465,0.24866576130079168,0.0,0.0,0.0,0.0
S2_CONFIRMATORY_CONSTRAINT,LONG_ONLY_CAP50,TT,7,0,6,6566dbc98c7b79976b1c930286ad849011de7bf7b518989f9af1e45bc57993f6,227b2080b6eef113bf1a0a7ae200e9a3c3b11c0ea69f942d03eaaa93b4be40f5,227b2080b6eef113bf1a0a7ae200e9a3c3b11c0ea69f942d03eaaa93b4be40f5,600,True,0.008492043092520687,0.008492033295643825,0.04123898737290091,0.04123898593202379,0.027495437484172745,0.02749549523559345,0.05276487113195893,0.052764871275934114,0.9507480415284654,0.950748041303222,0.0,0.0,0.2489667794128055,0.24896677965075958,0.020645105294706614,0.02064510526334747,0.2489667794128055,0.24896677965075958,0.0,0.0,0.0,0.0
S2_CONFIRMATORY_CONSTRAINT,LONG_ONLY_CAP50,TT,8,0,6,1a2918eb0137a01640eb60e189b2a2792e79d2ff6c7ec63e1d17b02b6081b2a0,0f1d061d06f40c6a8f09c278e4bb7511215d7831d093ed4118ffeb690cf8c6f7,0f1d061d06f40c6a8f09c278e4bb7511215d7831d093ed4118ffeb690cf8c6f7,600,True,0.008506296893329426,0.008506287120102799,0.0411743750227588,0.04117437568907448,0.027365619181153496,0.0273656202054457,0.052764319328015834,0.052764319472046996,0.950796280636396,0.9507962804200784,0.0,0.0,0.24912679320314793,0.24912679344210456,0.020645989335717086,0.02064598930401746,0.24912679320314793,0.24912679344210456,0.0,0.0,0.0,0.0
S2_CONFIRMATORY_CONSTRAINT,LONG_ONLY_CAP50,TT,9,0,6,76e94cff89ee96db4c4caf990e79c581a1e4f62775562c6fd9558fb00831a654,af583aed6808aa0816a8081f498a214292e393c09274b47bfc318fa77e4b953f,af583aed6808aa0816a8081f498a214292e393c09274b47bfc318fa77e4b953f,600,True,0.008498463044288841,0.008498453258671556,0.041191624327597466,0.041191624991828,0.027390687354711844,0.02739068836566671,0.05275723609040764,0.05275723623427465,0.9507492127895925,0.9507492125689023,0.0,0.0,0.248892341250023,0.2488923414872841,0.020644821347248345,0.020644821315850496,0.248892341250023,0.2488923414872841,0.0,0.0,0.0,0.0
S2_CONFIRMATORY_CONSTRAINT,LONG_ONLY_CAP50,TT,10,0,6,e0a144c99f577fa4d1010a376323951c8b420b874e7302e14aae4e802041073c,88598d8d4593da2123124194478cae4f4b038b120c2a71ae4cab0f674c9ab55e,88598d8d4593da2123124194478cae4f4b038b120c2a71ae4cab0f674c9ab55e,600,True,0.008504782235643299,0.008504772445140894,0.04117476975606141,0.04117477042179374,0.027310513665310298,0.027310514702417372,0.05275758394346718,0.0527575840873117,0.9507760433281044,0.9507760377622296,0.0,0.0,0.24896604291423763,0.24896604314996415,0.020644567733766987,0.020644567702382405,0.24896604291423763,0.24896604314996415,0.0,0.0,0.0,0.0
S2_CONFIRMATORY_CONSTRAINT,LONG_ONLY_CAP50,TT,11,0,6,1bb8eb16c4e7b1fe2ac26039d54921d22aafe33afaa783bdf22c1bacc4e1ce82,20684bd92fa08701e305011b37fb4c86f01379cb1113dd25257d8b9ec5da22c0,20684bd92fa08701e305011b37fb4c86f01379cb1113dd25257d8b9ec5da22c0,600,True,0.008506712705036997,0.008506702914600374,0.04121184297665497,0.04121184364217423,0.027465812591431292,0.02746581360900671,0.052784905595585074,0.052784905739721076,0.9507892887846637,0.9507892885686987,0.0,0.0,0.24927657493551794,0.24927657517395685,0.020645720736207553,0.02064572070474005,0.24927657493551794,0.24927657517395685,0.0,0.0,0.0,0.0
S2_CONFIRMATORY_CONSTRAINT,LONG_ONLY_CAP50,TT,12,0,6,3aac4d0a1c79ec77494f8e4452756368cc14db49474cb52bba433105a7a7d5d3,afcb18c1058643de4f489ab6c97ab4f78e9fa8b0b2c99d1bbed8a63423ab3029,afcb18c1058643de4f489ab6c97ab4f78e9fa8b0b2c99d1bbed8a63423ab3029,600,True,0.008504857854199886,0.008504848055458378,0.04123905457903157,0.04123905314310951,0.027550861978117132,0.027550919694033456,0.0527930296370758,0.05279302978129191,0.950793642261192,0.9507936420447622,0.0,0.0,0.24938871749185515,0.24938871772839094,0.020646524429883458,0.02064652439859287,0.24938871749185515,0.24938871772839094,0.0,0.0,0.0,0.0
S2_CONFIRMATORY_CONSTRAINT,LONG_ONLY_CAP50,TT,13,0,6,2204f08dfc06c55e6b086ae27ab21753ee4fcf2d8e1d6690479fdf4ac7aa3b71,bc7c37187f10bd0c7442ca43c23772a2c353d9ce4f46c0b87a60779e4b819dd0,bc7c37187f10bd0c7442ca43c23772a2c353d9ce4f46c0b87a60779e4b819dd0,600,True,0.008520810801800453,0.008520800994623831,0.04116280887082144,0.041162809540021716,0.027267707409569814,0.027267772503639397,0.05277677188807611,0.052776772032027554,0.9508077567306507,0.9508077565225206,0.0,0.0,0.24920614578686334,0.2492061460294163,0.020645624632707475,0.020645624600778532,0.24920614578686334,0.2492061460294163,0.0,0.0,0.0,0.0
S2_CONFIRMATORY_CONSTRAINT,LONG_ONLY_CAP50,TT,14,0,6,648316d23134f5aa0043d63317b23936e11232556803d966a42fb381520cc37d,af552fd12b0f620dbcb9689de64e4a81c1ed093fe3a9c4e7ed999d31e4b1d7c6,af552fd12b0f620dbcb9689de64e4a81c1ed093fe3a9c4e7ed999d31e4b1d7c6,600,True,0.008488003719037015,0.008487993930200615,0.041255808603208925,0.041255807161664486,0.02752686203315588,0.027526919762590044,0.05276839576212007,0.05276839590620949,0.9507570201838674,0.9507570199581985,0.0,0.0,0.2491062126677333,0.24910621289934892,0.020646433956594098,0.020646433925616138,0.2491062126677333,0.24910621289934892,0.0,0.0,0.0,0.0
S2_CONFIRMATORY_CONSTRAINT,LONG_ONLY_CAP50,TT,15,0,6,5e801c625fe6d9a61850fa1b47caaa5feff4da3c54e2f2bee3f7a93aeccedc88,26597d35e34435a35a6ddae8c63f3ac40d765b8b722d81d47512cad9705d1074,26597d35e34435a35a6ddae8c63f3ac40d765b8b722d81d47512cad9705d1074,600,True,0.0084802738293652,0.008480264087182079,0.0412577191875448,0.041257717743681664,0.02750203327981388,0.02750209098886627,0.052771869128794474,0.052771869272999025,0.9507328648585223,0.9507328646272086,0.0,0.0,0.24904829355514327,0.24904829378868898,0.02064490687885179,0.020644906848030123,0.24904829355514327,0.24904829378868898,0.0,0.0,0.0,0.0
S2_CONFIRMATORY_CONSTRAINT,LONG_ONLY_CAP50,TT,16,0,6,d52898c1526b4500f86731f1ed967af4df12e21ea105cd2303fe0422cf6ebc16,5df95cddda8360daff7a06178a31e32b0f5150255c1437dcf02654f5e7ab3ca3,5df95cddda8360daff7a06178a31e32b0f5150255c1437dcf02654f5e7ab3ca3,600,True,0.008502989161659674,0.00850297937468647,0.041254945886978166,0.04125494445021151,0.027555415442985468,0.027555473144171713,0.052802895213925546,0.05280289535827603,0.9507966408558214,0.9507966406373675,0.0,0.0,0.24947219776735186,0.24947219800593695,0.02064566300153306,0.020645662970175244,0.24947219776735186,0.24947219800593695,0.0,0.0,0.0,0.0
S2_CONFIRMATORY_CONSTRAINT,LONG_ONLY_CAP50,TT,17,0,6,a64b9560e1f5829e7b2e964c33627b4454795cb349dd7e915c83e5bd92625bc1,809b8ba685ca53362ca8dd9c68de78c12d64fc74babb50b61b356c51be1f89b2,809b8ba685ca53362ca8dd9c68de78c12d64fc74babb50b61b356c51be1f89b2,600,True,0.00851832432641181,0.008518314519360679,0.04119259753362046,0.041192598202012244,0.02737266511061837,0.027372666163890093,0.052790062439323694,0.05279006258344452,0.9508185808602139,0.9508185806513982,0.0,0.0,0.24940229314391743,0.24940229338356004,0.020646267665774258,0.02064626763408669,0.24940229314391743,0.24940229338356004,0.0,0.0,0.0,0.0
S2_CONFIRMATORY_CONSTRAINT,LONG_ONLY_CAP50,TT,18,0,6,95230c73b6d57b0f6bd6551c722fa17059957780f4949138c7e1347d2a912ab1,9424f8c827aeca7cfcf1ca39f2ad649745ce7c839a8bd832aeee71d084319324,9424f8c827aeca7cfcf1ca39f2ad649745ce7c839a8bd832aeee71d084319324,600,True,0.008497309739521387,0.008497299959700269,0.04124467774837626,0.04124467631013195,0.027535625512403454,0.02753568322420821,0.05278778213892719,0.05278778228315869,0.9507762991680156,0.9507762989468987,0.0,0.0,0.24929421652170267,0.24929421675757718,0.02064581781251884,0.020645817781331118,0.24929421652170267,0.24929421675757718,0.0,0.0,0.0,0.0
S2_CONFIRMATORY_CONSTRAINT,LONG_ONLY_CAP50,TT,19,0,6,9752d16be17cd675875c30146071baa1aea462ec5b88d2f751092f89cd6ec312,bcbbe30a349aba1627eeac6c2c574b3fa018202ac5ad01c8706a10b593834c12,bcbbe30a349aba1627eeac6c2c574b3fa018202ac5ad01c8706a10b593834c12,600,True,0.008547889046873279,0.008547879198219348,0.04110708408147231,0.041107084758203266,0.02726626493827783,0.02726633000419546,0.05278164132208963,0.052781641465970176,0.9509991445221845,0.9509991388996151,0.0,0.0,0.2493819030012909,0.24938190325327944,0.02064639076663829,0.0206463907336206,0.2493819030012909,0.24938190325327944,0.0,0.0,0.0,0.0
S2_CONFIRMATORY_CONSTRAINT,LONG_ONLY_CAP50,TT,20,0,6,e6bf1f79ea5a53756827d5dec156ef9f51141298d4a23cac0065e6bea9e43391,d34ffca706f7e651f88c8b83f5b7ee111f346b728198fb90a82392b81b24571e,d34ffca706f7e651f88c8b83f5b7ee111f346b728198fb90a82392b81b24571e,600,True,0.008501120344907612,0.008501110559439772,0.041209526271922786,0.04120952693647777,0.02749561681971477,0.027495617812276493,0.05277160449858119,0.052771604642622975,0.9507729611931298,0.9507729609724184,0.0,0.0,0.24907273604856922,0.24907273629063892,0.020645354649315963,0.02064535461761752,0.24907273604856922,0.24907273629063892,0.0,0.0,0.0,0.0
S2_CONFIRMATORY_CONSTRAINT,LONG_ONLY_CAP50,TT,21,0,6,fa8c058d8c08746c626f8b9f2a591f05388ef4428892a85bc558d9d6f487a674,d60e2aa47e50e6537035965ba063873ec8958d5c5a06a028843684e38e7f1aea,d60e2aa47e50e6537035965ba063873ec8958d5c5a06a028843684e38e7f1aea,600,True,0.008510045077218992,0.008510035270514188,0.04121029891672973,0.0412102995838005,0.027515713233536198,0.027515714239438722,0.05278320710408119,0.052783207248200806,0.9508076701588165,0.9508076699448946,0.0,0.0,0.2493228620973077,0.2493228623361717,0.020646655878343124,0.020646655846692594,0.2493228620973077,0.2493228623361717,0.0,0.0,0.0,0.0
S2_CONFIRMATORY_CONSTRAINT,LONG_ONLY_CAP50,TT,22,0,6,3a5a1a68e6f567a236e525709132f109dfa55622a93feabe83088e34d2f7e03e,b003bfa64a36c7d0a3064df092f64228900359c3b35d098987b4cf1ff533bb96,b003bfa64a36c7d0a3064df092f64228900359c3b35d098987b4cf1ff533bb96,600,True,0.008517305779949925,0.008517295959240563,0.041204498484677325,0.04120449915350614,0.027485010649562207,0.02748501167361027,0.05278982472009981,0.05278982486423521,0.9508267799422925,0.9508267797325405,0.0,0.0,0.249427247031838,0.24942724727201307,0.0206466591940466,0.020646659162226147,0.249427247031838,0.24942724727201307,0.0,0.0,0.0,0.0
S2_CONFIRMATORY_CONSTRAINT,LONG_ONLY_CAP50,TT,23,0,6,5b22eec30ef475775797eb3775e332b15dd95ad0ff9c83518fb0330aa5a00b29,efb54e0e5deb58d61d973c7525dcc02958b13ca628a0c2568829c1c78309dcc0,efb54e0e5deb58d61d973c7525dcc02958b13ca628a0c2568829c1c78309dcc0,600,True,0.008518750777226499,0.008518740958083339,0.041173427202822216,0.04117342787218529,0.02731554761742935,0.027315548673026154,0.052774310518888964,0.05277431066282333,0.9508081641876281,0.9508081639783263,0.0,0.0,0.2491921394665574,0.24919213970855894,0.020646298162009455,0.020646298130058117,0.2491921394665574,0.24919213970855894,0.0,0.0,0.0,0.0
S2_CONFIRMATORY_CONSTRAINT,LONG_ONLY_CAP50,TT,24,0,6,8f9a2956d2431a04a74f6c4945badf3d928b1bd90c843c674ac201058726de9d,07e296351a14296ee8b443a048b1f7600ec5624165f12666db2500b3648efd56,07e296351a14296ee8b443a048b1f7600ec5624165f12666db2500b3648efd56,600,True,0.008503716752572549,0.008503706932540425,0.04121614950873501,0.041216148071549094,0.027519141633003383,0.02751919940091094,0.05276675889777628,0.05276675904173888,0.9507885822210492,0.9507885820025799,0.0,0.0,0.24909726406643676,0.2490972643064564,0.020645535242126666,0.020645535210334794,0.24909726406643676,0.2490972643064564,0.0,0.0,0.0,0.0
S2_CONFIRMATORY_CONSTRAINT,LONG_ONLY_CAP50,TT,25,0,6,4e6692cac162ed0407e5b38e5a0319ab40ecb9ece233e8fa2c596352bdb38909,404452e274e752916be64c0c3ed14900eb430c65b18117f03b4b407bd0aaee7c,404452e274e752916be64c0c3ed14900eb430c65b18117f03b4b407bd0aaee7c,600,True,0.008496119444321831,0.008496109639833459,0.041227136162431906,0.041227134722684314,0.027494019616768613,0.027494077379443167,0.05276321867482552,0.052763218818748986,0.9507546171435403,0.9507546169205604,0.0,0.0,0.24895527219665226,0.24895527243602567,0.02064535775456797,0.02064535772306225,0.24895527219665226,0.24895527243602567,0.0,0.0,0.0,0.0
S2_CONFIRMATORY_CONSTRAINT,LONG_ONLY_CAP50,TT,26,0,6,756bb8358df58abaa3474ff1cee424d0615f6e0e8bc22cdf8c8462a5a97a2c08,ebe3d4e38dae17256d328eb64c0d62e2f06b2f556ad176e3dc76ae5d9a5b2bb3,ebe3d4e38dae17256d328eb64c0d62e2f06b2f556ad176e3dc76ae5d9a5b2bb3,600,True,0.008545506013773647,0.00854549615091618,0.04113496090752415,0.041134961583642764,0.02727115618561316,0.027271221198657897,0.05278795922556963,0.052787959369487256,0.9509077721955213,0.9509077665841712,0.0,0.0,0.24943060240467801,0.24943060265657258,0.020646818204234238,0.02064681817130748,0.24943060240467801,0.24943060265657258,0.0,0.0,0.0,0.0
S2_CONFIRMATORY_CONSTRAINT,LONG_ONLY_CAP50,TT,27,0,6,fc535c6bf532cbc2aca51a9789638f9a055e6757954fe5bb98d1a5c04f717d3e,82c4d2c32b4cdd7ca1a5fefce0ec9c9094ff26a2b6ebf6dac06b8a6c80c45c73,82c4d2c32b4cdd7ca1a5fefce0ec9c9094ff26a2b6ebf6dac06b8a6c80c45c73,600,True,0.008501162791896976,0.00850115300044209,0.041203483119955114,0.04120348378515514,0.02747966511886518,0.02747966611992978,0.05276775359785709,0.052767753741866416,0.9507773255975663,0.9507773253801532,0.0,0.0,0.24914545227682416,0.24914545250911876,0.0206461628586116,0.02064616282745433,0.24914545227682416,0.24914545250911876,0.0,0.0,0.0,0.0
S2_CONFIRMATORY_CONSTRAINT,LONG_ONLY_CAP50,TT,28,0,6,32e14c4cd28cde4ac4d52f8ea4996d2f3d11f6b0cdd4001d06d9490bad4b5fc2,eaa55d62fd337e18ee5f8c24f56eadd2f28cba09cc56573f4911ecb38b007cca,eaa55d62fd337e18ee5f8c24f56eadd2f28cba09cc56573f4911ecb38b007cca,600,True,0.008510526791147074,0.008510516987720122,0.0411974927215253,0.04119749338862791,0.02745277860585589,0.02745277962052978,0.052776521243207086,0.05277652138724954,0.9508009722132498,0.9508009719985774,0.0,0.0,0.24920771973161157,0.24920771997366037,0.020645893274484822,0.02064589324263712,0.24920771973161157,0.24920771997366037,0.0,0.0,0.0,0.0
S2_CONFIRMATORY_CONSTRAINT,LONG_ONLY_CAP50,TT,29,0,6,b9121c466ee6e47bfc4d23f6285f45a7a5bf07270c87877473f7ff0d39185a6c,a14772b0e7cca953ea1b0ee2f7a5002f71f7b6817f1995afedc6ba066ae3631d,a14772b0e7cca953ea1b0ee2f7a5002f71f7b6817f1995afedc6ba066ae3631d,600,True,0.008497488492991924,0.008497478713702256,0.04123306804369691,0.04123306660495614,0.02752507443979999,0.02752513217085223,0.05277930597785688,0.052779306122019934,0.9507771297647812,0.9507771295430998,0.0,0.0,0.24920517545445298,0.2492051756925169,0.020645689841946074,0.020645689810563164,0.24920517545445298,0.2492051756925169,0.0,0.0,0.0,0.0
S2_CONFIRMATORY_CONSTRAINT,LONG_ONLY_CAP50,TT,30,0,6,c4b6bd83bb5603ec8c6948e9206f89ec9f9b1cd4c2eac2efa52613e13174a9a2,4dcd8883e173bf0841dff4543adada4e4293a834799568010672dcd8b890bef5,4dcd8883e173bf0841dff4543adada4e4293a834799568010672dcd8b890bef5,600,True,0.008493816180371656,0.008493806426106107,0.04129854364476402,0.0412985422056821,0.027585796224683472,0.02758585387195355,0.052821846056624,0.052821846201271415,0.9507930514167191,0.9507930511940184,0.0,0.0,0.24970160120593451,0.24970160143931677,0.020645986399693686,0.020645986368907823,0.24970160120593451,0.24970160143931677,0.0,0.0,0.0,0.0
S2_CONFIRMATORY_CONSTRAINT,LONG_ONLY_CAP50,TT,31,0,6,5878ddbb106c6c0cea90f76aa084b3edc72bd340d44f8a0e8622b2e030bf59b2,156fc507d5e0b54b2c6d7876d1e5ac5c2c945070f6a9db1b317c542431bbc514,156fc507d5e0b54b2c6d7876d1e5ac5c2c945070f6a9db1b317c542431bbc514,600,True,0.008504084137076253,0.008504074327073573,0.041184057779040585,0.04118405844570234,0.027449300516656953,0.02744930150895152,0.05275210745152952,0.052752107595341435,0.9507742380533829,0.9507742378340911,0.0,0.0,0.24887735334328256,0.24887735358675148,0.02064510340189813,0.020645103369871385,0.24887735334328256,0.24887735358675148,0.0,0.0,0.0,0.0
S2_CONFIRMATORY_CONSTRAINT,LONG_ONLY_CAP50,TT,32,0,6,b8fbdf65d6774114371f0770e88625d9b7ece44a01498f527222c9618f0d89bd,5a4de3e7d1a08e76a219b4f1cf061fd2081b25f78f6bbf8148d2f942750f88c8,5a4de3e7d1a08e76a219b4f1cf061fd2081b25f78f6bbf8148d2f942750f88c8,600,True,0.008490499854309115,0.008490490078193776,0.04127144176121147,0.04127144032087046,0.027541683824071853,0.02754174151812428,0.052790130820042656,0.05279013096430447,0.950758721671122,0.9507587214473381,0.0,0.0,0.24929968346143414,0.2492996836928302,0.020646408965328857,0.020646408934576428,0.24929968346143414,0.2492996836928302,0.0,0.0,0.0,0.0
S2_CONFIRMATORY_CONSTRAINT,LONG_ONLY_CAP50,TT,33,0,6,98dfa29eb033cf52f5b5ae3ea0938dfa9ff79486c8fc98a6ac1432eb152bf069,afaaa9396c925e763b671884d8b454b04284adc1be40e3b6252ee42e624a8a8c,afaaa9396c925e763b671884d8b454b04284adc1be40e3b6252ee42e624a8a8c,600,True,0.008499016435715103,0.008499006655448843,0.041241006283976624,0.04124100484663693,0.02754629671381156,0.02754635442061401,0.052789509328098574,0.05278950947235179,0.9507843071662485,0.9507843069467846,0.0,0.0,0.24935305426735127,0.24935305450162967,0.02064621141182591,0.020646211380700528,0.24935305426735127,0.24935305450162967,0.0,0.0,0.0,0.0
S2_CONFIRMATORY_CONSTRAINT,LONG_ONLY_CAP50,TT,34,0,6,4a8de310ddbd6cf007f7572caeab1ce361973c870b3b0a2943fad781b3dc0e78,e8775087d1b497b1a81b7fbe5899ac9c5cd601666de1e64b2258cd4345fcd796,e8775087d1b497b1a81b7fbe5899ac9c5cd601666de1e64b2258cd4345fcd796,600,True,0.008482853643989567,0.008482843894055358,0.04124926782951242,0.04124926638622942,0.02749438762999308,0.027494445350014343,0.05276919083853919,0.05276919098266715,0.9507306013103495,0.9507306010805479,0.0,0.0,0.2489958120726032,0.2489958123072445,0.02064504028624705,0.02064504025534417,0.2489958120726032,0.2489958123072445,0.0,0.0,0.0,0.0
S2_CONFIRMATORY_CONSTRAINT,LONG_ONLY_CAP50,TT,35,0,6,44ef8c968ea28c16821f5a9f2ff2384b9f541ff31845ff113dc334b9ecc6d78e,0013ffbbc7c1450bee4ab4fdc10d669737ca90b426bfd9ff41763490694a6cca,0013ffbbc7c1450bee4ab4fdc10d669737ca90b426bfd9ff41763490694a6cca,600,True,0.00851140179806277,0.008511391993288365,0.04118420427993729,0.04118420494748661,0.027383320554227306,0.027383321583353694,0.052770026719336526,0.052770026863293726,0.9507952371686358,0.9507952369550257,0.0,0.0,0.2491291976447558,0.2491291978858344,0.020646273994370537,0.020646273962542337,0.2491291976447558,0.2491291978858344,0.0,0.0,0.0,0.0
S2_CONFIRMATORY_CONSTRAINT,LONG_ONLY_CAP50,TT,36,0,6,216227f8cafc54c7ab14e074614179f86247212c9f82dd2ff56b4c3c6be61d82,cafde52f7c92c935fe594f01c4d5ca798b3ebb3da10591645730581d2e8bab36,cafde52f7c92c935fe594f01c4d5ca798b3ebb3da10591645730581d2e8bab36,600,True,0.008492510547646331,0.008492500768278722,0.041212002481879985,0.041212001042238364,0.027493806685334028,0.02749386443117004,0.05275857300529915,0.05275857314925101,0.9507490811307033,0.950749080906962,0.0,0.0,0.24894805161859687,0.24894805185315796,0.020644882330103143,0.020644882298918203,0.24894805161859687,0.24894805185315796,0.0,0.0,0.0,0.0
S2_CONFIRMATORY_CONSTRAINT,LONG_ONLY_CAP50,TT,37,0,6,eb97cce66800d0c38dd6f5f9aeb00698a414b2979f50941f5aba5f0aec71b18d,964d12c06fa203885cf1079db81acf0e0408b668bcf64c7c40266545aebbf0a5,964d12c06fa203885cf1079db81acf0e0408b668bcf64c7c40266545aebbf0a5,600,True,0.008498558293880099,0.008498548500481101,0.04125673862558429,0.04125673718823409,0.027559213124476737,0.027559270823383056,0.05279330334506203,0.05279330348932578,0.9507846606436042,0.950784660424746,0.0,0.0,0.24940746166213043,0.24940746189383697,0.020646814041769854,0.0206468140108008,0.24940746166213043,0.24940746189383697,0.0,0.0,0.0,0.0
S2_CONFIRMATORY_CONSTRAINT,LONG_ONLY_CAP50,TT,38,0,6,44faa1a6a4aaddba82a7a09f53650fdaf7e8c3891005b2a2b8fd7e3ece97fbf8,d680c4aa1d98fe009c0fce98e5611e5f01c1bb3fed612e90bd3ce2f348757dd1,d680c4aa1d98fe009c0fce98e5611e5f01c1bb3fed612e90bd3ce2f348757dd1,600,True,0.008526364353469613,0.008526354527692898,0.04116217653270946,0.04116217720358506,0.027273945535068386,0.02727401061850463,0.05278088160795481,0.052780881751897976,0.9508231477417607,0.9508231475373206,0.0,0.0,0.24928766119084816,0.2492876614333053,0.02064656598379879,0.020646565951785396,0.24928766119084816,0.2492876614333053,0.0,0.0,0.0,0.0
S2_CONFIRMATORY_CONSTRAINT,LONG_ONLY_CAP50,TT,39,0,6,265528718b19a1ad200c58b2761d174951acc0854f81182f199bdd4192100ec8,497172c58d4baad54aae2e4c9246cfa4a00e3fbf111fc433775c462784573540,497172c58d4baad54aae2e4c9246cfa4a00e3fbf111fc433775c462784573540,600,True,0.008523172938606507,0.008523163140233351,0.04119149176823387,0.04119149243739633,0.027362517379752923,0.02736251844334347,0.052801736537628395,0.05280173668189079,0.9508402471545605,0.9508402469470567,0.0,0.0,0.24953762124361023,0.24953762148849176,0.020646855569479556,0.020646855537417068,0.24953762124361023,0.24953762148849176,0.0,0.0,0.0,0.0
S1_PRIMARY,LONG_ONLY_FULL,TT,0,0,7,0ad1ff00de5f12745943c90e185267f72edfbd2f1d5bc62d91f163288d6563eb,b4a9b6dd6bf3ec7847150a787322438876a4f988912a1ce473e12280141b10bd,b4a9b6dd6bf3ec7847150a787322438876a4f988912a1ce473e12280141b10bd,600,True,0.01489896970175614,0.01489895966552251,0.08944931497552958,0.0894493351898467,0.06543783580223085,0.06543780931358155,0.10847052880026281,0.10847047568549538,0.9028320300614814,0.9028319902290298,0.0,0.0,0.5005948667736548,0.5005948678370483,0.08280086562821627,0.08280086528049897,0.5005948667736548,0.5005948678370483,0.0,0.0,0.0,0.0
S1_PRIMARY,LONG_ONLY_FULL,TT,1,0,7,b3d6007b8d36af400863df4d8069756070c6065a21ba643c16e4d266602f3058,fae2bd115994bc936b0602350ec69d45627a8c25a4070488d9607781268a31f7,fae2bd115994bc936b0602350ec69d45627a8c25a4070488d9607781268a31f7,600,True,0.015037997053213846,0.015037987160397689,0.08922946540155796,0.08922948524632811,0.06452688527986146,0.06452688474525463,0.1084643770356784,0.10846432381531729,0.9029715422054426,0.9029715026159705,0.0,0.0,0.5003896625760033,0.5003896636040372,0.08280635720274121,0.08280635684252724,0.5003896625760033,0.5003896636040372,0.0,0.0,0.0,0.0
S1_PRIMARY,LONG_ONLY_FULL,TT,2,0,7,aa9821e7538e18491c151b8f06dfcead4b8fbaba9ac66d6259597de026ac2954,5e7ade778c7b51f2a094f638fac4c45b5561419d63b304281f07d5f98638a53a,5e7ade778c7b51f2a094f638fac4c45b5561419d63b304281f07d5f98638a53a,600,True,0.014924631623251219,0.014924621574008453,0.08934610953849118,0.08934612976110996,0.065154253810722,0.06515422732908906,0.10841667493756278,0.10841662180284341,0.9028961699797854,0.9028961300666853,0.0,0.0,0.4995574265718184,0.49955742773758205,0.08279659522450582,0.08279659487108636,0.4995574265718184,0.49955742773758205,0.0,0.0,0.0,0.0
S1_PRIMARY,LONG_ONLY_FULL,TT,3,0,7,9cddee0f94ecc5eee6d360f0f94f69c37a45b94fa14c27ef4eb5e2439cdb3358,f39516097ab159d39069607ace5a0d1758dffe7ea996800fc570bcabe7c61b9c,f39516097ab159d39069607ace5a0d1758dffe7ea996800fc570bcabe7c61b9c,600,True,0.014996242017785868,0.014996232067882016,0.08922418712786057,0.08922420712068098,0.06450015308936212,0.0645001268799279,0.1083680026937514,0.10836794952048909,0.9030167778073934,0.9030167380952738,0.0,0.0,0.4996521420263996,0.4996521431243507,0.08280757286160646,0.08280757250285259,0.4996521420263996,0.4996521431243507,0.0,0.0,0.0,0.0
S1_PRIMARY,LONG_ONLY_FULL,TT,4,0,7,45e4bdf966fd665589156e7bddc29b8db43a0112b0a6342b37be9ee8203125ef,da186474b339dd73081ba1893e1a3a5ff57ba6dee2098220e31ce96562449941,da186474b339dd73081ba1893e1a3a5ff57ba6dee2098220e31ce96562449941,600,True,0.014931121189489437,0.014931111123820801,0.08939601814380795,0.08939603723858587,0.06560092548013276,0.06560092201509247,0.10846952920050651,0.10846947606312234,0.9028148564915719,0.9028148167363493,0.0,0.0,0.5003259339617757,0.5003259351699803,0.08279388559834344,0.08279388523247559,0.5003259339617757,0.5003259351699803,0.0,0.0,0.0,0.0
S1_PRIMARY,LONG_ONLY_FULL,TT,5,0,7,22a3b836afbffcfee4b61e84361f542795eb9f40131f5c3b84fbea04e630c30b,9e88ab1c20d5c9ae34fbcd70e49299f2d3c5c4b6ac80e847032c6eeeb59c7e13,9e88ab1c20d5c9ae34fbcd70e49299f2d3c5c4b6ac80e847032c6eeeb59c7e13,600,True,0.014889083670254166,0.014889073625400139,0.08941624186491595,0.0894162620372845,0.06540925669088675,0.06540923020512834,0.10842153852812733,0.10842148542567544,0.9028865598456013,0.9028865200383687,0.0,0.0,0.5000215726310797,0.5000215737018071,0.08280028027580558,0.08280027993028033,0.5000215726310797,0.5000215737018071,0.0,0.0,0.0,0.0
S1_PRIMARY,LONG_ONLY_FULL,TT,6,0,7,97880e8cad0b04f484804c84ea78868282bf436b9d241069e437d6409fc331ac,b9a359d69c2bd0b4830922d5b282d3e2009e4d5a854dc3e2e1280aeee4422e65,b9a359d69c2bd0b4830922d5b282d3e2009e4d5a854dc3e2e1280aeee4422e65,600,True,0.014990701980066475,0.014990692044451397,0.0890279676697194,0.08902798741269692,0.06422395577724208,0.06422395572932843,0.10813131731171172,0.10813126417994409,0.9033080968958269,0.9033080573785812,0.0,0.0,0.49749051066674477,0.4974905117599223,0.08279564843254462,0.08279564808033968,0.49749051066674477,0.4974905117599223,0.0,0.0,0.0,0.0
S1_PRIMARY,LONG_ONLY_FULL,TT,7,0,7,3856d94e9106f20120adc545e35f2156fc8b2347509e2de78a347775f0831968,27817ef92ac783035acc92fc1f77284748435ca83f7a7f6980325d866fedf0d3,27817ef92ac783035acc92fc1f77284748435ca83f7a7f6980325d866fedf0d3,600,True,0.014885728347954158,0.014885718292903206,0.0893087418410621,0.0893087617598049,0.06530324235905266,0.06530321591763474,0.10829663622532519,0.10829658313969114,0.9030344021162978,0.9030343624664658,0.0,0.0,0.4986108044912455,0.49861080559170357,0.08280009784210696,0.08280009749726588,0.4986108044912455,0.49861080559170357,0.0,0.0,0.0,0.0
S1_PRIMARY,LONG_ONLY_FULL,TT,8,0,7,d6322b47f4243479a26fe7b990f610b7286df4d50d9a12ff3c33a17f8f23f189,de6031fe522a3f4a5a489811ae025dd19e45547bd45c2c3c729e9619441ea9cd,de6031fe522a3f4a5a489811ae025dd19e45547bd45c2c3c729e9619441ea9cd,600,True,0.014968113066694686,0.014968103111381715,0.08919124290284434,0.08919126295030969,0.06458162807266549,0.06458160181127692,0.10824021803677214,0.10824016491769232,0.9031246629805513,0.9031246232791471,0.0,0.0,0.49938440837208986,0.49938440945553775,0.08280683572910633,0.08280683537338812,0.49938440837208986,0.49938440945553775,0.0,0.0,0.0,0.0
S1_PRIMARY,LONG_ONLY_FULL,TT,9,0,7,6ec884b1dfca21bee854c951cc44e21428ef88a5c600e90f1e6f581c6f2ff601,09acd006afd8f91af9e71f9cd90c2f8cafde17a8a6155427432f2cf3db9c9a7b,09acd006afd8f91af9e71f9cd90c2f8cafde17a8a6155427432f2cf3db9c9a7b,600,True,0.014882523670944323,0.014882513646989845,0.08927971888347551,0.08927973886007011,0.06505413651370362,0.06505411016043938,0.10825314056900852,0.10825308749607578,0.9031058645418755,0.9031058249010415,0.0,0.0,0.49834007739236896,0.4983400784270239,0.08279839281217549,0.08279839247428376,0.49834007739236896,0.4983400784270239,0.0,0.0,0.0,0.0
S1_PRIMARY,LONG_ONLY_FULL,TT,10,0,7,d8520d6f1fb6e511142d03e0d684844cca92e471b097db39072ebf2e1543cc3d,a400ca2d47ce8cba2319d27fbce9c9276d7212d3196ae11d87ecc6e2982cf95e,a400ca2d47ce8cba2319d27fbce9c9276d7212d3196ae11d87ecc6e2982cf95e,600,True,0.014907965548721182,0.014907955561310944,0.0892542611373222,0.08925428113075587,0.06479759401854958,0.06479756775628769,0.10825252254968544,0.10825246946510268,0.9031278309244942,0.9031277912987391,0.0,0.0,0.4986347924531988,0.4986347934567012,0.08279274084720861,0.08279274050818884,0.4986347924531988,0.4986347934567012,0.0,0.0,0.0,0.0
S1_PRIMARY,LONG_ONLY_FULL,TT,11,0,7,b27b28e1323053e3fdd83e6fb1e1dcbc2b9101521bede40e5375df4b8f715cc0,660866c30cc12ae700b453cba036e32aa4e9edc96a33c0ead37fb681695d91bf,660866c30cc12ae700b453cba036e32aa4e9edc96a33c0ead37fb681695d91bf,600,True,0.014939613300931623,0.014939603303894912,0.08933650941233875,0.0893365295099611,0.06487639891026917,0.06487637259960587,0.10842178946936268,0.1084217363234546,0.902935819419553,0.9029357796569619,0.0,0.0,0.49983162092121153,0.4998316219799587,0.08280468827936723,0.08280468793177237,0.49983162092121153,0.4998316219799587,0.0,0.0,0.0,0.0
S1_PRIMARY,LONG_ONLY_FULL,TT,12,0,7,facdb9827fe812da9c9bb34a4b0298245e1ee3ba72f33735397c5110cb18d324,c0887ec76f0d308c5cbc20c3d64885f1a758e3ca7fec6415e73f8cd5db21a980,c0887ec76f0d308c5cbc20c3d64885f1a758e3ca7fec6415e73f8cd5db21a980,600,True,0.014964185970962381,0.014964175990290386,0.0893423481003989,0.08934236814510138,0.06487152696585398,0.06487150066979028,0.10846674732482633,0.10846669415385829,0.9028928830682346,0.902892843324151,0.0,0.0,0.500229701440211,0.5002297025118018,0.08281235439149433,0.08281235403763988,0.500229701440211,0.5002297025118018,0.0,0.0,0.0,0.0
S1_PRIMARY,LONG_ONLY_FULL,TT,13,0,7,d8cb7781d6a82c96f1acacf9d58a820c6bb99c42585bccdaabdefe52349363bd,ffddf1bf90063409ec7b076f062094384ea33a1a856801b0ad8a386c87945a7e,ffddf1bf90063409ec7b076f062094384ea33a1a856801b0ad8a386c87945a7e,600,True,0.014945087647362746,0.014945077652656246,0.08931422495872209,0.08931424498010286,0.06487857066418508,0.0648785443649478,0.10841442195732146,0.10841436880961648,0.9029523620440879,0.9029523223216631,0.0,0.0,0.4996062178743663,0.49960621894651014,0.08279776455959773,0.08279776420974759,0.4996062178743663,0.49960621894651014,0.0,0.0,0.0,0.0
S1_PRIMARY,LONG_ONLY_FULL,TT,14,0,7,41e4116789380c024734ab58deec0848cc1675215d3b85821ed1efb86e0006ca,ed07f01a71971da99eb6b6312e6c5a71b9e2b7cca5fd792d4d940e4a8cccb16e,ed07f01a71971da99eb6b6312e6c5a71b9e2b7cca5fd792d4d940e4a8cccb16e,600,True,0.014880101898551483,0.01488009186558705,0.08934118403026595,0.08934120306779782,0.06530059859997443,0.06530059514578727,0.10827440925882278,0.10827435619762764,0.9030462514190973,0.9030462118490823,0.0,0.0,0.4992209955606488,0.49922099660711955,0.0828015216527096,0.08280152130697319,0.4992209955606488,0.49922099660711955,0.0,0.0,0.0,0.0
S1_PRIMARY,LONG_ONLY_FULL,TT,15,0,7,69824712dfe453549c0869ec617c40d6d28f5f0644418ce0bc3900516e0dc9b3,f5032fc596d7f454059644408dfaf52c6e6949f3701530888e16d8664fc9804f,f5032fc596d7f454059644408dfaf52c6e6949f3701530888e16d8664fc9804f,600,True,0.014861080399169821,0.01486107033087006,0.0893608372060575,0.08936085739658983,0.06540040947101548,0.06540038294732178,0.10829383601434857,0.1082937829550457,0.9030061855364997,0.9030061457327944,0.0,0.0,0.49900651507924726,0.4990065161625975,0.08279578237616207,0.08279578203573587,0.49900651507924726,0.4990065161625975,0.0,0.0,0.0,0.0
S1_PRIMARY,LONG_ONLY_FULL,TT,16,0,7,e126bef6226c310bf916f77410efd948f74c3ec63781a25a9d8d48edd93dce67,e209f67008f2a88920aaa162b7ad15f8c9741d8e7e86c9e93e74decc2ac867fc,e209f67008f2a88920aaa162b7ad15f8c9741d8e7e86c9e93e74decc2ac867fc,600,True,0.014930207293438394,0.01493019725462706,0.08944093079772383,0.08944095096601624,0.06537840865887684,0.06537838217642966,0.10854405492896219,0.10854400177134292,0.9027647176019217,0.9027646777331215,0.0,0.0,0.5006747874935087,0.500674788620874,0.08280036682987825,0.08280036647420014,0.5006747874935087,0.500674788620874,0.0,0.0,0.0,0.0
S1_PRIMARY,LONG_ONLY_FULL,TT,17,0,7,db8aa973307b83edceceb097da744ffba780b93c53774a05ccae695ef8c206f6,84152564aecc0312b0f8e2d80a63fd9167ca1816e5345f672a5a242fdfb951e6,84152564aecc0312b0f8e2d80a63fd9167ca1816e5345f672a5a242fdfb951e6,600,True,0.014997817621578523,0.014997807683214862,0.0893017018534558,0.08930172181483562,0.06456519326344921,0.0645651671042823,0.10848343593109415,0.10848338273713591,0.9029162179418158,0.902916178270168,0.0,0.0,0.5004017107182294,0.5004017117582322,0.0827999323906055,0.08279993203468972,0.5004017107182294,0.5004017117582322,0.0,0.0,0.0,0.0
S1_PRIMARY,LONG_ONLY_FULL,TT,18,0,7,29437827b9ad7b900fdd7ffe8170f55c9443370830630814ef278674f848cf3e,aac9fa7bcc86b3105900abf495b1b78f58e892a32fecc4eaca68b59ecba36bdd,aac9fa7bcc86b3105900abf495b1b78f58e892a32fecc4eaca68b59ecba36bdd,600,True,0.014878238020331903,0.014878227965189662,0.08943177194806556,0.08943179204378343,0.06556923990854475,0.06556921339477877,0.10842164914947831,0.1084215960548985,0.9028797043131845,0.9028796645571445,0.0,0.0,0.49998138199747993,0.49998138306760875,0.08280295358126187,0.08280295323566741,0.49998138199747993,0.49998138306760875,0.0,0.0,0.0,0.0
S1_PRIMARY,LONG_ONLY_FULL,TT,19,0,7,f42e6192b68fc5bcbfcdbb53b85f4e0e773d67b6dc0e851ebe63257c6df73c58,21d4f7407f31fc040325ef935fb9509e5240c34f83f9f76dda66ee46e59ae725,21d4f7407f31fc040325ef935fb9509e5240c34f83f9f76dda66ee46e59ae725,600,True,0.015096544890030143,0.015096535022365114,0.0891379026173899,0.0891379223380038,0.06445999832665746,0.06445999778469239,0.10845864990730393,0.10845859664167623,0.9029929525473878,0.9029929129796078,0.0,0.0,0.5003306923343859,0.5003306934430652,0.08281490180961881,0.08281490143513552,0.5003306923343859,0.5003306934430652,0.0,0.0,0.0,0.0
S1_PRIMARY,LONG_ONLY_FULL,TT,20,0,7,2f1976ffb96fd52978724777929202e84184895991edee28ec6fb42099dcc924,87d37eff23d412712746e190f6c133f8ce8bb46734bd140152d6444715b1e558,87d37eff23d412712746e190f6c133f8ce8bb46734bd140152d6444715b1e558,600,True,0.014939485441390066,0.014939475416308306,0.08927425107907427,0.0892742710805431,0.06501095264779752,0.0650109262570661,0.10835762963898941,0.10835757650431214,0.9029871788178413,0.9029871390645556,0.0,0.0,0.4990529913964766,0.4990529925491721,0.08279476366736963,0.08279476331229228,0.4990529913964766,0.4990529925491721,0.0,0.0,0.0,0.0
S1_PRIMARY,LONG_ONLY_FULL,TT,21,0,7,19e4bc65d4ea60011183783c8397b390b77210b349c3d65d90ad0f9fe5c1b9ef,48b873dcd082d91a61ce48a5a80a1ad73db268d8ea22ffc0e2bdd7369e84aead,48b873dcd082d91a61ce48a5a80a1ad73db268d8ea22ffc0e2bdd7369e84aead,600,True,0.01498524389907389,0.014985233947060476,0.08927151925984524,0.08927153924456037,0.06466804383994947,0.06466801760508761,0.1083984843327971,0.10839843116401791,0.9029757221504648,0.9029756824611442,0.0,0.0,0.5001211149359517,0.5001211160083743,0.08281351116134086,0.08281351080362508,0.5001211149359517,0.5001211160083743,0.0,0.0,0.0,0.0
S1_PRIMARY,LONG_ONLY_FULL,TT,22,0,7,3e6b77ac2b409839fdb23dd6de74316fabea70b0f46d304059c2305c7883560e,656f406d9f7a772e05dc26e7a88b6b7226d9cffd15716463cf6ab873a4042d93,656f406d9f7a772e05dc26e7a88b6b7226d9cffd15716463cf6ab873a4042d93,600,True,0.01499300892120642,0.014992998973106667,0.08930427783710879,0.08930429766473162,0.06484351316123768,0.06484348692969429,0.10845106210432078,0.10845100892235128,0.9029247532097339,0.9029247136257575,0.0,0.0,0.5005533105297162,0.5005533115937526,0.08281487083319296,0.08281487047156712,0.5005533105297162,0.5005533115937526,0.0,0.0,0.0,0.0
S1_PRIMARY,LONG_ONLY_FULL,TT,23,0,7,7d2c686f155eb83cd272f5063deae31a089067eb4961cb9909ef4e9f20f2f24f,2b123178672feaa29385718610f6d8b9798efdf5a268c4f9c4e1cf1419607446,2b123178672feaa29385718610f6d8b9798efdf5a268c4f9c4e1cf1419607446,600,True,0.01500731195234317,0.01500730203441289,0.08920236184039222,0.08920238165159611,0.06444018582071745,0.0644401852867238,0.1083747268470568,0.10837467365961821,0.9030507880601654,0.9030507484981294,0.0,0.0,0.49957219204218556,0.49957219307906464,0.08281431858859348,0.08281431823322957,0.49957219204218556,0.49957219307906464,0.0,0.0,0.0,0.0
S1_PRIMARY,LONG_ONLY_FULL,TT,24,0,7,390b8af2860b5b32b60b91ea1a79e6af7506a2dca01c514d1a93c145afa509de,d4c37eb34fa03f9edb7258e11cf1da763f81b948539745b2257b460b94ef0283,d4c37eb34fa03f9edb7258e11cf1da763f81b948539745b2257b460b94ef0283,600,True,0.01493348028240888,0.014933470274499143,0.08927643445312335,0.08927645424750962,0.06518747432436023,0.06518744795491903,0.10831601019826044,0.1083159570873594,0.9030307735028703,0.9030307339419709,0.0,0.0,0.4992927046788154,0.4992927057820601,0.08279598524524207,0.08279598488897501,0.4992927046788154,0.4992927057820601,0.0,0.0,0.0,0.0
S1_PRIMARY,LONG_ONLY_FULL,TT,25,0,7,721aea77f390058f8bb72073f4781a871c1ff82475cab27a4f5ae4bcddc4d558,3c957934f399b3961782016a67500a5c10a708185b66491f3778f2d3ce475f32,3c957934f399b3961782016a67500a5c10a708185b66491f3778f2d3ce475f32,600,True,0.014930634411787951,0.014930624398605617,0.0892450647601202,0.08924508467462405,0.06490815015873605,0.06490812383325482,0.10830897313052586,0.10830892000949904,0.90305865479214,0.903058615130006,0.0,0.0,0.498570058412322,0.4985700595201018,0.08279474364785147,0.08279474329840252,0.498570058412322,0.4985700595201018,0.0,0.0,0.0,0.0
S1_PRIMARY,LONG_ONLY_FULL,TT,26,0,7,3db67f8676c13a11c6940c515da8257eec187159d105d84012b90df81aac2152,5c7077c2422bbd8d22b001c7b5004792b3744ed3193fa934148b28bb14fdf212,5c7077c2422bbd8d22b001c7b5004792b3744ed3193fa934148b28bb14fdf212,600,True,0.015059520003783492,0.015059510067265646,0.08923563690553965,0.08923565671949035,0.06451487069503804,0.06451487015834229,0.10852150524407683,0.10852145199219786,0.9028758091686128,0.9028757694943168,0.0,0.0,0.5005183137806426,0.5005183149513445,0.08280799851985962,0.08280799814491527,0.5005183137806426,0.5005183149513445,0.0,0.0,0.0,0.0
S1_PRIMARY,LONG_ONLY_FULL,TT,27,0,7,ec206cfb39fc39a9d820e2dfd9fe02d5d4161a8ca469b044b2efb0a7e8ed0683,5f5b0ece6ca9ed1ccc3d537ff7191c6c82ffa5e6435535c8be3835edc38641ae,5f5b0ece6ca9ed1ccc3d537ff7191c6c82ffa5e6435535c8be3835edc38641ae,600,True,0.014919758082368818,0.014919748109600886,0.08928215147501346,0.08928217139188145,0.06491036481004221,0.06491033854469867,0.10827978643235464,0.10827973333754935,0.9030902806313488,0.9030902410709494,0.0,0.0,0.49936659418122814,0.49936659517025894,0.0828097362114341,0.08280973586792895,0.49936659418122814,0.49936659517025894,0.0,0.0,0.0,0.0
S1_PRIMARY,LONG_ONLY_FULL,TT,28,0,7,f47dd4fe214d78059c4efadc14788c0c437d0c81bb2360d6e85cb7b37165f094,18190d52eeecc6f2054f52d2b840d0626332a6d5e10dc0bf0f6a2460a36184a5,18190d52eeecc6f2054f52d2b840d0626332a6d5e10dc0bf0f6a2460a36184a5,600,True,0.014964963746147806,0.014964953755981013,0.08927634237063686,0.0892763622861341,0.06490834806391417,0.06490832175027986,0.1083830106505716,0.10838295749798914,0.9029767399906481,0.9029767003232694,0.0,0.0,0.4996437130693529,0.49964371418362863,0.0828006728185127,0.08280067246038332,0.4996437130693529,0.49964371418362863,0.0,0.0,0.0,0.0
S1_PRIMARY,LONG_ONLY_FULL,TT,29,0,7,085f18ee2c5928471fed8073794c6a6458eabd914c7cbadd8caf95a90678d9e3,f5ac3a77f4f12d06c83d32da630ffe7b71a5e1a379fbb8d26fe9a0913a2d63a5,f5ac3a77f4f12d06c83d32da630ffe7b71a5e1a379fbb8d26fe9a0913a2d63a5,600,True,0.014903802729402327,0.014903792688145453,0.08934733475107909,0.08934735483498442,0.06532944787350509,0.06532942138950966,0.1083487676843401,0.10834871458415066,0.90295959990144,0.9029595601370528,0.0,0.0,0.49956278485854355,0.4995627859717525,0.08280603469743289,0.0828060343465642,0.49956278485854355,0.4995627859717525,0.0,0.0,0.0,0.0
S1_PRIMARY,LONG_ONLY_FULL,TT,30,0,7,111ad407cebaced38defbd387ffa68d380f9e4c7aeb34b8f001c06bef0dd75ac,11d74b9c471243e97e41ad8dab466329e23ccd28e6c8b45384def0d70aef2b9c,11d74b9c471243e97e41ad8dab466329e23ccd28e6c8b45384def0d70aef2b9c,600,True,0.014933963187283213,0.014933953158802348,0.08949541205968135,0.08949543238855781,0.06535172315963181,0.06535169667398513,0.1086041018118453,0.10860404864229753,0.9026931234872344,0.9026930835262531,0.0,0.0,0.5015082108791019,0.5015082119788903,0.08280862909488636,0.08280862874063592,0.5015082108791019,0.5015082119788903,0.0,0.0,0.0,0.0
S1_PRIMARY,LONG_ONLY_FULL,TT,31,0,7,b42f1577b43026bd5de4b725b324ec6c6bf3983256b4f8b70edfd5b7130dd372,33a58a489196e56912a909aea184d10a3e39410241c33f05a8e79e1ad1eb24fc,33a58a489196e56912a909aea184d10a3e39410241c33f05a8e79e1ad1eb24fc,600,True,0.014930349419289009,0.01493033940176853,0.08919656560020878,0.08919658540293533,0.06500471110020821,0.06500468473889809,0.10822625332786784,0.10822620022817887,0.9031294017335557,0.9031293621462623,0.0,0.0,0.4982991418512629,0.498299142992089,0.08279483294415915,0.08279483258959987,0.4982991418512629,0.498299142992089,0.0,0.0,0.0,0.0
S1_PRIMARY,LONG_ONLY_FULL,TT,32,0,7,ef91df92304d8d2f4913fcd7cef06bb20625ab8a8a1a07ba41345a39248769ef,0e140cf13f5c63f5de4c5986ad2926b66b320fc2055093baa457c77d541cc428,0e140cf13f5c63f5de4c5986ad2926b66b320fc2055093baa457c77d541cc428,600,True,0.014844507473927822,0.014844497389969857,0.08949463977998709,0.08949465998819597,0.0657766541636848,0.06577662757510847,0.1084424438843702,0.10844239080897942,0.9028376315248836,0.9028375917032521,0.0,0.0,0.4999645474110554,0.4999645484643214,0.08280360846014208,0.08280360812092194,0.4999645474110554,0.4999645484643214,0.0,0.0,0.0,0.0
S1_PRIMARY,LONG_ONLY_FULL,TT,33,0,7,becc6121dcc5f1ada8405f224f1e0b727d47951d8207754966fbbedd5748f29a,509b5519dea98a61ffb35cea2862ee9e05e8b8b1d223c18a22d2f278960fd439,509b5519dea98a61ffb35cea2862ee9e05e8b8b1d223c18a22d2f278960fd439,600,True,0.014858882230299582,0.014858872147614808,0.08947606156747996,0.08947608084145256,0.06579260186743001,0.06579259840205412,0.10842988736218817,0.10842983428179498,0.9028390691824321,0.9028390293937869,0.0,0.0,0.5002327012820218,0.5002327023737515,0.0828073977525886,0.08280739740612758,0.5002327012820218,0.5002327023737515,0.0,0.0,0.0,0.0
S1_PRIMARY,LONG_ONLY_FULL,TT,34,0,7,82f69c941251f891aceaca1f1b1222bd69ecb0d21b1422f70073a50c5fa923a0,78df2985f9bcbc62efa5ddd65199d4e65a613a19cc439d3d91499b0cc7e47632,78df2985f9bcbc62efa5ddd65199d4e65a613a19cc439d3d91499b0cc7e47632,600,True,0.014825681652645766,0.014825671555284761,0.08939767934169565,0.08939769961164762,0.06560853176690482,0.06560850516217732,0.1082760472724609,0.10827599424113715,0.9030015593213013,0.9030015194730074,0.0,0.0,0.4987812594348485,0.49878126051201194,0.08279833468287727,0.08279833434777831,0.4987812594348485,0.49878126051201194,0.0,0.0,0.0,0.0
S1_PRIMARY,LONG_ONLY_FULL,TT,35,0,7,dac52f7c6d8c3dae3562073bef0d3a4517a995aaf1cfc15323d30c40f38b26f3,5b58f250fc8288a5ff8540b19bfffd985a0edd8118b14039ec5dc18a28b82844,5b58f250fc8288a5ff8540b19bfffd985a0edd8118b14039ec5dc18a28b82844,600,True,0.014961800407290273,0.014961790437755222,0.08924301307163947,0.08924303302677705,0.06471490840196469,0.06471488214213077,0.10833032041643484,0.10833026727358323,0.9030437270633352,0.9030436873961766,0.0,0.0,0.49933984231594747,0.4993398433930432,0.08281219203109627,0.082812191677728,0.49933984231594747,0.4993398433930432,0.0,0.0,0.0,0.0
S1_PRIMARY,LONG_ONLY_FULL,TT,36,0,7,8c6b1a4de743b2f1f84a68e3839dcd23a527dc0950faa6a41b13573c4f1ded9c,e405463b13b09842285d1f445581529ae47bf96dd4bb7d97edb9ba0f3ffc08fa,e405463b13b09842285d1f445581529ae47bf96dd4bb7d97edb9ba0f3ffc08fa,600,True,0.014873131910025048,0.014873121876419232,0.0892906943229388,0.08929071423884888,0.0652401977779571,0.06524017138236786,0.10823354050509028,0.10823348744941119,0.903110139671595,0.9031101000839108,0.0,0.0,0.4985195955138018,0.4985195965521213,0.08279395981548902,0.08279395947561853,0.4985195955138018,0.4985195965521213,0.0,0.0,0.0,0.0
S1_PRIMARY,LONG_ONLY_FULL,TT,37,0,7,79db97d27e50f32fcab4dd69166d1737aaba1463c07030ab5334430b157af1c7,f7e3351fceb36a2ac3ed405891e65513bd51b50451b83e3c9d17be59c9892938,f7e3351fceb36a2ac3ed405891e65513bd51b50451b83e3c9d17be59c9892938,600,True,0.014863107210308684,0.014863097150687619,0.08949070141286528,0.08949072058467142,0.0657049926802018,0.06570498921921486,0.10845645635459623,0.10845640326887165,0.9028343710517457,0.9028343313597105,0.0,0.0,0.50041090305085,0.5004109040913949,0.082805907537862,0.08280590719307127,0.50041090305085,0.5004109040913949,0.0,0.0,0.0,0.0
S1_PRIMARY,LONG_ONLY_FULL,TT,38,0,7,9b6e6f82dc6de665a9d2798617f241393d363389ea677dbd9e779a8df6ba06ee,d61f2792ef0400feefd8bfe3154841cdc0f7483eaa367e3d7ce5fe40b983833e,d61f2792ef0400feefd8bfe3154841cdc0f7483eaa367e3d7ce5fe40b983833e,600,True,0.014987433172521094,0.014987423222963944,0.08928075566292165,0.08928077551662442,0.06464181964034972,0.06464179346495627,0.10844510383829283,0.1084450506514918,0.9029542865799733,0.902954246970634,0.0,0.0,0.4999122727032689,0.4999122737545904,0.08281238256458238,0.08281238220950274,0.4999122727032689,0.4999122737545904,0.0,0.0,0.0,0.0
S1_PRIMARY,LONG_ONLY_FULL,TT,39,0,7,179c9b821e31bd946032beca9566151784ab33004d7137d98f084ca2fe6e20ca,b8aa11e03c6aa7caa7401e26176b372611dc3ec14eb929802c3402552ccfa415,b8aa11e03c6aa7caa7401e26176b372611dc3ec14eb929802c3402552ccfa415,600,True,0.015058721092177658,0.01505871117778304,0.0892556839415961,0.08925570393441869,0.0645730232177266,0.06457302268429868,0.10853842362498237,0.10853837037036664,0.9028640628943072,0.9028640231293307,0.0,0.0,0.5008952164308949,0.5008952175500068,0.08281788930979649,0.08281788894059222,0.5008952164308949,0.5008952175500068,0.0,0.0,0.0,0.0
S2_CONFIRMATORY_CONSTRAINT,LONG_ONLY_CAP50,TT,0,0,7,6edf30b752c62b6bd0e695606ae9bf0e27c03deb387b6e07215ffcd28b15489d,c2fbcd8257ea539153fabfead67b32184f588efb108087766e7131605a5c67bc,c2fbcd8257ea539153fabfead67b32184f588efb108087766e7131605a5c67bc,600,True,0.007551210657028043,0.007551205158180953,0.04426246648558894,0.044262477272214856,0.03294698717288949,0.03294698700722613,0.055322850482044876,0.05532281929492163,0.9513571848526603,0.951357185256857,0.0,0.0,0.24967742846752228,0.2496774285923436,0.02074190577232016,0.020741905732447535,0.24967742846752228,0.2496774285923436,0.0,0.0,0.0,0.0
S2_CONFIRMATORY_CONSTRAINT,LONG_ONLY_CAP50,TT,1,0,7,51f9dbfff7586569633fd46026fc08f1e4046ce44ba3970c6315f23e40e5eb7c,e68b6de5550e91e2bdb249b5539839239ecac1a71cf18ed1c785b49762bb363c,e68b6de5550e91e2bdb249b5539839239ecac1a71cf18ed1c785b49762bb363c,600,True,0.007582204706952306,0.007582199247502259,0.044212233967226115,0.04421224464240344,0.0328880647477184,0.03288806452448325,0.055302619614577796,0.05530255023841306,0.9513868109108683,0.9513868113317083,0.0,0.0,0.24959860856900437,0.2495986086788823,0.0207423788040178,0.020742378762755996,0.24959860856900437,0.2495986086788823,0.0,0.0,0.0,0.0
S2_CONFIRMATORY_CONSTRAINT,LONG_ONLY_CAP50,TT,2,0,7,758c7dd4846627924b9bcadfdee47c500366684de8bc8ee3527b0a7609b9d3c0,110d86cc89341abe39d52bcea952e248d5ff41e8ca15e6601dd29f8c265247f0,110d86cc89341abe39d52bcea952e248d5ff41e8ca15e6601dd29f8c265247f0,600,True,0.007556142076718115,0.007556136581781468,0.04423665189025727,0.04423666267452797,0.03291369199126391,0.032913691824768554,0.05530048449713533,0.05530045331533056,0.9513594016391611,0.9513594020419329,0.0,0.0,0.24941454981003314,0.24941454994179024,0.020741206449805354,0.020741206409615565,0.24941454981003314,0.24941454994179024,0.0,0.0,0.0,0.0
S2_CONFIRMATORY_CONSTRAINT,LONG_ONLY_CAP50,TT,3,0,7,6fd2fc58547deb63bb3e8e63b1c57eca280e1251cfc31fe666fb295efdd03765,3c6d923bba668add556acf177f068b862ee545afa764ea42d88216eaca33a9b1,3c6d923bba668add556acf177f068b862ee545afa764ea42d88216eaca33a9b1,600,True,0.007565477904996237,0.007565472425409272,0.044219057497571906,0.044219068243654534,0.032894738190409695,0.032894738023117834,0.05528543002033672,0.055285398844306374,0.9513699602479169,0.951369960659311,0.0,0.0,0.2494344628629634,0.24943446298613375,0.02074223614787425,0.020742236107256114,0.2494344628629634,0.24943446298613375,0.0,0.0,0.0,0.0
S2_CONFIRMATORY_CONSTRAINT,LONG_ONLY_CAP50,TT,4,0,7,f308b15df0894592f4d391bd3171a240cb3a8999f304da22950d010500153a3c,8ed636afebbf660c94b0150b3587f16ded152f49d9d546eeb8d7a961f9792187,8ed636afebbf660c94b0150b3587f16ded152f49d9d546eeb8d7a961f9792187,600,True,0.007562487685423648,0.0075624821944631,0.04424214099112612,0.04424215168195526,0.03291878763420269,0.03291878746791683,0.05531714006434476,0.05531710889767151,0.9513726271627022,0.9513726275724439,0.0,0.0,0.24961379285557178,0.24961379299189684,0.020740882415322234,0.020740882374084238,0.24961379285557178,0.24961379299189684,0.0,0.0,0.0,0.0
S2_CONFIRMATORY_CONSTRAINT,LONG_ONLY_CAP50,TT,5,0,7,d1f3c936a0267e41b3f79fe1e74ecde8a872beea114e539cbe9444f55b5bea97,9a8ab772aad5089bc13e14fc3b721a1871853d00f194de54558481a488184381,9a8ab772aad5089bc13e14fc3b721a1871853d00f194de54558481a488184381,600,True,0.007549612326687578,0.007549606829390993,0.044252305568250924,0.04425231635741048,0.03292918255402177,0.03292918238794944,0.055306327206459324,0.05530629602367492,0.9513514885745121,0.951351488977182,0.0,0.0,0.2495397229109575,0.24953972303025007,0.020741838664293494,0.02074183862477294,0.2495397229109575,0.24953972303025007,0.0,0.0,0.0,0.0
S2_CONFIRMATORY_CONSTRAINT,LONG_ONLY_CAP50,TT,6,0,7,f8c2ca65ea30d315bc43fc73b5eeb81572a34012cf00a84767b47712ed310b84,5b976f651abf4a8b336ca5b8eb9b491a132aa238243a7a2794c18e7549cc9ba7,5b976f651abf4a8b336ca5b8eb9b491a132aa238243a7a2794c18e7549cc9ba7,600,True,0.007577020313931503,0.007577014855668158,0.044152607251464235,0.0441526178731298,0.03278598953159116,0.03278598930711746,0.05515965793416998,0.05515958898087278,0.9513759790224542,0.9513759794391179,0.0,0.0,0.24889561597282064,0.24889561608826205,0.020740731660447306,0.020740731619166074,0.24889561597282064,0.24889561608826205,0.0,0.0,0.0,0.0
S2_CONFIRMATORY_CONSTRAINT,LONG_ONLY_CAP50,TT,7,0,7,6566dbc98c7b79976b1c930286ad849011de7bf7b518989f9af1e45bc57993f6,b383f87e2a6a749b8058bc474e99d43a51da8c3adc4b38c034b8833b2d76c4b9,b383f87e2a6a749b8058bc474e99d43a51da8c3adc4b38c034b8833b2d76c4b9,600,True,0.0075464683480438695,0.00754646284820876,0.04422900918780527,0.04422901990291074,0.03288008742461134,0.03288008725789771,0.05527326931199627,0.055273238161751954,0.9513436951317455,0.9513436955309597,0.0,0.0,0.2491951036510412,0.24919510377476833,0.020740802628909885,0.020740802589154523,0.2491951036510412,0.24919510377476833,0.0,0.0,0.0,0.0
S2_CONFIRMATORY_CONSTRAINT,LONG_ONLY_CAP50,TT,8,0,7,1a2918eb0137a01640eb60e189b2a2792e79d2ff6c7ec63e1d17b02b6081b2a0,0673a2e42a38117b4ad484f15a52e71111251f89814b43828cc396b27d4df614,0673a2e42a38117b4ad484f15a52e71111251f89814b43828cc396b27d4df614,600,True,0.00756009221883245,0.007560086739847605,0.04420805927958983,0.04420807002767355,0.032876362457304416,0.032876362290116555,0.055251357140392435,0.05525132597639332,0.9513665353840208,0.9513665357968226,0.0,0.0,0.2493535442390758,0.24935354435689042,0.020741899204488403,0.020741899164196886,0.2493535442390758,0.24935354435689042,0.0,0.0,0.0,0.0
S2_CONFIRMATORY_CONSTRAINT,LONG_ONLY_CAP50,TT,9,0,7,76e94cff89ee96db4c4caf990e79c581a1e4f62775562c6fd9558fb00831a654,00a76cdbd08743a5a3459f6444486bf8561bbfff97e984fb3c3d776258b22c2a,00a76cdbd08743a5a3459f6444486bf8561bbfff97e984fb3c3d776258b22c2a,600,True,0.007551420971289039,0.007551415482006682,0.04421396148600146,0.044213972231657225,0.03286801511199843,0.032868014944531274,0.05526049308918801,0.055260461929394655,0.9513476724591114,0.9513476728606592,0.0,0.0,0.2491207041982341,0.24912070431241945,0.020740576602500848,0.020740576563007058,0.2491207041982341,0.24912070431241945,0.0,0.0,0.0,0.0
S2_CONFIRMATORY_CONSTRAINT,LONG_ONLY_CAP50,TT,10,0,7,e0a144c99f577fa4d1010a376323951c8b420b874e7302e14aae4e802041073c,2a0ea355f00338394e3f213bb0288987ad1c42a9d7adf022ef5e8a0df69bc539,2a0ea355f00338394e3f213bb0288987ad1c42a9d7adf022ef5e8a0df69bc539,600,True,0.007557318811015141,0.007557313331352544,0.044208245936598375,0.04420825666685157,0.032864120255645106,0.032864120032974405,0.05525877665040394,0.055258745490885684,0.9513556636858503,0.9513556640932435,0.0,0.0,0.24919398037308788,0.2491939804796845,0.020740416508629737,0.020740416468969777,0.24919398037308788,0.2491939804796845,0.0,0.0,0.0,0.0
S2_CONFIRMATORY_CONSTRAINT,LONG_ONLY_CAP50,TT,11,0,7,1bb8eb16c4e7b1fe2ac26039d54921d22aafe33afaa783bdf22c1bacc4e1ce82,207982cdee4b5f8e82dd37245aee05476168db897685fa7405432da359d051c3,207982cdee4b5f8e82dd37245aee05476168db897685fa7405432da359d051c3,600,True,0.007558894230304362,0.007558888742461517,0.044238598740959,0.04423860949509787,0.03291390099517241,0.03291390082834909,0.05530661316777,0.05530658198722668,0.9513605189127521,0.9513605193190969,0.0,0.0,0.24950374019383575,0.24950374031278363,0.020741537622242644,0.020741537582199324,0.24950374019383575,0.24950374031278363,0.0,0.0,0.0,0.0
S2_CONFIRMATORY_CONSTRAINT,LONG_ONLY_CAP50,TT,12,0,7,3aac4d0a1c79ec77494f8e4452756368cc14db49474cb52bba433105a7a7d5d3,99f5d769729c53495ea4ec77e85dc06e5d923361b7bb4020d2c091e339b22e86,99f5d769729c53495ea4ec77e85dc06e5d923361b7bb4020d2c091e339b22e86,600,True,0.007557567540404895,0.007557562049840208,0.04425178264624064,0.04425179337987928,0.03292782086136858,0.03292782069485051,0.05532166862586383,0.05532163744828769,0.9513593475822383,0.9513593479893568,0.0,0.0,0.2496155969997346,0.2496155971186201,0.020742349811731214,0.02074234977158427,0.2496155969997346,0.2496155971186201,0.0,0.0,0.0,0.0
S2_CONFIRMATORY_CONSTRAINT,LONG_ONLY_CAP50,TT,13,0,7,2204f08dfc06c55e6b086ae27ab21753ee4fcf2d8e1d6690479fdf4ac7aa3b71,c4427f13095ffe46c097ba19c1586fc8dbd1ab07d3888a187d7faef0c9b2b2bb,c4427f13095ffe46c097ba19c1586fc8dbd1ab07d3888a187d7faef0c9b2b2bb,600,True,0.007570992207944206,0.007570986735205668,0.044216576060429516,0.04421658679177351,0.03289081314874098,0.032890812925927895,0.05529851978047196,0.055298488599198704,0.9513721432027472,0.9513721436147813,0.0,0.0,0.24943389950960873,0.24943389962417056,0.020741476661062165,0.02074147662054856,0.24943389950960873,0.24943389962417056,0.0,0.0,0.0,0.0
S2_CONFIRMATORY_CONSTRAINT,LONG_ONLY_CAP50,TT,14,0,7,648316d23134f5aa0043d63317b23936e11232556803d966a42fb381520cc37d,6a2ad6e94871fda8f2526e7db68fe193f873593316a6160f6d56f7cbc16ffdd9,6a2ad6e94871fda8f2526e7db68fe193f873593316a6160f6d56f7cbc16ffdd9,600,True,0.007544023098360369,0.007544017600878255,0.04423510888859266,0.04423511958863784,0.03288705584234274,0.03288705567597476,0.055266594063448256,0.05526656291899264,0.9513437412807303,0.9513437416846873,0.0,0.0,0.24933335229117412,0.24933335240717613,0.02074225445264395,0.02074225441298258,0.24933335229117412,0.24933335240717613,0.0,0.0,0.0,0.0
S2_CONFIRMATORY_CONSTRAINT,LONG_ONLY_CAP50,TT,15,0,7,5e801c625fe6d9a61850fa1b47caaa5feff4da3c54e2f2bee3f7a93aeccedc88,bc2a829e344dd65d3d0c4bf09b458be6bee7e41a07c034795d7f5aa27021516e,bc2a829e344dd65d3d0c4bf09b458be6bee7e41a07c034795d7f5aa27021516e,600,True,0.007536075475185786,0.007536069965014427,0.04424428339049665,0.04424429421374414,0.03290818176516791,0.03290818159951326,0.05526980041855572,0.05526976924895877,0.951335977924818,0.9513359783196874,0.0,0.0,0.2492752660265942,0.2492752661508977,0.02074064431882702,0.020740644279974022,0.2492752660265942,0.2492752661508977,0.0,0.0,0.0,0.0
S2_CONFIRMATORY_CONSTRAINT,LONG_ONLY_CAP50,TT,16,0,7,d52898c1526b4500f86731f1ed967af4df12e21ea105cd2303fe0422cf6ebc16,ca41863f706221cd14dcb0a7f8a3813c00749660ca9fc5d0becf3ba49f857ee8,ca41863f706221cd14dcb0a7f8a3813c00749660ca9fc5d0becf3ba49f857ee8,600,True,0.007555591305866109,0.007555585808418021,0.04426396811529185,0.04426397888663292,0.03295009405804202,0.03295009389216165,0.05533820927490592,0.05533817808535179,0.951361147359648,0.9513611477639095,0.0,0.0,0.24969882985972486,0.24969882998730594,0.020741420894889864,0.020741420854718876,0.24969882985972486,0.24969882998730594,0.0,0.0,0.0,0.0
S2_CONFIRMATORY_CONSTRAINT,LONG_ONLY_CAP50,TT,17,0,7,a64b9560e1f5829e7b2e964c33627b4454795cb349dd7e915c83e5bd92625bc1,d36eb3e349a0f9b05f18c01caf4618bbfdfbec03dd37ac9c5ba97219e8cced24,d36eb3e349a0f9b05f18c01caf4618bbfdfbec03dd37ac9c5ba97219e8cced24,600,True,0.00756929431723093,0.007569288841108165,0.044234617554087335,0.04423462827959573,0.03291554813177036,0.03291554790955125,0.05531745692443944,0.05531742574053199,0.9513730766809709,0.9513730770944793,0.0,0.0,0.2496292160897302,0.249629216204638,0.020742158455011844,0.020742158414419207,0.2496292160897302,0.249629216204638,0.0,0.0,0.0,0.0
S2_CONFIRMATORY_CONSTRAINT,LONG_ONLY_CAP50,TT,18,0,7,95230c73b6d57b0f6bd6551c722fa17059957780f4949138c7e1347d2a912ab1,90af21734348a5f8378cfac7514dbe8b2d15d6192d39948c32108cf25192e483,90af21734348a5f8378cfac7514dbe8b2d15d6192d39948c32108cf25192e483,600,True,0.007550850324340234,0.007550844827257041,0.0442505749125579,0.04425058567821047,0.032924769278497,0.03292476911233196,0.055307908954762175,0.05530787777742362,0.9513531809918196,0.9513531813948307,0.0,0.0,0.24952110381142817,0.2495211039332363,0.02074159921159205,0.02074159917181417,0.24952110381142817,0.2495211039332363,0.0,0.0,0.0,0.0
S2_CONFIRMATORY_CONSTRAINT,LONG_ONLY_CAP50,TT,19,0,7,9752d16be17cd675875c30146071baa1aea462ec5b88d2f751092f89cd6ec312,57d749e9534580f15941ec390ed8275947e3b3567cdbefd0ad9fbde8f8d2cb16,57d749e9534580f15941ec390ed8275947e3b3567cdbefd0ad9fbde8f8d2cb16,600,True,0.007595617183638213,0.007595611734856768,0.04419415542734719,0.04419416608127925,0.03287491449334442,0.03287491426952301,0.055255753991531875,0.05525568475957973,0.9514052317256516,0.9514052321527199,0.0,0.0,0.249609661447805,0.24960966156745654,0.020742313579715243,0.020742313537376125,0.249609661447805,0.24960966156745654,0.0,0.0,0.0,0.0
S2_CONFIRMATORY_CONSTRAINT,LONG_ONLY_CAP50,TT,20,0,7,e6bf1f79ea5a53756827d5dec156ef9f51141298d4a23cac0065e6bea9e43391,b23238aad3f95ee5e4ee019ff6d0051a28de87e827e2af28a0f441fe9a459df6,b23238aad3f95ee5e4ee019ff6d0051a28de87e827e2af28a0f441fe9a459df6,600,True,0.007554282393369135,0.007554276899825982,0.04422647315178663,0.044226483907046,0.03289280490167041,0.03289280473489387,0.05528135012478431,0.05528131895673593,0.9513558934860087,0.9513558938890359,0.0,0.0,0.24930060301925794,0.2493006031473391,0.020741079986344755,0.020741079946223154,0.24930060301925794,0.2493006031473391,0.0,0.0,0.0,0.0
S2_CONFIRMATORY_CONSTRAINT,LONG_ONLY_CAP50,TT,21,0,7,fa8c058d8c08746c626f8b9f2a591f05388ef4428892a85bc558d9d6f487a674,918893d8c79d9eea40b43984f306e6706978c2933282e7698809d58185ccd9c7,918893d8c79d9eea40b43984f306e6706978c2933282e7698809d58185ccd9c7,600,True,0.007562849488573815,0.007562844006374236,0.04423254401440901,0.04423255471561235,0.032904282570674355,0.03290428234881069,0.05529933046384053,0.05529929929628582,0.9513673387391515,0.9513673391512469,0.0,0.0,0.24954985391961954,0.24954985403902846,0.020742514796661574,0.020742514756018158,0.24954985391961954,0.24954985403902846,0.0,0.0,0.0,0.0
S2_CONFIRMATORY_CONSTRAINT,LONG_ONLY_CAP50,TT,22,0,7,3a5a1a68e6f567a236e525709132f109dfa55622a93feabe83088e34d2f7e03e,f46581e0a4c2867f1a128395e5ee3e846638d3a3e6726d56fa291b857bf81d15,f46581e0a4c2867f1a128395e5ee3e846638d3a3e6726d56fa291b857bf81d15,600,True,0.007569195972327024,0.00756919049550368,0.04423425086561265,0.044234261546478686,0.03290970247258952,0.03290970225054374,0.055314209763396266,0.05531417859193602,0.9513753891600127,0.9513753895755213,0.0,0.0,0.24965415150660092,0.24965415162553958,0.020742538828632157,0.020742538787600216,0.24965415150660092,0.24965415162553958,0.0,0.0,0.0,0.0
S2_CONFIRMATORY_CONSTRAINT,LONG_ONLY_CAP50,TT,23,0,7,5b22eec30ef475775797eb3775e332b15dd95ad0ff9c83518fb0330aa5a00b29,d4e978d40684ac10b132c06ba2ae0c287f2a988d6a9ed3d1eb43f1d326175708,d4e978d40684ac10b132c06ba2ae0c287f2a988d6a9ed3d1eb43f1d326175708,600,True,0.007569757841364755,0.007569752367761329,0.044215489862622026,0.04421550055445811,0.032881854631152715,0.032881854408403126,0.0552929907486981,0.05529295957948657,0.9513708056822359,0.9513708060951337,0.0,0.0,0.24942000237391584,0.2494200024896815,0.020742147242807808,0.020742147202064114,0.24942000237391584,0.2494200024896815,0.0,0.0,0.0,0.0
S2_CONFIRMATORY_CONSTRAINT,LONG_ONLY_CAP50,TT,24,0,7,8f9a2956d2431a04a74f6c4945badf3d928b1bd90c843c674ac201058726de9d,68f406bef5f4e320e6370b3670f9998b91bbc18a90123ec8d90b472c0ccf3f0a,68f406bef5f4e320e6370b3670f9998b91bbc18a90123ec8d90b472c0ccf3f0a,600,True,0.007557777933644061,0.007557772447445085,0.04421849255201796,0.04421850320468672,0.03287102905576867,0.03287102883376754,0.05527215870113352,0.05527212755873772,0.9513614944056162,0.9513614948151664,0.0,0.0,0.24932519842491557,0.24932519854809668,0.02074130877976245,0.020741308739015005,0.24932519842491557,0.24932519854809668,0.0,0.0,0.0,0.0
S2_CONFIRMATORY_CONSTRAINT,LONG_ONLY_CAP50,TT,25,0,7,4e6692cac162ed0407e5b38e5a0319ab40ecb9ece233e8fa2c596352bdb38909,157469b0bb005875c2256db5372f6f7c1e91b959de3ace9fd7118724642201e1,157469b0bb005875c2256db5372f6f7c1e91b959de3ace9fd7118724642201e1,600,True,0.00755004253444505,0.007550037038652437,0.04422407351561038,0.04422408421819139,0.03287478802554832,0.03287478785852192,0.05527276989855703,0.0552727387497824,0.9513472139561018,0.9513472143572904,0.0,0.0,0.24918380065362933,0.24918380077701416,0.020741058771888244,0.020741058731909068,0.24918380065362933,0.24918380077701416,0.0,0.0,0.0,0.0
S2_CONFIRMATORY_CONSTRAINT,LONG_ONLY_CAP50,TT,26,0,7,756bb8358df58abaa3474ff1cee424d0615f6e0e8bc22cdf8c8462a5a97a2c08,7565b57ae49f9521779fb7eb97dc439e4bf889cad8930e13721072b36417fff1,7565b57ae49f9521779fb7eb97dc439e4bf889cad8930e13721072b36417fff1,600,True,0.007593533112064467,0.007593527657623989,0.04420654088271212,0.04420655151240681,0.0328840575134599,0.03288405728987576,0.05529065480566408,0.055290585710750774,0.9514012034792283,0.9514012039043248,0.0,0.0,0.24965857640015363,0.24965857652283513,0.020742702915810266,0.020742702873379586,0.24965857640015363,0.24965857652283513,0.0,0.0,0.0,0.0
S2_CONFIRMATORY_CONSTRAINT,LONG_ONLY_CAP50,TT,27,0,7,fc535c6bf532cbc2aca51a9789638f9a055e6757954fe5bb98d1a5c04f717d3e,1a0947e89b5e8565a49bb6517a46aedcbb90c2132eb5949d1404be6daa157930,1a0947e89b5e8565a49bb6517a46aedcbb90c2132eb5949d1404be6daa157930,600,True,0.007555095366214826,0.00755508988377808,0.04422211926546449,0.04422212997482543,0.03288085027006257,0.03288085004801787,0.055267721109159826,0.055267689952125505,0.9513550632313758,0.9513550636410526,0.0,0.0,0.24937245351673476,0.2493724536233313,0.020742082631156764,0.020742082591376384,0.24937245351673476,0.2493724536233313,0.0,0.0,0.0,0.0
S2_CONFIRMATORY_CONSTRAINT,LONG_ONLY_CAP50,TT,28,0,7,32e14c4cd28cde4ac4d52f8ea4996d2f3d11f6b0cdd4001d06d9490bad4b5fc2,cb45ea6077ca35f247317e36371667375995ffb8429b35a0ed0d1d0da899513f,cb45ea6077ca35f247317e36371667375995ffb8429b35a0ed0d1d0da899513f,600,True,0.007563042543670194,0.0075630370606653945,0.044223686160836766,0.044223696875976964,0.032893468668661587,0.03289346844660013,0.05528954400997595,0.055289512842973225,0.9513670964141572,0.9513670968244284,0.0,0.0,0.2494352162756339,0.24943521639911548,0.020741704240807485,0.020741704200154452,0.2494352162756339,0.24943521639911548,0.0,0.0,0.0,0.0
S2_CONFIRMATORY_CONSTRAINT,LONG_ONLY_CAP50,TT,29,0,7,b9121c466ee6e47bfc4d23f6285f45a7a5bf07270c87877473f7ff0d39185a6c,e4215618c503f7e5908009bf5fbae2000587f0d82d07d7aebb5bb05053aa3f1d,e4215618c503f7e5908009bf5fbae2000587f0d82d07d7aebb5bb05053aa3f1d,600,True,0.007551518495913247,0.0075515130004239865,0.04423880967563642,0.04423882043280489,0.032908730596009184,0.03290873042966901,0.05528945166970985,0.05528942050093868,0.9513552149989116,0.9513552154033246,0.0,0.0,0.2494322637655717,0.2494322638905628,0.02074146444395894,0.020741464403960342,0.2494322637655717,0.2494322638905628,0.0,0.0,0.0,0.0
S2_CONFIRMATORY_CONSTRAINT,LONG_ONLY_CAP50,TT,30,0,7,c4b6bd83bb5603ec8c6948e9206f89ec9f9b1cd4c2eac2efa52613e13174a9a2,2887d9379ae3af9406b692fbc4a8bbe066891b32c339913bc3b9a395c098c69b,2887d9379ae3af9406b692fbc4a8bbe066891b32c339913bc3b9a395c098c69b,600,True,0.007547419494067231,0.007547413985791674,0.044293586361357135,0.04429359720175657,0.03299455495794901,0.0329945547932842,0.0553623070778283,0.05536227586885154,0.9513555681488083,0.9513555685497366,0.0,0.0,0.2499268368854187,0.24992683701344565,0.020741775537479332,0.02074177549794326,0.2499268368854187,0.24992683701344565,0.0,0.0,0.0,0.0
S2_CONFIRMATORY_CONSTRAINT,LONG_ONLY_CAP50,TT,31,0,7,5878ddbb106c6c0cea90f76aa084b3edc72bd340d44f8a0e8622b2e030bf59b2,498cf0570c4d7824f0233a208529f64797638b5a357de9c2f567bcb71a776ecd,498cf0570c4d7824f0233a208529f64797638b5a357de9c2f567bcb71a776ecd,600,True,0.007557705808083431,0.007557700323036682,0.04419974304756245,0.044199753726251276,0.03284733742572632,0.03284733720326671,0.05524744260388927,0.055247411462269885,0.9513591596310018,0.9513591600381069,0.0,0.0,0.24910602843338003,0.24910602855892996,0.02074083375137091,0.02074083371077186,0.24910602843338003,0.24910602855892996,0.0,0.0,0.0,0.0
S2_CONFIRMATORY_CONSTRAINT,LONG_ONLY_CAP50,TT,32,0,7,b8fbdf65d6774114371f0770e88625d9b7ece44a01498f527222c9618f0d89bd,954cdf0eaa0f0a76b435e2f65768442020e25de2e1af8edf3a8a2fd3d0156146,954cdf0eaa0f0a76b435e2f65768442020e25de2e1af8edf3a8a2fd3d0156146,600,True,0.007544569168228937,0.007544563665660477,0.044262665939685676,0.044262676710896724,0.032933687993662676,0.03293368782771238,0.05531486083579684,0.05531482965974762,0.9513432859856822,0.9513432863855582,0.0,0.0,0.2495265167530392,0.24952651686977706,0.020742185707034563,0.020742185667744953,0.2495265167530392,0.24952651686977706,0.0,0.0,0.0,0.0
S2_CONFIRMATORY_CONSTRAINT,LONG_ONLY_CAP50,TT,33,0,7,98dfa29eb033cf52f5b5ae3ea0938dfa9ff79486c8fc98a6ac1432eb152bf069,3308851b4e1497ea7df45aa04718e527976b7132556daaf4a6b0f02bd8e7b5b7,3308851b4e1497ea7df45aa04718e527976b7132556daaf4a6b0f02bd8e7b5b7,600,True,0.007552591679624931,0.007552586186178815,0.04425070306732895,0.04425071382599346,0.03292656900947783,0.03292656884325265,0.055308171537568326,0.055308140359856976,0.951355845030876,0.9513558454365753,0.0,0.0,0.2495795811445954,0.2495795812626694,0.020742044800302756,0.020742044760478417,0.2495795811445954,0.2495795812626694,0.0,0.0,0.0,0.0
S2_CONFIRMATORY_CONSTRAINT,LONG_ONLY_CAP50,TT,34,0,7,4a8de310ddbd6cf007f7572caeab1ce361973c870b3b0a2943fad781b3dc0e78,8e15c828f600c27d0c85ef5c67fc8ec4f8339df5000f9e726387ccd1bd10c61e,8e15c828f600c27d0c85ef5c67fc8ec4f8339df5000f9e726387ccd1bd10c61e,600,True,0.0075379512158961475,0.0075379457078468505,0.04424115005452705,0.044241160870403015,0.03290306888144322,0.032903068715426156,0.055271547905709026,0.055271516737298666,0.951336073051229,0.951336073446045,0.0,0.0,0.24922326304234543,0.24922326316565674,0.0207407498201255,0.02074074978120734,0.24922326304234543,0.24922326316565674,0.0,0.0,0.0,0.0
S2_CONFIRMATORY_CONSTRAINT,LONG_ONLY_CAP50,TT,35,0,7,44ef8c968ea28c16821f5a9f2ff2384b9f541ff31845ff113dc334b9ecc6d78e,77d95ca848821e7a52dcdc6e86c9c8f3ce45f083eea5f34771a0bda144524d71,77d95ca848821e7a52dcdc6e86c9c8f3ce45f083eea5f34771a0bda144524d71,600,True,0.007563574190897343,0.007563568711510418,0.044216176815121355,0.044216187524846476,0.032881229667274935,0.03288122944485283,0.055280174780961165,0.05528014361656115,0.9513654308760211,0.9513654312866462,0.0,0.0,0.24935696764555348,0.24935696776422947,0.020742095101557216,0.020742095061022398,0.24935696764555348,0.24935696776422947,0.0,0.0,0.0,0.0
S2_CONFIRMATORY_CONSTRAINT,LONG_ONLY_CAP50,TT,36,0,7,216227f8cafc54c7ab14e074614179f86247212c9f82dd2ff56b4c3c6be61d82,ca1293b1b38e740450d022ec7df4909b6a8e57ae01756610dd650eb47b1b3663,ca1293b1b38e740450d022ec7df4909b6a8e57ae01756610dd650eb47b1b3663,600,True,0.00754709331208828,0.007547087819090767,0.044218986819089486,0.044218997556797285,0.032871102299663314,0.0328711021326758,0.055253883054029555,0.05525385190164874,0.9513456073556084,0.9513456077579652,0.0,0.0,0.24917580198289882,0.2491758020974662,0.020740677579926616,0.02074067754047695,0.24917580198289882,0.2491758020974662,0.0,0.0,0.0,0.0
S2_CONFIRMATORY_CONSTRAINT,LONG_ONLY_CAP50,TT,37,0,7,eb97cce66800d0c38dd6f5f9aeb00698a414b2979f50941f5aba5f0aec71b18d,877d18472bd0ee64f15719e40bb836165020067ba1a9526adf53e3a41661612f,877d18472bd0ee64f15719e40bb836165020067ba1a9526adf53e3a41661612f,600,True,0.00755217842200794,0.0075521729287598436,0.04425782434875443,0.04425783507669182,0.03293106038546056,0.0329310602192318,0.05531855702174678,0.055318525848148184,0.9513538072205985,0.9513538076267973,0.0,0.0,0.2496339845029887,0.2496339846169709,0.020742658496536344,0.020742658456707405,0.2496339845029887,0.2496339846169709,0.0,0.0,0.0,0.0
S2_CONFIRMATORY_CONSTRAINT,LONG_ONLY_CAP50,TT,38,0,7,44faa1a6a4aaddba82a7a09f53650fdaf7e8c3891005b2a2b8fd7e3ece97fbf8,914f652200df815ec19e168f082f9a66a2324529bf28ea6034a0a09003f5342b,914f652200df815ec19e168f082f9a66a2324529bf28ea6034a0a09003f5342b,600,True,0.007576037019059972,0.007576031551794573,0.04421783225409385,0.04421784294715093,0.032890624975378806,0.032890624752329824,0.05530900895300574,0.05530897777414705,0.9513772607595485,0.9513772611753597,0.0,0.0,0.24951540533469688,0.24951540544687295,0.0207424478450199,0.020742447804116996,0.24951540533469688,0.24951540544687295,0.0,0.0,0.0,0.0
S2_CONFIRMATORY_CONSTRAINT,LONG_ONLY_CAP50,TT,39,0,7,265528718b19a1ad200c58b2761d174951acc0854f81182f199bdd4192100ec8,07f49ff1073788b0415113e85cb84104dbc0207ff4aa023ec2fb19eff2ff766a,07f49ff1073788b0415113e85cb84104dbc0207ff4aa023ec2fb19eff2ff766a,600,True,0.007573524326407742,0.007573518848945939,0.04424156139712103,0.04424157215671987,0.03293808398495513,0.0329380838180815,0.055334290208773784,0.05533425900885997,0.9513820425423082,0.9513820429568015,0.0,0.0,0.24976414630512545,0.24976414643183897,0.020742714136596323,0.02074271409552946,0.24976414630512545,0.24976414643183897,0.0,0.0,0.0,0.0
S1_PRIMARY,LONG_ONLY_FULL,TT,0,0,8,0ad1ff00de5f12745943c90e185267f72edfbd2f1d5bc62d91f163288d6563eb,a90a248ac23dec7124c96dfdb7868c0da60fea036aff59f3d5123eac2ef40f94,a90a248ac23dec7124c96dfdb7868c0da60fea036aff59f3d5123eac2ef40f94,600,True,0.015574306790958014,0.015574276145423975,0.07610354873729167,0.07610354607762691,0.055945723955486935,0.05594571742037452,0.10350594507265767,0.10350594336079427,0.9172117536298658,0.9172117485963291,0.0,0.0,0.4999512429842599,0.49995124456431433,0.08261770910477251,0.08261770943678008,0.4999512429842599,0.49995124456431433,0.0,0.0,0.0,0.0
S1_PRIMARY,LONG_ONLY_FULL,TT,1,0,8,b3d6007b8d36af400863df4d8069756070c6065a21ba643c16e4d266602f3058,d0d817284d518e30d9a09943d9771d89c09f0dba1e726006bd1a1e9bfb7799ad,d0d817284d518e30d9a09943d9771d89c09f0dba1e726006bd1a1e9bfb7799ad,600,True,0.015723981234253413,0.015723950703201584,0.075765162431017,0.07576515980668246,0.055830552899681175,0.055830555700231196,0.1034301855507476,0.10343018383293949,0.9177185678995937,0.9177185628736492,0.0,0.0,0.49974998337213605,0.4997499849780653,0.08262531796068472,0.08262531831510724,0.49974998337213605,0.4997499849780653,0.0,0.0,0.0,0.0
S1_PRIMARY,LONG_ONLY_FULL,TT,2,0,8,aa9821e7538e18491c151b8f06dfcead4b8fbaba9ac66d6259597de026ac2954,20b4ece0c221049bf3cd7c0e16e6d44460acfe44e7d54a154daeeb935541c753,20b4ece0c221049bf3cd7c0e16e6d44460acfe44e7d54a154daeeb935541c753,600,True,0.015607106872286485,0.015607076237168626,0.07598750817321517,0.07598750555853566,0.05574901343621006,0.05574901623679049,0.10332518859166288,0.10332518683944483,0.9174842699601218,0.9174842649014212,0.0,0.0,0.49892175814185724,0.4989217598250424,0.08261665449336428,0.08261665483785069,0.49892175814185724,0.4989217598250424,0.0,0.0,0.0,0.0
S1_PRIMARY,LONG_ONLY_FULL,TT,3,0,8,9cddee0f94ecc5eee6d360f0f94f69c37a45b94fa14c27ef4eb5e2439cdb3358,fe1194e96722ccaea11de1ddc127cc2855368b2ac4601cde98299ca5628d8c9c,fe1194e96722ccaea11de1ddc127cc2855368b2ac4601cde98299ca5628d8c9c,600,True,0.015679058135470852,0.01567902757697441,0.07581223408303989,0.07581223147436941,0.05580015508846471,0.05580015788918676,0.10328035711431076,0.1032803553749012,0.9177772103390754,0.9177772052958073,0.0,0.0,0.4990168869699509,0.4990168886237817,0.08262783110656334,0.08262783146002059,0.4990168869699509,0.4990168886237817,0.0,0.0,0.0,0.0
S1_PRIMARY,LONG_ONLY_FULL,TT,4,0,8,45e4bdf966fd665589156e7bddc29b8db43a0112b0a6342b37be9ee8203125ef,6adfac4f9597dcbe577e19447a0b9ff1b1229966f9480c010357a42c1ec1851a,6adfac4f9597dcbe577e19447a0b9ff1b1229966f9480c010357a42c1ec1851a,600,True,0.015606901964868343,0.01560687130332969,0.07608963682551909,0.07608963425856276,0.055827062516013555,0.055827055989083975,0.10334680770760059,0.10334680593816671,0.9173530909591613,0.9173530858907976,0.0,0.0,0.4996924533815312,0.4996924550886993,0.08261061518823552,0.08261061552288573,0.4996924533815312,0.4996924550886993,0.0,0.0,0.0,0.0
S1_PRIMARY,LONG_ONLY_FULL,TT,5,0,8,22a3b836afbffcfee4b61e84361f542795eb9f40131f5c3b84fbea04e630c30b,9a5d5bfabcb92acfefcad48acb5882f40352e91b3e8620a19da7e2eb45fab6de,9a5d5bfabcb92acfefcad48acb5882f40352e91b3e8620a19da7e2eb45fab6de,600,True,0.015565060765175085,0.015565030115905917,0.07608652184105359,0.07608651920633522,0.05589440118381907,0.055894394653153955,0.10343420977236345,0.10343420805913309,0.9173791945665755,0.9173791895289864,0.0,0.0,0.49937669855470196,0.4993767001457649,0.08261848970291562,0.08261849003623585,0.49937669855470196,0.4993767001457649,0.0,0.0,0.0,0.0
S1_PRIMARY,LONG_ONLY_FULL,TT,6,0,8,97880e8cad0b04f484804c84ea78868282bf436b9d241069e437d6409fc331ac,03330ea3697f86803e006d89e69d66c9f63d3b7878a39151b11bee6533a65e2d,03330ea3697f86803e006d89e69d66c9f63d3b7878a39151b11bee6533a65e2d,600,True,0.01567362093975097,0.01567359040854509,0.07566185352392116,0.07566185101029195,0.055635563318982784,0.05563556613180116,0.10295785865386399,0.10295785691482938,0.918570597066727,0.9185705920167868,0.0,0.0,0.4968514047315079,0.49685140641098124,0.08262104097735937,0.08262104133943082,0.4968514047315079,0.49685140641098124,0.0,0.0,0.0,0.0
S1_PRIMARY,LONG_ONLY_FULL,TT,7,0,8,3856d94e9106f20120adc545e35f2156fc8b2347509e2de78a347775f0831968,7e5aafa4cb230460d1accad0edf7d0eccd3c631535d84e96c0f899b10fb4fdfc,7e5aafa4cb230460d1accad0edf7d0eccd3c631535d84e96c0f899b10fb4fdfc,600,True,0.015561805517742859,0.015561774870148272,0.0760299803843026,0.07602997784910084,0.05576788229120732,0.05576788509841458,0.10321744647746472,0.1032174447506635,0.917891884298853,0.9178918792458534,0.0,0.0,0.4979635622419833,0.49796356387664786,0.08262126724212307,0.08262126757979538,0.4979635622419833,0.49796356387664786,0.0,0.0,0.0,0.0
S1_PRIMARY,LONG_ONLY_FULL,TT,8,0,8,d6322b47f4243479a26fe7b990f610b7286df4d50d9a12ff3c33a17f8f23f189,0cf34e6079c9e5484c2aa0fb1f53e18235ee8489f456c8210e2460ef4d435c69,0cf34e6079c9e5484c2aa0fb1f53e18235ee8489f456c8210e2460ef4d435c69,600,True,0.015642938936242263,0.015642908382215753,0.07581475128868635,0.0758147486565779,0.05590185278777575,0.05590185558567578,0.10317462554980913,0.1031746238197241,0.9178549174432198,0.91785491240581,0.0,0.0,0.49875009789060926,0.4987500995221941,0.08262703024841128,0.08262703059734533,0.49875009789060926,0.4987500995221941,0.0,0.0,0.0,0.0
S1_PRIMARY,LONG_ONLY_FULL,TT,9,0,8,6ec884b1dfca21bee854c951cc44e21428ef88a5c600e90f1e6f581c6f2ff601,5025cf33ce71d8647a769b950714faa768a5d05f7c7221db19709a9885e72da4,5025cf33ce71d8647a769b950714faa768a5d05f7c7221db19709a9885e72da4,600,True,0.015559972547725833,0.015559941921066972,0.07597899496209985,0.07597899240573779,0.055774201518237435,0.055774204329228236,0.10322413880277306,0.10322413710081686,0.9180121321597804,0.9180121271235454,0.0,0.0,0.49768923258551434,0.4976892341720021,0.08262085372886215,0.08262085406927976,0.49768923258551434,0.4976892341720021,0.0,0.0,0.0,0.0
S1_PRIMARY,LONG_ONLY_FULL,TT,10,0,8,d8520d6f1fb6e511142d03e0d684844cca92e471b097db39072ebf2e1543cc3d,307de02e1f3c74c51ee668d723b1345dfa8f71d8e2b925d3bd4189e543128777,307de02e1f3c74c51ee668d723b1345dfa8f71d8e2b925d3bd4189e543128777,600,True,0.015585040934312813,0.015585010338092337,0.07592226401119118,0.07592226142983322,0.05582290145437456,0.05582290426392684,0.10324664794410145,0.10324664624952373,0.9180064339693116,0.9180064289431386,0.0,0.0,0.4979849816815034,0.497984983246225,0.08261476254511692,0.08261476288823764,0.4979849816815034,0.497984983246225,0.0,0.0,0.0,0.0
S1_PRIMARY,LONG_ONLY_FULL,TT,11,0,8,b27b28e1323053e3fdd83e6fb1e1dcbc2b9101521bede40e5375df4b8f715cc0,bd37f8316c421f08ecf514bcbf3764cc520082762e53549538d226268fd58411,bd37f8316c421f08ecf514bcbf3764cc520082762e53549538d226268fd58411,600,True,0.015620581596171969,0.015620550991954302,0.07595385294250077,0.0759538503147339,0.055835948299997454,0.05583595110345495,0.10340669394174204,0.10340669222480076,0.9175595815015402,0.9175595764642951,0.0,0.0,0.4991876704487431,0.4991876720513788,0.08262408266331972,0.08262408300665348,0.4991876704487431,0.4991876720513788,0.0,0.0,0.0,0.0
S1_PRIMARY,LONG_ONLY_FULL,TT,12,0,8,facdb9827fe812da9c9bb34a4b0298245e1ee3ba72f33735397c5110cb18d324,dfa7550b39f326e6ee10df598781903382f4a27bc9890a4b7a30c7a55006385e,dfa7550b39f326e6ee10df598781903382f4a27bc9890a4b7a30c7a55006385e,600,True,0.01564638959013178,0.015646358993899892,0.07594438542962258,0.07594438280704013,0.05584892056555753,0.05584892336589797,0.10343788005792633,0.10343787833273807,0.9174986533473185,0.9174986483081241,0.0,0.0,0.4995886156990269,0.4995886173157114,0.0826309068795249,0.08263090722453315,0.4995886156990269,0.4995886173157114,0.0,0.0,0.0,0.0
S1_PRIMARY,LONG_ONLY_FULL,TT,13,0,8,d8cb7781d6a82c96f1acacf9d58a820c6bb99c42585bccdaabdefe52349363bd,604b448d01807f2bc096db297147120be3ec5fb604c7153483894d1f58fc3cb2,604b448d01807f2bc096db297147120be3ec5fb604c7153483894d1f58fc3cb2,600,True,0.015627677495805622,0.015627646890005967,0.07593835600896413,0.07593835340869413,0.0557860079973625,0.055786010801410275,0.10337353838956287,0.103373536667444,0.9176637716675533,0.9176637666277899,0.0,0.0,0.4989628643448353,0.4989628659641338,0.08261781085455132,0.08261781119953648,0.4989628643448353,0.4989628659641338,0.0,0.0,0.0,0.0
S1_PRIMARY,LONG_ONLY_FULL,TT,14,0,8,41e4116789380c024734ab58deec0848cc1675215d3b85821ed1efb86e0006ca,e3a271257587b3e2f33da1390f39108f4b81ec3d488462726142f06c5487b864,e3a271257587b3e2f33da1390f39108f4b81ec3d488462726142f06c5487b864,600,True,0.01554853743789001,0.015548506798993965,0.07607516381515088,0.07607516125884059,0.05594119816696597,0.0559411916532632,0.1032560777393325,0.10325607603111019,0.9178021132799175,0.917802108242835,0.0,0.0,0.4985726637860355,0.4985726653655546,0.08262054730486135,0.08262054763592869,0.4985726637860355,0.4985726653655546,0.0,0.0,0.0,0.0
S1_PRIMARY,LONG_ONLY_FULL,TT,15,0,8,69824712dfe453549c0869ec617c40d6d28f5f0644418ce0bc3900516e0dc9b3,c0e4cff89f9ad01c9aa3ffd042498e305d3621959a89893a3f5da863b6a6c12c,c0e4cff89f9ad01c9aa3ffd042498e305d3621959a89893a3f5da863b6a6c12c,600,True,0.015533932068189897,0.015533901415796345,0.07607560478028086,0.07607560217838359,0.055862353827389445,0.05586235663137908,0.10327281863382427,0.10327281691688706,0.9176471757190797,0.9176471706753054,0.0,0.0,0.4983608107817759,0.4983608123849224,0.08261606596389537,0.08261606629820153,0.4983608107817759,0.4983608123849224,0.0,0.0,0.0,0.0
S1_PRIMARY,LONG_ONLY_FULL,TT,16,0,8,e126bef6226c310bf916f77410efd948f74c3ec63781a25a9d8d48edd93dce67,0469dec8ada4082832c1438950262e76b409a8d316b3be73c90a73cdedcf8cce,0469dec8ada4082832c1438950262e76b409a8d316b3be73c90a73cdedcf8cce,600,True,0.015612117087110038,0.015612086439201093,0.07606902525594543,0.07606902261848462,0.05583369114263752,0.055833684606478286,0.1035154940912031,0.1035154923534335,0.9171815037059908,0.917181498657782,0.0,0.0,0.500035989620503,0.5000359912624259,0.08261753867520874,0.0826175390128011,0.500035989620503,0.5000359912624259,0.0,0.0,0.0,0.0
S1_PRIMARY,LONG_ONLY_FULL,TT,17,0,8,db8aa973307b83edceceb097da744ffba780b93c53774a05ccae695ef8c206f6,fc371732fd3ea288f0a97f5e119f668a36e636c1ec7bee4b8c60752c33ae213a,fc371732fd3ea288f0a97f5e119f668a36e636c1ec7bee4b8c60752c33ae213a,600,True,0.01568209774960809,0.01568206718244422,0.07587009206556458,0.07587008943968623,0.05584220899945266,0.05584221180001399,0.10346523275441652,0.10346523103686552,0.9175718728730251,0.9175718678438077,0.0,0.0,0.49976021226477296,0.499760213865772,0.08261850751989833,0.08261850786866624,0.49976021226477296,0.499760213865772,0.0,0.0,0.0,0.0
S1_PRIMARY,LONG_ONLY_FULL,TT,18,0,8,29437827b9ad7b900fdd7ffe8170f55c9443370830630814ef278674f848cf3e,6cc2e104f2802d49c6bb1764bc43381b31cc4b0d7e8eb20aa7b1dd64f7d604a8,6cc2e104f2802d49c6bb1764bc43381b31cc4b0d7e8eb20aa7b1dd64f7d604a8,600,True,0.01555281881804138,0.01555278815528192,0.07612580907878976,0.07612580646617503,0.055896442764825666,0.05589643623961212,0.103432145975332,0.10343214426323259,0.9174015909444982,0.9174015859052435,0.0,0.0,0.4993346506457595,0.4993346522344225,0.08262090220931906,0.08262090253965522,0.4993346506457595,0.4993346522344225,0.0,0.0,0.0,0.0
S1_PRIMARY,LONG_ONLY_FULL,TT,19,0,8,f42e6192b68fc5bcbfcdbb53b85f4e0e773d67b6dc0e851ebe63257c6df73c58,39d1ba7a2ca9ad23f052974d5b5d123bda8eed09888151ddee66a460a28ceaa2,39d1ba7a2ca9ad23f052974d5b5d123bda8eed09888151ddee66a460a28ceaa2,600,True,0.015786235045111723,0.015786204543266114,0.07564529287998482,0.07564529027978771,0.05574920903108224,0.055749211828317886,0.10332250736283148,0.1033225056082765,0.9178432816071972,0.9178432765638106,0.0,0.0,0.49970106138181997,0.4997010630717111,0.08263432373859446,0.08263432410242122,0.49970106138181997,0.4997010630717111,0.0,0.0,0.0,0.0
S1_PRIMARY,LONG_ONLY_FULL,TT,20,0,8,2f1976ffb96fd52978724777929202e84184895991edee28ec6fb42099dcc924,2ed03b5c95a627e7ff47c7a52b337b69c23ecd08751cf4735d24bdf3d3d977e6,2ed03b5c95a627e7ff47c7a52b337b69c23ecd08751cf4735d24bdf3d3d977e6,600,True,0.015621876674724314,0.015621846055346823,0.07592997854863767,0.07592997598426181,0.055710975101844,0.05571097790488309,0.10323589756988726,0.10323589581966496,0.9177839742485123,0.9177839691901694,0.0,0.0,0.4984154486225968,0.49841545030948115,0.08261587555395791,0.0826158759009267,0.4984154486225968,0.49841545030948115,0.0,0.0,0.0,0.0
S1_PRIMARY,LONG_ONLY_FULL,TT,21,0,8,19e4bc65d4ea60011183783c8397b390b77210b349c3d65d90ad0f9fe5c1b9ef,d96be6acc6b87ac9505cec957335bfd2fe319cbf9a0c185c338ebc45476b7e48,d96be6acc6b87ac9505cec957335bfd2fe319cbf9a0c185c338ebc45476b7e48,600,True,0.01566532160183532,0.015665291033701786,0.07586617584134117,0.07586617321344537,0.05587750020370451,0.05587750300178575,0.10335314238269844,0.10335314065495325,0.917633304329376,0.9176332992923113,0.0,0.0,0.49948349737313474,0.4994834989968293,0.08263225178245139,0.08263225213020998,0.49948349737313474,0.4994834989968293,0.0,0.0,0.0,0.0
S1_PRIMARY,LONG_ONLY_FULL,TT,22,0,8,3e6b77ac2b409839fdb23dd6de74316fabea70b0f46d304059c2305c7883560e,f1c816a07acff11aa5d11da5ac2a5891cc9982b5edb377642e147004fe9fb199,f1c816a07acff11aa5d11da5ac2a5891cc9982b5edb377642e147004fe9fb199,600,True,0.015671540080210503,0.015671509503938596,0.07591403822012585,0.07591403561838099,0.05591703426782468,0.05591703706336467,0.10340948424790225,0.10340948252113777,0.9175799793657605,0.9175799743292637,0.0,0.0,0.4999136757702165,0.49991367738571335,0.0826320617195704,0.08263206206324673,0.4999136757702165,0.49991367738571335,0.0,0.0,0.0,0.0
S1_PRIMARY,LONG_ONLY_FULL,TT,23,0,8,7d2c686f155eb83cd272f5063deae31a089067eb4961cb9909ef4e9f20f2f24f,1fec437b43479c38156a7e4a16c293cd155344e764d0d383b0e595062f791878,1fec437b43479c38156a7e4a16c293cd155344e764d0d383b0e595062f791878,600,True,0.01569142123981882,0.015691390694812592,0.07578034592510245,0.07578034333437614,0.05579402766790603,0.055794030472636716,0.10331649586835773,0.10331649415024327,0.9179253939217715,0.9179253888885309,0.0,0.0,0.4989301091057136,0.49893011072034765,0.08263483252714701,0.08263483288055258,0.4989301091057136,0.49893011072034765,0.0,0.0,0.0,0.0
S1_PRIMARY,LONG_ONLY_FULL,TT,24,0,8,390b8af2860b5b32b60b91ea1a79e6af7506a2dca01c514d1a93c145afa509de,d0222b5e94a2fa12f3ba1a6d61cd6c665b3ccb9714c95bdbd3edaae6ab4c1edc,d0222b5e94a2fa12f3ba1a6d61cd6c665b3ccb9714c95bdbd3edaae6ab4c1edc,600,True,0.015607972046562578,0.01560794143029872,0.07597510896197147,0.07597510642405961,0.055843074499360074,0.0558430772988137,0.10322572617194863,0.10322572443771502,0.9178637227234357,0.9178637176753714,0.0,0.0,0.4986512037445025,0.4986512053865331,0.08261544050303858,0.08261544084260163,0.4986512037445025,0.4986512053865331,0.0,0.0,0.0,0.0
S1_PRIMARY,LONG_ONLY_FULL,TT,25,0,8,721aea77f390058f8bb72073f4781a871c1ff82475cab27a4f5ae4bcddc4d558,3b90752d44c6f2fbae86b7759cefc41a03b6cf1dd10fee212878407ceeea86a6,3b90752d44c6f2fbae86b7759cefc41a03b6cf1dd10fee212878407ceeea86a6,600,True,0.015612653404486187,0.015612622791685843,0.07591337679471534,0.07591337425472872,0.0556971984716489,0.05569720127958749,0.10320259830111247,0.10320259656689924,0.9179890445533444,0.9179890395019605,0.0,0.0,0.497927069994959,0.4979270716521017,0.0826169998863779,0.08261700023364087,0.497927069994959,0.4979270716521017,0.0,0.0,0.0,0.0
S1_PRIMARY,LONG_ONLY_FULL,TT,26,0,8,3db67f8676c13a11c6940c515da8257eec187159d105d84012b90df81aac2152,9491ecf80970a5da17a7d012bece97e5063d5b3c96db30bb08cc4d2ec8178004,9491ecf80970a5da17a7d012bece97e5063d5b3c96db30bb08cc4d2ec8178004,600,True,0.015748059483634027,0.015748028929288425,0.07578546833554008,0.07578546575009011,0.055735723590781716,0.05573572638599383,0.10336401529227868,0.10336401351926237,0.9176008677516605,0.9176008626922931,0.0,0.0,0.49988942536971426,0.4998894270923928,0.0826262942069974,0.08262629456404706,0.49988942536971426,0.4998894270923928,0.0,0.0,0.0,0.0
S1_PRIMARY,LONG_ONLY_FULL,TT,27,0,8,ec206cfb39fc39a9d820e2dfd9fe02d5d4161a8ca469b044b2efb0a7e8ed0683,efde3a451aa692aed62ee95d19c16860255070a4f99a78b4a927ee2a545ffb22,efde3a451aa692aed62ee95d19c16860255070a4f99a78b4a927ee2a545ffb22,600,True,0.015592162162541948,0.015592131572818359,0.07595191877209655,0.07595191617389743,0.05594707314976408,0.05594707595350329,0.10329811152521678,0.103298109833935,0.9178603960789635,0.9178603910557619,0.0,0.0,0.4987173043811301,0.4987173059277023,0.08262932863523026,0.0826293289736363,0.4987173043811301,0.4987173059277023,0.0,0.0,0.0,0.0
S1_PRIMARY,LONG_ONLY_FULL,TT,28,0,8,f47dd4fe214d78059c4efadc14788c0c437d0c81bb2360d6e85cb7b37165f094,c84e913af9f5660ff71a8cda7194b324369e143973851aa87a89cb14f13637fe,c84e913af9f5660ff71a8cda7194b324369e143973851aa87a89cb14f13637fe,600,True,0.015644688218228803,0.015644657622124733,0.07591644133797658,0.0759164387624693,0.055808299001103776,0.05580830180098948,0.10329019767900291,0.10329019593737698,0.9177291626246582,0.9177291575752464,0.0,0.0,0.4990054373107729,0.49900543896741695,0.08262009490179285,0.08262009524760897,0.4990054373107729,0.49900543896741695,0.0,0.0,0.0,0.0
S1_PRIMARY,LONG_ONLY_FULL,TT,29,0,8,085f18ee2c5928471fed8073794c6a6458eabd914c7cbadd8caf95a90678d9e3,31a1840db2ed343f46886bcca8c7d3170a8146176cc30c7f9f6de3cdaa1d9e87,31a1840db2ed343f46886bcca8c7d3170a8146176cc30c7f9f6de3cdaa1d9e87,600,True,0.015578512704740276,0.015578482068644905,0.0760337171419055,0.07603371454206419,0.05587112606002323,0.05587112885886221,0.10329657864466242,0.1032965769124424,0.9175791227665695,0.917579117717596,0.0,0.0,0.49892237541103673,0.49892237704551656,0.08262508152042854,0.08262508185763072,0.49892237541103673,0.49892237704551656,0.0,0.0,0.0,0.0
S1_PRIMARY,LONG_ONLY_FULL,TT,30,0,8,111ad407cebaced38defbd387ffa68d380f9e4c7aeb34b8f001c06bef0dd75ac,273a235611e4fef668f6ba84a51b87dab600f1d46e7f287854238d7b684dfbbb,273a235611e4fef668f6ba84a51b87dab600f1d46e7f287854238d7b684dfbbb,600,True,0.015614765960774083,0.015614735320388965,0.07608699690827331,0.07608699419915983,0.0559285854604339,0.05592857891321898,0.10363737006304001,0.10363736833611308,0.9168803784523234,0.9168803734135131,0.0,0.0,0.5008700979188223,0.5008700995272942,0.08262395138702774,0.08262395172214698,0.5008700979188223,0.5008700995272942,0.0,0.0,0.0,0.0
S1_PRIMARY,LONG_ONLY_FULL,TT,31,0,8,b42f1577b43026bd5de4b725b324ec6c6bf3983256b4f8b70edfd5b7130dd372,a9b46374fb5f4dc25da2e4c89d2eedac323fe0189922b478c7956002c077bcc3,a9b46374fb5f4dc25da2e4c89d2eedac323fe0189922b478c7956002c077bcc3,600,True,0.015607513403223411,0.015607482792809322,0.07590217789904491,0.07590217538781124,0.05572535973996666,0.055725362544579465,0.10307622536293241,0.10307622361608366,0.9181339534718421,0.918133948412858,0.0,0.0,0.49765968842956104,0.4976596901138724,0.08261700224902395,0.08261700259497773,0.49765968842956104,0.4976596901138724,0.0,0.0,0.0,0.0
S1_PRIMARY,LONG_ONLY_FULL,TT,32,0,8,ef91df92304d8d2f4913fcd7cef06bb20625ab8a8a1a07ba41345a39248769ef,f81b4d8199c63371f6036470c1bd35c3f5fa37c7aac2a0b9e07e7d789b6da43b,f81b4d8199c63371f6036470c1bd35c3f5fa37c7aac2a0b9e07e7d789b6da43b,600,True,0.015518497928326346,0.015518467240487522,0.07620668009868492,0.07620667747909726,0.055902107149967815,0.055902100624417334,0.1034866527001067,0.10348665099739403,0.9172955981152059,0.917295593078492,0.0,0.0,0.4993140575475989,0.4993140591124889,0.0826215695225355,0.08262156984896868,0.4993140575475989,0.4993140591124889,0.0,0.0,0.0,0.0
S1_PRIMARY,LONG_ONLY_FULL,TT,33,0,8,becc6121dcc5f1ada8405f224f1e0b727d47951d8207754966fbbedd5748f29a,91308b29d725086ced4d39925995ce1c3a1612c885be455a526703dc2157dc2e,91308b29d725086ced4d39925995ce1c3a1612c885be455a526703dc2157dc2e,600,True,0.015529876202727196,0.015529845518752161,0.07619329483505059,0.07619329221294308,0.055937069519558784,0.055937062993138276,0.10344406617664811,0.10344406445958451,0.9172572140258263,0.9172572089816748,0.0,0.0,0.4995869717710363,0.49958697336513486,0.08262416056093602,0.08262416088585632,0.4995869717710363,0.49958697336513486,0.0,0.0,0.0,0.0
S1_PRIMARY,LONG_ONLY_FULL,TT,34,0,8,82f69c941251f891aceaca1f1b1222bd69ecb0d21b1422f70073a50c5fa923a0,96ccd0dd699fb4ea8f1d29ac3a52e9668a96fcefae7c956aee948f18f4dc7709,96ccd0dd699fb4ea8f1d29ac3a52e9668a96fcefae7c956aee948f18f4dc7709,600,True,0.015497042159520647,0.015497011483467453,0.07614024577537296,0.07614024317435615,0.05586749051024976,0.055867493315906055,0.10327371830382873,0.10327371659338554,0.9176198849942957,0.9176198799508554,0.0,0.0,0.4981329504412527,0.4981329520308136,0.08261900282927553,0.08261900315993773,0.4981329504412527,0.4981329520308136,0.0,0.0,0.0,0.0
S1_PRIMARY,LONG_ONLY_FULL,TT,35,0,8,dac52f7c6d8c3dae3562073bef0d3a4517a995aaf1cfc15323d30c40f38b26f3,f989802dd839864fc5170afa46c56e324c4c9ace4c879471e1217badd2636814,f989802dd839864fc5170afa46c56e324c4c9ace4c879471e1217badd2636814,600,True,0.015642148619372947,0.015642118039734608,0.07586797430032252,0.07586797170702174,0.05581348289361494,0.05581348569630026,0.10326330183636673,0.10326330010953849,0.9178413752950682,0.9178413702538265,0.0,0.0,0.49869992019747383,0.4986999218290036,0.0826327602883752,0.0826327606367752,0.49869992019747383,0.4986999218290036,0.0,0.0,0.0,0.0
S1_PRIMARY,LONG_ONLY_FULL,TT,36,0,8,8c6b1a4de743b2f1f84a68e3839dcd23a527dc0950faa6a41b13573c4f1ded9c,a0889ef8d5f7159ed0642596e18f8a20147884678859e8f274ff2e259498ec33,a0889ef8d5f7159ed0642596e18f8a20147884678859e8f274ff2e259498ec33,600,True,0.015545516594976168,0.015545485960249038,0.07602037020609405,0.0760203676557842,0.0558412455960532,0.05584124840348559,0.10320709135297414,0.10320708965024322,0.9179810906786718,0.9179810856420175,0.0,0.0,0.4978688361776748,0.49786883775923907,0.08261521788915412,0.08261521822439565,0.4978688361776748,0.49786883775923907,0.0,0.0,0.0,0.0
S1_PRIMARY,LONG_ONLY_FULL,TT,37,0,8,79db97d27e50f32fcab4dd69166d1737aaba1463c07030ab5334430b157af1c7,d80748c178a6090b42b8179d51cbb457a617eb7671081527a3c9a3335588e2bc,d80748c178a6090b42b8179d51cbb457a617eb7671081527a3c9a3335588e2bc,600,True,0.015534624099743818,0.015534593419956918,0.07620046660941375,0.07620046399659894,0.05595842882593202,0.055958422305297996,0.10350720048441853,0.10350719878513445,0.9172907083070271,0.9172907032744115,0.0,0.0,0.49976050586561976,0.4997605074213516,0.08262234233776275,0.0826223426612741,0.49976050586561976,0.4997605074213516,0.0,0.0,0.0,0.0
S1_PRIMARY,LONG_ONLY_FULL,TT,38,0,8,9b6e6f82dc6de665a9d2798617f241393d363389ea677dbd9e779a8df6ba06ee,f7c5b562f5b94fcd81faeabe1cb79f72f69e3fcffc68cdc72778f39afed8f533,f7c5b562f5b94fcd81faeabe1cb79f72f69e3fcffc68cdc72778f39afed8f533,600,True,0.015671754559493014,0.015671723982797425,0.07587470007313338,0.07587469748461563,0.05579938791279947,0.05579939071615491,0.10339813908091273,0.10339813736023655,0.9177311894458057,0.9177311844089664,0.0,0.0,0.4992689484099052,0.49926895002557165,0.08263185755735314,0.08263185790595208,0.4992689484099052,0.49926895002557165,0.0,0.0,0.0,0.0
S1_PRIMARY,LONG_ONLY_FULL,TT,39,0,8,179c9b821e31bd946032beca9566151784ab33004d7137d98f084ca2fe6e20ca,c48d4cd53f809def0c341655db74024d4ea5cef262cf6b3be2280fb67d047d54,c48d4cd53f809def0c341655db74024d4ea5cef262cf6b3be2280fb67d047d54,600,True,0.01574809306989295,0.015748062531707754,0.07575956026350651,0.0757595576053552,0.05579596372628208,0.055795966521604574,0.10345242878432784,0.10345242703236175,0.9174459880112819,0.9174459829668176,0.0,0.0,0.5002651692424286,0.5002651709185963,0.08263593433254127,0.0826359346902526,0.5002651692424286,0.5002651709185963,0.0,0.0,0.0,0.0
S2_CONFIRMATORY_CONSTRAINT,LONG_ONLY_CAP50,TT,0,0,8,6edf30b752c62b6bd0e695606ae9bf0e27c03deb387b6e07215ffcd28b15489d,9e7a1b059310022dc843085a679cb3015903eb20c0eef1c3ac026b697895b181,9e7a1b059310022dc843085a679cb3015903eb20c0eef1c3ac026b697895b181,600,True,0.00787405969602155,0.007874044095866341,0.037991389551067394,0.037991391095945765,0.02786955406219873,0.027869563861255206,0.05252504604144913,0.05252504538836544,0.9578697375928295,0.9578697409565974,0.0,0.0,0.2492883904723016,0.24928839076038492,0.02069482060163202,0.02069482064342516,0.2492883904723016,0.24928839076038492,0.0,0.0,0.0,0.0
S2_CONFIRMATORY_CONSTRAINT,LONG_ONLY_CAP50,TT,1,0,8,51f9dbfff7586569633fd46026fc08f1e4046ce44ba3970c6315f23e40e5eb7c,3f3ad1f7f7cda2160e2dd493017b1e3ccde95d067842acb73fc2b5fbd17e5ddf,3f3ad1f7f7cda2160e2dd493017b1e3ccde95d067842acb73fc2b5fbd17e5ddf,600,True,0.007908109361722346,0.0079080937883439,0.03791117676116632,0.03791117832354036,0.027828403996051906,0.027828413836028805,0.0525077199501624,0.052507719300590616,0.9578867079245988,0.9578867112898292,0.0,0.0,0.24920963507947544,0.249209635368713,0.020695449488689822,0.02069544953293259,0.24920963507947544,0.249209635368713,0.0,0.0,0.0,0.0
S2_CONFIRMATORY_CONSTRAINT,LONG_ONLY_CAP50,TT,2,0,8,758c7dd4846627924b9bcadfdee47c500366684de8bc8ee3527b0a7609b9d3c0,cf08d90dc272866425088fa33c9b463f1b05617cf9b963e52b143b2b97525ba5,cf08d90dc272866425088fa33c9b463f1b05617cf9b963e52b143b2b97525ba5,600,True,0.007880629680174368,0.007880614086450037,0.03796187780742488,0.037961879365508495,0.02780747569570192,0.027807485503575802,0.0524901982786309,0.052490197622326956,0.957896023702198,0.9578960270709512,0.0,0.0,0.24902619403266474,0.24902619433068165,0.02069450897010089,0.020694509013148937,0.24902619403266474,0.24902619433068165,0.0,0.0,0.0,0.0
S2_CONFIRMATORY_CONSTRAINT,LONG_ONLY_CAP50,TT,3,0,8,6fd2fc58547deb63bb3e8e63b1c57eca280e1251cfc31fe666fb295efdd03765,c79276e5121edbc0800531703fad8c4d4eb7cd1119bd36d2972a02b818381547,c79276e5121edbc0800531703fad8c4d4eb7cd1119bd36d2972a02b818381547,600,True,0.007889654918775803,0.0078896393359031,0.03793764920322066,0.03793765076259908,0.02780076867126485,0.027800778490549412,0.05247654888951056,0.05247654823565455,0.9579098796449796,0.9579098830120999,0.0,0.0,0.24904622223358,0.24904622252802514,0.020695460789315154,0.02069546083290548,0.24904622223358,0.24904622252802514,0.0,0.0,0.0,0.0
S2_CONFIRMATORY_CONSTRAINT,LONG_ONLY_CAP50,TT,4,0,8,f308b15df0894592f4d391bd3171a240cb3a8999f304da22950d010500153a3c,8cc9a7ca9b3d61073f9165bc88f83f1b82254ad24e3bed5fbc44cf4c3a8cc48f,8cc9a7ca9b3d61073f9165bc88f83f1b82254ad24e3bed5fbc44cf4c3a8cc48f,600,True,0.007885560984720387,0.007885545388953115,0.03796944438715347,0.037969445947741626,0.027858677112666225,0.027858686928294192,0.05249787206751057,0.052497871409697104,0.9578657790949309,0.9578657824615138,0.0,0.0,0.24922541897238276,0.24922541927425326,0.020693818190925355,0.02069381823324733,0.24922541897238276,0.24922541927425326,0.0,0.0,0.0,0.0
S2_CONFIRMATORY_CONSTRAINT,LONG_ONLY_CAP50,TT,5,0,8,d1f3c936a0267e41b3f79fe1e74ecde8a872beea114e539cbe9444f55b5bea97,3eb8c5516836d744e65420f4a447b7989e354ebe250e683f83d9f44d05c6d9d5,3eb8c5516836d744e65420f4a447b7989e354ebe250e683f83d9f44d05c6d9d5,600,True,0.007872718823907842,0.00787270322623115,0.037982908625468284,0.03798291017465509,0.027844017940517555,0.02784402774087846,0.05251066456667156,0.05251066391547077,0.9578938033909259,0.9578938067556888,0.0,0.0,0.2491501594014267,0.24915015968640358,0.020694931709325567,0.020694931751390824,0.2491501594014267,0.24915015968640358,0.0,0.0,0.0,0.0
S2_CONFIRMATORY_CONSTRAINT,LONG_ONLY_CAP50,TT,6,0,8,f8c2ca65ea30d315bc43fc73b5eeb81572a34012cf00a84767b47712ed310b84,fa30f6f659e6a59ad7913c38a7165c74f31a3d079f771de1b14eb1d7023fed90,fa30f6f659e6a59ad7913c38a7165c74f31a3d079f771de1b14eb1d7023fed90,600,True,0.007902287286756233,0.007902271721199524,0.03787207657386082,0.037872078167326254,0.027695842330128593,0.027695852178232904,0.0523894891003193,0.05238948844826117,0.9579925342265341,0.9579925375999876,0.0,0.0,0.2485065596534799,0.2485065599529372,0.020694574316991603,0.020694574362320747,0.2485065596534799,0.2485065599529372,0.0,0.0,0.0,0.0
S2_CONFIRMATORY_CONSTRAINT,LONG_ONLY_CAP50,TT,7,0,8,6566dbc98c7b79976b1c930286ad849011de7bf7b518989f9af1e45bc57993f6,1572e521da90119939527cb7f7d61b69a76f8ff9e409b71d56aa3134670a63c2,1572e521da90119939527cb7f7d61b69a76f8ff9e409b71d56aa3134670a63c2,600,True,0.007869395813059834,0.007869380213818786,0.03797322328589148,0.037973224857861074,0.02779826974618283,0.027798279553629276,0.05246029113922266,0.05246029048640049,0.957933796685963,0.9579338000555977,0.0,0.0,0.2488046876573397,0.2488046879491857,0.020694266455556217,0.020694266497772756,0.2488046876573397,0.2488046879491857,0.0,0.0,0.0,0.0
S2_CONFIRMATORY_CONSTRAINT,LONG_ONLY_CAP50,TT,8,0,8,1a2918eb0137a01640eb60e189b2a2792e79d2ff6c7ec63e1d17b02b6081b2a0,7a1dda0d6598ba7ca8627a0118cd235e5afda32e5cf24eded19892a3ef24e4da,7a1dda0d6598ba7ca8627a0118cd235e5afda32e5cf24eded19892a3ef24e4da,600,True,0.007882164499158005,0.00788214891906667,0.03793719136994964,0.03793719292669352,0.027782314250698853,0.02778232406484949,0.052445093988140595,0.052445093336469385,0.9579447711688394,0.957944774534312,0.0,0.0,0.24896523098958045,0.24896523127825732,0.02069510504964196,0.02069510509286004,0.24896523098958045,0.24896523127825732,0.0,0.0,0.0,0.0
S2_CONFIRMATORY_CONSTRAINT,LONG_ONLY_CAP50,TT,9,0,8,76e94cff89ee96db4c4caf990e79c581a1e4f62775562c6fd9558fb00831a654,eb829210d0d7dc0ce51750a14ac796e1505f08a1404678cf82577c4f30a210de,eb829210d0d7dc0ce51750a14ac796e1505f08a1404678cf82577c4f30a210de,600,True,0.007875670071224524,0.007875654481440045,0.03794727761478992,0.03794727918537235,0.027763939349776272,0.027763949162327856,0.052456311010965206,0.05245631036118224,0.9579542279557743,0.9579542313255346,0.0,0.0,0.24873046721070471,0.24873046749758512,0.020694209085652004,0.020694209128836415,0.24873046721070471,0.24873046749758512,0.0,0.0,0.0,0.0
S2_CONFIRMATORY_CONSTRAINT,LONG_ONLY_CAP50,TT,10,0,8,e0a144c99f577fa4d1010a376323951c8b420b874e7302e14aae4e802041073c,70271b1c7f371de86284cd95b42fb5ac4eacd64aedc5fb7066fbff30dd2f225f,70271b1c7f371de86284cd95b42fb5ac4eacd64aedc5fb7066fbff30dd2f225f,600,True,0.007881367036710675,0.007881351453254713,0.0379360994757794,0.037936101044209324,0.0277705764501358,0.027770586268737216,0.05245919356514121,0.05245919291766717,0.9579549882490455,0.9579549916166628,0.0,0.0,0.248803706613246,0.2488037068955322,0.020693934780252745,0.0206939348236583,0.248803706613246,0.2488037068955322,0.0,0.0,0.0,0.0
S2_CONFIRMATORY_CONSTRAINT,LONG_ONLY_CAP50,TT,11,0,8,1bb8eb16c4e7b1fe2ac26039d54921d22aafe33afaa783bdf22c1bacc4e1ce82,0e2596eef3a5a17ea12408df91fccb2d620633af7a3fb9d62b9c4e0012a42f4c,0e2596eef3a5a17ea12408df91fccb2d620633af7a3fb9d62b9c4e0012a42f4c,600,True,0.007883200619835043,0.007883185028524461,0.03796056621160986,0.03796056776807912,0.02783115678106671,0.027831166593795587,0.052506114899692674,0.05250611424803106,0.9578933404432343,0.9578933438093751,0.0,0.0,0.24911432333133587,0.24911432362004532,0.02069470601179186,0.020694706054619327,0.24911432333133587,0.24911432362004532,0.0,0.0,0.0,0.0
S2_CONFIRMATORY_CONSTRAINT,LONG_ONLY_CAP50,TT,12,0,8,3aac4d0a1c79ec77494f8e4452756368cc14db49474cb52bba433105a7a7d5d3,289320485e654a859b7d7ef93537a92f75e0f0a5f39f261f50ab9c1603573585,289320485e654a859b7d7ef93537a92f75e0f0a5f39f261f50ab9c1603573585,600,True,0.00788122200201819,0.00788120640607704,0.03797674284172758,0.03797674439685846,0.027865759178353468,0.02786576898954706,0.052521241422472636,0.052521240770943,0.9578753979529594,0.957875401317605,0.0,0.0,0.24922576423758563,0.24922576452491946,0.0206953492381933,0.02069534928043406,0.24922576423758563,0.24922576452491946,0.0,0.0,0.0,0.0
S2_CONFIRMATORY_CONSTRAINT,LONG_ONLY_CAP50,TT,13,0,8,2204f08dfc06c55e6b086ae27ab21753ee4fcf2d8e1d6690479fdf4ac7aa3b71,03b28a7edfbbe49f78e6c0d9a52567a9cd55cb41c7f1219293b8826bf0e62136,03b28a7edfbbe49f78e6c0d9a52567a9cd55cb41c7f1219293b8826bf0e62136,600,True,0.007896908253448855,0.00789689267362215,0.03792520419601549,0.03792520575923417,0.02780114737395148,0.02780115720177581,0.052496126452608136,0.0524961258016263,0.9579039642573253,0.9579039676247746,0.0,0.0,0.2490448365011304,0.24904483679166212,0.020694788166226732,0.020694788210297643,0.2490448365011304,0.24904483679166212,0.0,0.0,0.0,0.0
S2_CONFIRMATORY_CONSTRAINT,LONG_ONLY_CAP50,TT,14,0,8,648316d23134f5aa0043d63317b23936e11232556803d966a42fb381520cc37d,7d3b9209d8c1f91df61575a5c172405172824624e68299f2627c82bd431b4f3e,7d3b9209d8c1f91df61575a5c172405172824624e68299f2627c82bd431b4f3e,600,True,0.007864668293053184,0.007864652694094572,0.03798519219691862,0.037985193760410894,0.027829206481341226,0.027829216284591948,0.0524606026797077,0.05246060202993107,0.9579366922146366,0.9579366955800012,0.0,0.0,0.24894262764110975,0.24894262792435504,0.02069542571096264,0.02069542575237393,0.24894262764110975,0.24894262792435504,0.0,0.0,0.0,0.0
S2_CONFIRMATORY_CONSTRAINT,LONG_ONLY_CAP50,TT,15,0,8,5e801c625fe6d9a61850fa1b47caaa5feff4da3c54e2f2bee3f7a93aeccedc88,c30340fdafcd1136b7558ebeee0d1fb6f06257526136e668428e3d9fd4b740b2,c30340fdafcd1136b7558ebeee0d1fb6f06257526136e668428e3d9fd4b740b2,600,True,0.00785784192902952,0.00785782632655126,0.03799300934083025,0.037993010894075786,0.027798298676207003,0.0277983084641216,0.05246882964187908,0.05246882898932307,0.9579359086356368,0.9579359120027974,0.0,0.0,0.24888564861131435,0.24888564889774084,0.02069401047103738,0.020694010512750508,0.24888564861131435,0.24888564889774084,0.0,0.0,0.0,0.0
S2_CONFIRMATORY_CONSTRAINT,LONG_ONLY_CAP50,TT,16,0,8,d52898c1526b4500f86731f1ed967af4df12e21ea105cd2303fe0422cf6ebc16,b31e22529b026acb678675e1c3ed0deef93221d10328c5abc227c2bcb32bf272,b31e22529b026acb678675e1c3ed0deef93221d10328c5abc227c2bcb32bf272,600,True,0.00787959216057406,0.007879576560133945,0.03798728502732108,0.03798728657625527,0.027875337386865373,0.02787534719140028,0.052537082094033176,0.05253708143971043,0.9578536763709449,0.9578536797358569,0.0,0.0,0.24930978076327048,0.24930978105519697,0.020694363286422577,0.020694363328502316,0.24930978076327048,0.24930978105519697,0.0,0.0,0.0,0.0
S2_CONFIRMATORY_CONSTRAINT,LONG_ONLY_CAP50,TT,17,0,8,a64b9560e1f5829e7b2e964c33627b4454795cb349dd7e915c83e5bd92625bc1,6f017ca3bde298264895efc3c7d1f689acaf5080dc130d79f5dfb177a426beeb,6f017ca3bde298264895efc3c7d1f689acaf5080dc130d79f5dfb177a426beeb,600,True,0.007894104171956169,0.007894088587373537,0.037945730882425546,0.03794573243807833,0.027847144987809866,0.02784715481100514,0.052518146251921236,0.05251814560111148,0.9578784485851486,0.9578784519497386,0.0,0.0,0.2492400397003911,0.24924003998842853,0.020695177463571964,0.020695177506842907,0.2492400397003911,0.24924003998842853,0.0,0.0,0.0,0.0
S2_CONFIRMATORY_CONSTRAINT,LONG_ONLY_CAP50,TT,18,0,8,95230c73b6d57b0f6bd6551c722fa17059957780f4949138c7e1347d2a912ab1,e82e078d97fc6fa83c936d70535c5c3bb632f3ce7f80a318ebbbb03b1fd5845a,e82e078d97fc6fa83c936d70535c5c3bb632f3ce7f80a318ebbbb03b1fd5845a,600,True,0.007874075057366483,0.007874059458857167,0.037981876263768255,0.037981877817358636,0.027844918776429594,0.027844928579705542,0.05250755716496925,0.052507556512846845,0.9578912531962461,0.9578912565618072,0.0,0.0,0.24913149462714557,0.24913149491491676,0.020694711190515174,0.02069471123259305,0.24913149462714557,0.24913149491491676,0.0,0.0,0.0,0.0
S2_CONFIRMATORY_CONSTRAINT,LONG_ONLY_CAP50,TT,19,0,8,9752d16be17cd675875c30146071baa1aea462ec5b88d2f751092f89cd6ec312,ab3593e4b36f097f7f56ab175e47521b4d927444f36c9273544ef008cb11c879,ab3593e4b36f097f7f56ab175e47521b4d927444f36c9273544ef008cb11c879,600,True,0.007922540569015757,0.007922525004875725,0.037881246332210655,0.03788124789842526,0.027807825079228323,0.02780783493192508,0.052493982134972694,0.05249398148100447,0.9578782664956453,0.95787826986269,0.0,0.0,0.24922231697409006,0.24922231727493602,0.02069539073229051,0.02069539077761223,0.24922231697409006,0.24922231727493602,0.0,0.0,0.0,0.0
S2_CONFIRMATORY_CONSTRAINT,LONG_ONLY_CAP50,TT,20,0,8,e6bf1f79ea5a53756827d5dec156ef9f51141298d4a23cac0065e6bea9e43391,9fc8f95043fcc35a2932addd94d09e99634bad192fc519bb88fc22fe09a06dee,9fc8f95043fcc35a2932addd94d09e99634bad192fc519bb88fc22fe09a06dee,600,True,0.007878106476958397,0.007878090884303296,0.037957980815583985,0.037957982379762445,0.027792835940933732,0.027792845750837777,0.05246899977082211,0.05246899911589872,0.9579189345166105,0.9579189378858131,0.0,0.0,0.24891168863599047,0.24891168893200044,0.020694469073563752,0.020694469116529265,0.24891168863599047,0.24891168893200044,0.0,0.0,0.0,0.0
S2_CONFIRMATORY_CONSTRAINT,LONG_ONLY_CAP50,TT,21,0,8,fa8c058d8c08746c626f8b9f2a591f05388ef4428892a85bc558d9d6f487a674,9bf2bdc662c6f3b359f021f5194332ec7368bb954308cd7edc696455402f2742,9bf2bdc662c6f3b359f021f5194332ec7368bb954308cd7edc696455402f2742,600,True,0.007885958246904589,0.007885942658101986,0.037957014441801114,0.03795701600100221,0.02784385677192533,0.027843866590297105,0.05249271726856651,0.05249271661656112,0.9578944521121983,0.9578944554771974,0.0,0.0,0.24916057479035217,0.24916057508031594,0.020695531218867913,0.020695531261522796,0.24916057479035217,0.24916057508031594,0.0,0.0,0.0,0.0
S2_CONFIRMATORY_CONSTRAINT,LONG_ONLY_CAP50,TT,22,0,8,3a5a1a68e6f567a236e525709132f109dfa55622a93feabe83088e34d2f7e03e,94a2cef5459b69396c330618872cd4bce7182ebd592c4b50a670fae726de85ae,94a2cef5459b69396c330618872cd4bce7182ebd592c4b50a670fae726de85ae,600,True,0.007892856088841195,0.007892840502175244,0.03795142386617321,0.03795142542482433,0.02786120402734814,0.02786121385185675,0.05250774912588899,0.05250774847382799,0.9578760072550199,0.9578760106192968,0.0,0.0,0.24926499135772723,0.24926499164860222,0.020695443536545205,0.02069544357937053,0.24926499135772723,0.24926499164860222,0.0,0.0,0.0,0.0
S2_CONFIRMATORY_CONSTRAINT,LONG_ONLY_CAP50,TT,23,0,8,5b22eec30ef475775797eb3775e332b15dd95ad0ff9c83518fb0330aa5a00b29,ddfc3b05206f10b03f00277488fdb30d5ebb527868d87ef84dd042dd5f5899a7,ddfc3b05206f10b03f00277488fdb30d5ebb527868d87ef84dd042dd5f5899a7,600,True,0.007894758830375883,0.00789474324853644,0.03793046384025743,0.037930465407515365,0.027810290929317395,0.027810300758355052,0.0524856207877903,0.05248562013657587,0.9579074995495024,0.9579075029169254,0.0,0.0,0.24903061950002192,0.24903061979143062,0.020695406119795486,0.02069540616347714,0.24903061950002192,0.24903061979143062,0.0,0.0,0.0,0.0
S2_CONFIRMATORY_CONSTRAINT,LONG_ONLY_CAP50,TT,24,0,8,8f9a2956d2431a04a74f6c4945badf3d928b1bd90c843c674ac201058726de9d,a8110934a865e7585f89f2f6a72717b24ea90d1d3bd544dec425c3fa4750fd35,a8110934a865e7585f89f2f6a72717b24ea90d1d3bd544dec425c3fa4750fd35,600,True,0.00788001579713527,0.007880000205571606,0.03795630333808113,0.037956304910621436,0.027814986257852403,0.027814996077161588,0.05245412843734888,0.052454127784279915,0.9579248809444569,0.9579248843121179,0.0,0.0,0.24893543228831033,0.2489354325821272,0.02069453264241679,0.020694532684854505,0.24893543228831033,0.2489354325821272,0.0,0.0,0.0,0.0
S2_CONFIRMATORY_CONSTRAINT,LONG_ONLY_CAP50,TT,25,0,8,4e6692cac162ed0407e5b38e5a0319ab40ecb9ece233e8fa2c596352bdb38909,10368b48b1dfd5884f26f88e75f12cfc2559816d872443cdf4ffef3b72a0f675,10368b48b1dfd5884f26f88e75f12cfc2559816d872443cdf4ffef3b72a0f675,600,True,0.007873358996529193,0.007873343399894544,0.03796509027619036,0.03796509185093649,0.02779395803830888,0.027793967850412677,0.05245771436668093,0.052457713713673304,0.9579342736183558,0.9579342769883827,0.0,0.0,0.24879348806552842,0.2487934883586334,0.0206945480346508,0.02069454807717913,0.24879348806552842,0.2487934883586334,0.0,0.0,0.0,0.0
S2_CONFIRMATORY_CONSTRAINT,LONG_ONLY_CAP50,TT,26,0,8,756bb8358df58abaa3474ff1cee424d0615f6e0e8bc22cdf8c8462a5a97a2c08,c51790a9ca98447885567977a7e1a652992c9f4d5a02560797e431d6f3fd2e27,c51790a9ca98447885567977a7e1a652992c9f4d5a02560797e431d6f3fd2e27,600,True,0.007920363557822734,0.007920347987243944,0.03789768959836207,0.03789769116770909,0.02783543859703027,0.02783544844895923,0.05250722600280856,0.052507225347862015,0.9578601141907914,0.957860117558008,0.0,0.0,0.24927065773299908,0.24927065803553095,0.02069570988313137,0.020695709927957658,0.24927065773299908,0.24927065803553095,0.0,0.0,0.0,0.0
S2_CONFIRMATORY_CONSTRAINT,LONG_ONLY_CAP50,TT,27,0,8,fc535c6bf532cbc2aca51a9789638f9a055e6757954fe5bb98d1a5c04f717d3e,922f746fa3701a7351b3b52c91a4cec180b4dab4aa0109f1aa217105b662353c,922f746fa3701a7351b3b52c91a4cec180b4dab4aa0109f1aa217105b662353c,600,True,0.007877279074135187,0.00787726348679692,0.037955842760165594,0.037955844321307455,0.02781563538896236,0.027815645203158372,0.05246975966512437,0.052469759018039554,0.9579380743398574,0.9579380777043661,0.0,0.0,0.24898200098984383,0.24898200126927417,0.020695272087547442,0.020695272129997434,0.24898200098984383,0.24898200126927417,0.0,0.0,0.0,0.0
S2_CONFIRMATORY_CONSTRAINT,LONG_ONLY_CAP50,TT,28,0,8,32e14c4cd28cde4ac4d52f8ea4996d2f3d11f6b0cdd4001d06d9490bad4b5fc2,dcc6a82797e408f97e7bf313fb2c06f219052e522f77622844a4848bc07ff6ed,dcc6a82797e408f97e7bf313fb2c06f219052e522f77622844a4848bc07ff6ed,600,True,0.007886738359641455,0.007886722772451043,0.03794800468682739,0.037948006250032786,0.027815484366552772,0.027815494185728845,0.05247820358278807,0.05247820292908308,0.95790579706452,0.9579058004316188,0.0,0.0,0.24904633677636148,0.2490463370706151,0.02069489264329176,0.02069489268640127,0.24904633677636148,0.2490463370706151,0.0,0.0,0.0,0.0
S2_CONFIRMATORY_CONSTRAINT,LONG_ONLY_CAP50,TT,29,0,8,b9121c466ee6e47bfc4d23f6285f45a7a5bf07270c87877473f7ff0d39185a6c,c7324271dac20dc289f3a4606e8b555746c4cff38cc806277eedc350d69e9669,c7324271dac20dc289f3a4606e8b555746c4cff38cc806277eedc350d69e9669,600,True,0.007874199150842474,0.007874183555265746,0.03797354353338665,0.03797354509070659,0.027823382491504678,0.027823392296407252,0.052482399470316604,0.05248239881676463,0.9579079932500272,0.957907996616467,0.0,0.0,0.24904312158233946,0.24904312187346178,0.020694643565000604,0.020694643607308785,0.24904312158233946,0.24904312187346178,0.0,0.0,0.0,0.0
S2_CONFIRMATORY_CONSTRAINT,LONG_ONLY_CAP50,TT,30,0,8,c4b6bd83bb5603ec8c6948e9206f89ec9f9b1cd4c2eac2efa52613e13174a9a2,66d26c1dee59ff4826aee7452f07af5571ba95dc8d3d2edad46f478e53e38d70,66d26c1dee59ff4826aee7452f07af5571ba95dc8d3d2edad46f478e53e38d70,600,True,0.007870470041348318,0.00787045443298297,0.03801918643782925,0.03801918796852173,0.027918275434517956,0.027918285222638346,0.052573485834388034,0.05257348518060181,0.9578252109901949,0.9578252143516095,0.0,0.0,0.2495379765290741,0.24953797681537454,0.020694442188616123,0.020694442229716427,0.2495379765290741,0.24953797681537454,0.0,0.0,0.0,0.0
S2_CONFIRMATORY_CONSTRAINT,LONG_ONLY_CAP50,TT,31,0,8,5878ddbb106c6c0cea90f76aa084b3edc72bd340d44f8a0e8622b2e030bf59b2,a4182c278a0f18f3ae0cc9e6b5a2984780a247fe44b89863f397982e46685bf7,a4182c278a0f18f3ae0cc9e6b5a2984780a247fe44b89863f397982e46685bf7,600,True,0.007880814527111705,0.007880798940312458,0.03793702835402778,0.03793702993244982,0.027760947223873973,0.02776095704476302,0.052425038050956545,0.05242503739673713,0.9579550840381418,0.95795508740897,0.0,0.0,0.24871674667397448,0.24871674697170612,0.020694371220802428,0.020694371264071657,0.24871674667397448,0.24871674697170612,0.0,0.0,0.0,0.0
S2_CONFIRMATORY_CONSTRAINT,LONG_ONLY_CAP50,TT,32,0,8,b8fbdf65d6774114371f0770e88625d9b7ece44a01498f527222c9618f0d89bd,b3a4a0a0886f763a23d07f8cb23523377d6f05442cd9048e05488494c6ba3e38,b3a4a0a0886f763a23d07f8cb23523377d6f05442cd9048e05488494c6ba3e38,600,True,0.007867570862651435,0.007867555258414913,0.03799892517464588,0.03799892672768917,0.027860891276587325,0.027860901074473216,0.05252026244580021,0.052520261795830206,0.9578901874269956,0.9578901907918387,0.0,0.0,0.2491359326334145,0.2491359329155242,0.02069530326788898,0.02069530330943852,0.2491359326334145,0.2491359329155242,0.0,0.0,0.0,0.0
S2_CONFIRMATORY_CONSTRAINT,LONG_ONLY_CAP50,TT,33,0,8,98dfa29eb033cf52f5b5ae3ea0938dfa9ff79486c8fc98a6ac1432eb152bf069,bc90d11c7dfab6fd27dcdedda8e1eec4ad2f433ba6d4e39bb47be6ea575a0d7a,bc90d11c7dfab6fd27dcdedda8e1eec4ad2f433ba6d4e39bb47be6ea575a0d7a,600,True,0.007875456825986544,0.007875441229467196,0.03798041541255305,0.037980416963505695,0.02785446238590992,0.027854472190505228,0.052510934072190055,0.052510933421361136,0.9578899047993565,0.9578899081634776,0.0,0.0,0.24918991855842276,0.24918991884325756,0.020695061136810074,0.020695061178826708,0.24918991855842276,0.24918991884325756,0.0,0.0,0.0,0.0
S2_CONFIRMATORY_CONSTRAINT,LONG_ONLY_CAP50,TT,34,0,8,4a8de310ddbd6cf007f7572caeab1ce361973c870b3b0a2943fad781b3dc0e78,3f1eecd469a23373ac25345e1b37cf478a2b47630afef8ade518d752f6aaef70,3f1eecd469a23373ac25345e1b37cf478a2b47630afef8ade518d752f6aaef70,600,True,0.00786057336278314,0.007860557761154012,0.037986956059106285,0.0379869576172217,0.027789936594877388,0.027789946386661414,0.05246921010147848,0.052469209449034965,0.9579378564267771,0.9579378597950826,0.0,0.0,0.24883346592990088,0.2488334662171763,0.020694227113376706,0.020694227155436416,0.24883346592990088,0.2488334662171763,0.0,0.0,0.0,0.0
S2_CONFIRMATORY_CONSTRAINT,LONG_ONLY_CAP50,TT,35,0,8,44ef8c968ea28c16821f5a9f2ff2384b9f541ff31845ff113dc334b9ecc6d78e,a1113ab943ac654787c3c594214630dbc2128c868cfa0c1de9cc7b2da1678c54,a1113ab943ac654787c3c594214630dbc2128c868cfa0c1de9cc7b2da1678c54,600,True,0.007887661750362044,0.007887646165686905,0.03793918396403244,0.03793918553047126,0.027799987894157805,0.02779999771611078,0.052470848641892574,0.052470847989877126,0.9579205758725332,0.9579205792402047,0.0,0.0,0.24896776985866997,0.2489677701504814,0.020695398749950102,0.020695398793340595,0.24896776985866997,0.2489677701504814,0.0,0.0,0.0,0.0
S2_CONFIRMATORY_CONSTRAINT,LONG_ONLY_CAP50,TT,36,0,8,216227f8cafc54c7ab14e074614179f86247212c9f82dd2ff56b4c3c6be61d82,08dc5eee7d6edb9699053dcda469ca935f412c17526ef9714ea17fcc66db11d7,08dc5eee7d6edb9699053dcda469ca935f412c17526ef9714ea17fcc66db11d7,600,True,0.007869493815947516,0.007869478223554575,0.03796134809261958,0.037961349659317814,0.027780867915362755,0.027780877722390025,0.0524493410265977,0.05244934037693352,0.9579562416087408,0.957956244976554,0.0,0.0,0.24878549846469686,0.2487854987494317,0.020694140317025937,0.020694140359492914,0.24878549846469686,0.2487854987494317,0.0,0.0,0.0,0.0
S2_CONFIRMATORY_CONSTRAINT,LONG_ONLY_CAP50,TT,37,0,8,eb97cce66800d0c38dd6f5f9aeb00698a414b2979f50941f5aba5f0aec71b18d,062c8ecf6133da29720f3ddf28c19799e5c1804f71476c217afd7b18435c16b6,062c8ecf6133da29720f3ddf28c19799e5c1804f71476c217afd7b18435c16b6,600,True,0.007874913833895254,0.007874898234464595,0.037988495449114396,0.037988497001592396,0.027878127495456793,0.027878137301605137,0.05252368930445671,0.05252368865533011,0.9578810640417191,0.9578810674049609,0.0,0.0,0.24924352276250775,0.2492435230440491,0.020695596980126067,0.02069559702175491,0.24924352276250775,0.2492435230440491,0.0,0.0,0.0,0.0
S2_CONFIRMATORY_CONSTRAINT,LONG_ONLY_CAP50,TT,38,0,8,44faa1a6a4aaddba82a7a09f53650fdaf7e8c3891005b2a2b8fd7e3ece97fbf8,a63974def80707966f8ef972f56425fdb4e2cd681abb37ead3d64a53ce046a3d,a63974def80707966f8ef972f56425fdb4e2cd681abb37ead3d64a53ce046a3d,600,True,0.007902097377443212,0.007902081798880588,0.037922463948628665,0.037922465513702416,0.02782193524805829,0.02782194508253229,0.05250605625692276,0.05250605560666016,0.9578914142436223,0.9578914176102574,0.0,0.0,0.24912608337495365,0.24912608366496058,0.020695648077843756,0.020695648121910125,0.24912608337495365,0.24912608366496058,0.0,0.0,0.0,0.0
S2_CONFIRMATORY_CONSTRAINT,LONG_ONLY_CAP50,TT,39,0,8,265528718b19a1ad200c58b2761d174951acc0854f81182f199bdd4192100ec8,710a9829835f6f839e6f85155803d0546bf90c7c2ebdeaec9d003c4006a6732d,710a9829835f6f839e6f85155803d0546bf90c7c2ebdeaec9d003c4006a6732d,600,True,0.007898822455963976,0.007898806871695663,0.037945130644430586,0.03794513219237262,0.027856407456874583,0.02785641727810084,0.052530668956646084,0.05253066830142783,0.957850801825188,0.9578508051899449,0.0,0.0,0.24937654308651083,0.2493765433828631,0.020695603706896958,0.020695603750425475,0.24937654308651083,0.2493765433828631,0.0,0.0,0.0,0.0
S1_PRIMARY,LONG_ONLY_FULL,TT,0,0,9,0ad1ff00de5f12745943c90e185267f72edfbd2f1d5bc62d91f163288d6563eb,6b99246d38b138b3ee56c404bb9a447de398ed8d38be17956993165ce29c5edd,6b99246d38b138b3ee56c404bb9a447de398ed8d38be17956993165ce29c5edd,600,True,0.013093187197248795,0.013093194431065743,0.08343420736657997,0.08343420864186366,0.06000934513164459,0.06000934580884027,0.10535701422723852,0.105357014763235,0.9071232584081153,0.9071232592801239,0.0,0.0,0.5021710965004127,0.5021710956298309,0.08266288954230895,0.08266288975525683,0.5021710965004127,0.5021710956298309,0.0,0.0,0.0,0.0
S1_PRIMARY,LONG_ONLY_FULL,TT,1,0,9,b3d6007b8d36af400863df4d8069756070c6065a21ba643c16e4d266602f3058,7218c2d46a075f9ac0ea5f7e2bcbf1b24d255704cae8c4210b87ff94f5b61515,7218c2d46a075f9ac0ea5f7e2bcbf1b24d255704cae8c4210b87ff94f5b61515,600,True,0.013220139651028978,0.013220146870240953,0.08327803674106245,0.0832780379636932,0.059817854317122415,0.059817079714876896,0.10543808306205396,0.10543808360042069,0.9073886573830152,0.9073886582596351,0.0,0.0,0.5019659426270427,0.5019659417099072,0.08267061168915565,0.08267061191480445,0.5019659426270427,0.5019659417099072,0.0,0.0,0.0,0.0
S1_PRIMARY,LONG_ONLY_FULL,TT,2,0,9,aa9821e7538e18491c151b8f06dfcead4b8fbaba9ac66d6259597de026ac2954,75ed93780dfaad1882408224064b04a879f51befeddb9f2364df0d5dcd361ce9,75ed93780dfaad1882408224064b04a879f51befeddb9f2364df0d5dcd361ce9,600,True,0.013120246967450781,0.013120254260970432,0.08331934057751765,0.0833193418536701,0.05997470952905469,0.059974710921896046,0.10534601470372687,0.10534601524036699,0.9071775272413602,0.9071775281150903,0.0,0.0,0.5011404117001944,0.5011404107812977,0.08266464548826417,0.0826646457005401,0.5011404117001944,0.5011404107812977,0.0,0.0,0.0,0.0
S1_PRIMARY,LONG_ONLY_FULL,TT,3,0,9,9cddee0f94ecc5eee6d360f0f94f69c37a45b94fa14c27ef4eb5e2439cdb3358,9e7992d05378b73012d9769d17e0b0433eb76a1bb95385c0bbf7782dc0761987,9e7992d05378b73012d9769d17e0b0433eb76a1bb95385c0bbf7782dc0761987,600,True,0.01318441004562428,0.013184417335272343,0.08326013290254801,0.0832601341442265,0.059809173629568106,0.059808398159047524,0.1053683562327793,0.1053683567705909,0.907340663674439,0.9073406645507693,0.0,0.0,0.501232482948131,0.5012324820221318,0.08267514924650209,0.08267514946738805,0.501232482948131,0.5012324820221318,0.0,0.0,0.0,0.0
S1_PRIMARY,LONG_ONLY_FULL,TT,4,0,9,45e4bdf966fd665589156e7bddc29b8db43a0112b0a6342b37be9ee8203125ef,4fd6dcde5f4f59ccd5101960ef03fb7fc5fc54eaa7809231acad79b9c709cbf6,4fd6dcde5f4f59ccd5101960ef03fb7fc5fc54eaa7809231acad79b9c709cbf6,600,True,0.013138927703979727,0.01313893499469616,0.08333723620391456,0.08333723745755718,0.059736916588353686,0.059736917987227175,0.10532159759163177,0.10532159812952545,0.9071161164597511,0.9071161173338002,0.0,0.0,0.5019118267610952,0.5019118258410418,0.082656743511107,0.08265674372668846,0.5019118267610952,0.5019118258410418,0.0,0.0,0.0,0.0
S1_PRIMARY,LONG_ONLY_FULL,TT,5,0,9,22a3b836afbffcfee4b61e84361f542795eb9f40131f5c3b84fbea04e630c30b,2ad14f0203a79f48fb880331f52ec7ce673f8d3a5cfc3c38ac199f03d1d3dfed,2ad14f0203a79f48fb880331f52ec7ce673f8d3a5cfc3c38ac199f03d1d3dfed,600,True,0.013083379184097334,0.013083386436033632,0.08340099452303572,0.08340099580428831,0.059996146923669065,0.05999614737590904,0.10533811765292478,0.10533811818877235,0.9071605994454142,0.9071606003181426,0.0,0.0,0.5015977449158854,0.5015977440425586,0.08266455928430348,0.08266455949743627,0.5015977449158854,0.5015977440425586,0.0,0.0,0.0,0.0
S1_PRIMARY,LONG_ONLY_FULL,TT,6,0,9,97880e8cad0b04f484804c84ea78868282bf436b9d241069e437d6409fc331ac,422db4213b9c45b7db2059a8d88fa97750aac806da606d6c8cbfd9260e43da3d,422db4213b9c45b7db2059a8d88fa97750aac806da606d6c8cbfd9260e43da3d,600,True,0.013175842934073888,0.013175850302387875,0.08310470474587513,0.08310467871625339,0.05988365749940433,0.05988361177044475,0.10529051515087247,0.10529051568865994,0.9075718488314399,0.9075718497116737,0.0,0.0,0.49906945931304675,0.4990694583732431,0.0826714209363527,0.08267142116223117,0.49906945931304675,0.4990694583732431,0.0,0.0,0.0,0.0
S1_PRIMARY,LONG_ONLY_FULL,TT,7,0,9,3856d94e9106f20120adc545e35f2156fc8b2347509e2de78a347775f0831968,cc08824d80c3af771b8e53f904298db2c4221583f9421500d1bd4101f9b7e139,cc08824d80c3af771b8e53f904298db2c4221583f9421500d1bd4101f9b7e139,600,True,0.013082403876027042,0.013082411174726158,0.0832934618857562,0.08329346316933474,0.0598791440588165,0.059878366066773554,0.10528489975922795,0.10528490029547385,0.9072797307662175,0.9072797316420692,0.0,0.0,0.5001880780594995,0.5001880771680839,0.08266909039371295,0.08266909061092062,0.5001880780594995,0.5001880771680839,0.0,0.0,0.0,0.0
S1_PRIMARY,LONG_ONLY_FULL,TT,8,0,9,d6322b47f4243479a26fe7b990f610b7286df4d50d9a12ff3c33a17f8f23f189,3ed95c10bbbe69981765910c72aa2751e07f371fadacd9d3b23449f6d7cd5ea4,3ed95c10bbbe69981765910c72aa2751e07f371fadacd9d3b23449f6d7cd5ea4,600,True,0.013157050581575232,0.013157057925309698,0.08326587523568611,0.0832658764816729,0.059827790343149875,0.059827011572123265,0.10530248922077169,0.1053024897580767,0.9073639382244235,0.9073639391001886,0.0,0.0,0.5009636542819799,0.5009636533721539,0.08267507024038297,0.08267507046011602,0.5009636542819799,0.5009636533721539,0.0,0.0,0.0,0.0
S1_PRIMARY,LONG_ONLY_FULL,TT,9,0,9,6ec884b1dfca21bee854c951cc44e21428ef88a5c600e90f1e6f581c6f2ff601,6417057e88c0b8937d1517c826345fab881de9cc7f22ab00fdd1d36739a094d2,6417057e88c0b8937d1517c826345fab881de9cc7f22ab00fdd1d36739a094d2,600,True,0.013072538272315692,0.013072545564353973,0.08329216844759159,0.08329216973555002,0.05992885894216371,0.0599280785466899,0.10529078544666887,0.10529078598220677,0.9073455064295304,0.9073455073056186,0.0,0.0,0.4999130519529186,0.49991305107864414,0.08266890652372028,0.082668906741199,0.4999130519529186,0.49991305107864414,0.0,0.0,0.0,0.0
S1_PRIMARY,LONG_ONLY_FULL,TT,10,0,9,d8520d6f1fb6e511142d03e0d684844cca92e471b097db39072ebf2e1543cc3d,a22f06b40d5f3c7780f140618812f64196042648e141ef6255aef7a4d6dba8cf,a22f06b40d5f3c7780f140618812f64196042648e141ef6255aef7a4d6dba8cf,600,True,0.013093767349377707,0.013093774632975534,0.08329439814497828,0.08329439942231281,0.059930432336469115,0.059929651487869995,0.10530686009830163,0.10530686063402962,0.9073819790771218,0.9073819799533114,0.0,0.0,0.5002065228270058,0.5002065219534826,0.08266230703814323,0.08266230725740181,0.5002065228270058,0.5002065219534826,0.0,0.0,0.0,0.0
S1_PRIMARY,LONG_ONLY_FULL,TT,11,0,9,b27b28e1323053e3fdd83e6fb1e1dcbc2b9101521bede40e5375df4b8f715cc0,92c9858ef005c1861a332f3b2fb7a941f9b4161aee0f043c62a83cca6c342c86,92c9858ef005c1861a332f3b2fb7a941f9b4161aee0f043c62a83cca6c342c86,600,True,0.013127095677540149,0.013127102918352522,0.08334568735278342,0.08334568862140092,0.059858935359494575,0.059858935804774735,0.10537600704467397,0.10537600758120741,0.9072526475787799,0.9072526484530513,0.0,0.0,0.501407850747076,0.5014078498521973,0.08267043127363463,0.08267043149089363,0.501407850747076,0.5014078498521973,0.0,0.0,0.0,0.0
S1_PRIMARY,LONG_ONLY_FULL,TT,12,0,9,facdb9827fe812da9c9bb34a4b0298245e1ee3ba72f33735397c5110cb18d324,a9bd98b1315ae322905be72b3dbc03ae5c457bc2e2da5ad41ad5ce53598bafb0,a9bd98b1315ae322905be72b3dbc03ae5c457bc2e2da5ad41ad5ce53598bafb0,600,True,0.013153733015370152,0.013153740248351949,0.08334374014686799,0.08334374140164401,0.05981525008875947,0.059814476405967314,0.10539357863852823,0.10539357917571053,0.9072389307153492,0.9072389315900515,0.0,0.0,0.5018075779912069,0.5018075770881074,0.08267667085983231,0.08267667107846938,0.5018075779912069,0.5018075770881074,0.0,0.0,0.0,0.0
S1_PRIMARY,LONG_ONLY_FULL,TT,13,0,9,d8cb7781d6a82c96f1acacf9d58a820c6bb99c42585bccdaabdefe52349363bd,c7ce4fbca16405af0b434d10216b97df1f637402978b983666092d83ce3cec9f,c7ce4fbca16405af0b434d10216b97df1f637402978b983666092d83ce3cec9f,600,True,0.013134574862802749,0.013134582112561376,0.08331429512644165,0.08331429639081599,0.059842968047088343,0.05984219266393802,0.10537102716691375,0.10537102770369083,0.9072802355821491,0.9072802364572544,0.0,0.0,0.5011832399415699,0.5011832390409245,0.08266447365137494,0.08266447386957596,0.5011832399415699,0.5011832390409245,0.0,0.0,0.0,0.0
S1_PRIMARY,LONG_ONLY_FULL,TT,14,0,9,41e4116789380c024734ab58deec0848cc1675215d3b85821ed1efb86e0006ca,945d51307f0afc85410ef9772d408405a29436ea089f9fdd902643ae9c6d3341,945d51307f0afc85410ef9772d408405a29436ea089f9fdd902643ae9c6d3341,600,True,0.013078131590620646,0.013078138887179293,0.08334508345166194,0.08334508472388161,0.059884115746489455,0.05988333654967313,0.10525909322736636,0.10525909367860431,0.9072701779365611,0.9072701788120723,0.0,0.0,0.5007954023867911,0.5007954015218811,0.08266686092170997,0.08266686114036155,0.5007954023867911,0.5007954015218811,0.0,0.0,0.0,0.0
S1_PRIMARY,LONG_ONLY_FULL,TT,15,0,9,69824712dfe453549c0869ec617c40d6d28f5f0644418ce0bc3900516e0dc9b3,3b39bbb6af748e30500d7062b8f239e1b913fac248d066a7e87f0f99435e9738,3b39bbb6af748e30500d7062b8f239e1b913fac248d066a7e87f0f99435e9738,600,True,0.01305567950784044,0.01305568681055185,0.08335960481768649,0.08335960611325659,0.06003882812505325,0.06003882857587996,0.1052777843508019,0.10527778488611937,0.907208903822812,0.9072089046965064,0.0,0.0,0.5005828326201116,0.5005828317452039,0.08266378308230747,0.08266378329466674,0.5005828326201116,0.5005828317452039,0.0,0.0,0.0,0.0
S1_PRIMARY,LONG_ONLY_FULL,TT,16,0,9,e126bef6226c310bf916f77410efd948f74c3ec63781a25a9d8d48edd93dce67,0fb342dc720604b6618174d4706bf1c10839ae0f1558548092cf31c9f85390f0,0fb342dc720604b6618174d4706bf1c10839ae0f1558548092cf31c9f85390f0,600,True,0.013127163872733782,0.013127171101668675,0.08339435032407087,0.08339435159057512,0.059924427230487395,0.05992442790792782,0.10539124486742349,0.10539124540426947,0.907106904642462,0.9071069055150144,0.0,0.0,0.5022555121405535,0.5022555112404705,0.08266308508757719,0.08266308530081871,0.5022555121405535,0.5022555112404705,0.0,0.0,0.0,0.0
S1_PRIMARY,LONG_ONLY_FULL,TT,17,0,9,db8aa973307b83edceceb097da744ffba780b93c53774a05ccae695ef8c206f6,678ea0499c9aa583c4ae73aa8312572fa16652c5637f24d6aca5300c01b55dfb,678ea0499c9aa583c4ae73aa8312572fa16652c5637f24d6aca5300c01b55dfb,600,True,0.01318322871015641,0.013183235924032921,0.08332248659976971,0.08332248784024437,0.05981754623737837,0.059816772326983354,0.10542232620037777,0.10542232673799264,0.9073071589646794,0.9073071598400916,0.0,0.0,0.5019780204127114,0.5019780195068201,0.08266372318879098,0.08266372341071093,0.5019780204127114,0.5019780195068201,0.0,0.0,0.0,0.0
S1_PRIMARY,LONG_ONLY_FULL,TT,18,0,9,29437827b9ad7b900fdd7ffe8170f55c9443370830630814ef278674f848cf3e,49d69e4c407a58f117cac5c6170e2ac4a7e9bbc66ba9af4397b72de0f9cc0507,49d69e4c407a58f117cac5c6170e2ac4a7e9bbc66ba9af4397b72de0f9cc0507,600,True,0.013075252996457043,0.013075260245833326,0.08340514699913303,0.0834051482808076,0.059956269876525435,0.059956270329508114,0.10532656437558317,0.10532656491145856,0.9071520443406903,0.9071520452137142,0.0,0.0,0.5015571904241364,0.5015571895563279,0.08266667739023682,0.08266667760394258,0.5015571904241364,0.5015571895563279,0.0,0.0,0.0,0.0
S1_PRIMARY,LONG_ONLY_FULL,TT,19,0,9,f42e6192b68fc5bcbfcdbb53b85f4e0e773d67b6dc0e851ebe63257c6df73c58,f61e48a3f2fbe754af546fa786823a5bb5a060587fc94ed24e4fc6e01ed56c3f,f61e48a3f2fbe754af546fa786823a5bb5a060587fc94ed24e4fc6e01ed56c3f,600,True,0.01328205560912907,0.01328206287110555,0.08319076845514571,0.08319076965197579,0.05974352173267646,0.05974274874415815,0.10544461745865437,0.10544461799865859,0.9074354192372601,0.9074354201154778,0.0,0.0,0.5019135105771098,0.5019135096157764,0.08268067559590768,0.08268067582439974,0.5019135105771098,0.5019135096157764,0.0,0.0,0.0,0.0
S1_PRIMARY,LONG_ONLY_FULL,TT,20,0,9,2f1976ffb96fd52978724777929202e84184895991edee28ec6fb42099dcc924,0b2e15204b752ec5cdb5bb2d510049cc2f8077c6a2b9c93659687d88d097c188,0b2e15204b752ec5cdb5bb2d510049cc2f8077c6a2b9c93659687d88d097c188,600,True,0.01313553330424307,0.013135540612102224,0.08325938590843741,0.0832593871736089,0.05980585593857294,0.05980508100854274,0.10532815608146656,0.10532815661862868,0.9072769280579392,0.9072769289337212,0.0,0.0,0.5006350889371802,0.5006350880143252,0.08266415603232238,0.08266415624914032,0.5006350889371802,0.5006350880143252,0.0,0.0,0.0,0.0
S1_PRIMARY,LONG_ONLY_FULL,TT,21,0,9,19e4bc65d4ea60011183783c8397b390b77210b349c3d65d90ad0f9fe5c1b9ef,4f86aceee97ad0c46afc26173f69e40174def8392c572ff2215471fd5db576a3,4f86aceee97ad0c46afc26173f69e40174def8392c572ff2215471fd5db576a3,600,True,0.013174109745137776,0.013174117013272063,0.0833064992997513,0.08330650054108855,0.05981044152528677,0.05980966639214898,0.10537329594943591,0.1053732964871079,0.9073036668738484,0.907303667749244,0.0,0.0,0.5016996842980143,0.5016996833882051,0.08267852131880128,0.08267852153958907,0.5016996842980143,0.5016996833882051,0.0,0.0,0.0,0.0
S1_PRIMARY,LONG_ONLY_FULL,TT,22,0,9,3e6b77ac2b409839fdb23dd6de74316fabea70b0f46d304059c2305c7883560e,f92eefa25f012b4ca7235bb4cc24f45cbf48ec731133e98211c2aa73d7d6d145,f92eefa25f012b4ca7235bb4cc24f45cbf48ec731133e98211c2aa73d7d6d145,600,True,0.01318551769798056,0.013185524938517146,0.08332293032348409,0.08332293155386887,0.05979625400142155,0.059795479931421085,0.10538264715329287,0.1053826476915086,0.9072880984461593,0.9072880993219584,0.0,0.0,0.5021314554051413,0.5021314544997695,0.08267693372278331,0.08267693394634344,0.5021314554051413,0.5021314544997695,0.0,0.0,0.0,0.0
S1_PRIMARY,LONG_ONLY_FULL,TT,23,0,9,7d2c686f155eb83cd272f5063deae31a089067eb4961cb9909ef4e9f20f2f24f,453115e72a56a9b0118127251b091e28be2235dd129191b86463d953eef3e4ac,453115e72a56a9b0118127251b091e28be2235dd129191b86463d953eef3e4ac,600,True,0.013191191820202144,0.013191199072965686,0.0832501477271552,0.0832501489633075,0.05986231633285885,0.05986153925100845,0.10539182590939913,0.10539182644733562,0.9074154247282388,0.9074154256055844,0.0,0.0,0.5011482365201955,0.5011482356060749,0.08268134153664077,0.08268134176176414,0.5011482365201955,0.5011482356060749,0.0,0.0,0.0,0.0
S1_PRIMARY,LONG_ONLY_FULL,TT,24,0,9,390b8af2860b5b32b60b91ea1a79e6af7506a2dca01c514d1a93c145afa509de,4c8674fcb9fc18052c962464426548b14c7c2ed5119faa882d063c6e5bd8626c,4c8674fcb9fc18052c962464426548b14c7c2ed5119faa882d063c6e5bd8626c,600,True,0.01313264690582043,0.01313265421127552,0.08327844272201954,0.08327844397420428,0.059830261584644155,0.05982948452663832,0.10529291337604017,0.10529291391347573,0.9073084416126692,0.9073084424892917,0.0,0.0,0.5008717013847722,0.500871700484448,0.0826622552559841,0.08266225547705591,0.5008717013847722,0.500871700484448,0.0,0.0,0.0,0.0
S1_PRIMARY,LONG_ONLY_FULL,TT,25,0,9,721aea77f390058f8bb72073f4781a871c1ff82475cab27a4f5ae4bcddc4d558,931456e6c96b57f691c7d668e09daef8ea4874e058c48c3f09c0016877ca47ce,931456e6c96b57f691c7d668e09daef8ea4874e058c48c3f09c0016877ca47ce,600,True,0.013123720628849875,0.013123727931067353,0.08324242391978796,0.08324242518923206,0.05986093957030422,0.05986016205994934,0.10531769385075535,0.10531769438758493,0.9073435824767645,0.9073435833535975,0.0,0.0,0.5001487714862964,0.5001487705748643,0.08266536093097732,0.08266536114992344,0.5001487714862964,0.5001487705748643,0.0,0.0,0.0,0.0
S1_PRIMARY,LONG_ONLY_FULL,TT,26,0,9,3db67f8676c13a11c6940c515da8257eec187159d105d84012b90df81aac2152,6823bb3e702cd452c606df1ba2e2195543a3e76b77ce0d613a55475cfa8bc87b,6823bb3e702cd452c606df1ba2e2195543a3e76b77ce0d613a55475cfa8bc87b,600,True,0.013252900344568974,0.013252907600729703,0.08323409908866913,0.08323410030193054,0.05970036902032296,0.05969959876996555,0.10543208681923516,0.1054320873589322,0.9073039271350223,0.9073039280118016,0.0,0.0,0.502104382088221,0.502104381124066,0.08267247914634329,0.08267247937063338,0.502104382088221,0.502104381124066,0.0,0.0,0.0,0.0
S1_PRIMARY,LONG_ONLY_FULL,TT,27,0,9,ec206cfb39fc39a9d820e2dfd9fe02d5d4161a8ca469b044b2efb0a7e8ed0683,ff8384b97e2ab61d3c537f51a1930df9af6ed0497a5c199c7bc0562cec31f06c,ff8384b97e2ab61d3c537f51a1930df9af6ed0497a5c199c7bc0562cec31f06c,600,True,0.013107588817304826,0.013107596088340081,0.08333283272329578,0.08333283398652504,0.0599149645090514,0.05991418429375891,0.10530927901784098,0.10530927955413208,0.9073510405888535,0.9073510414646174,0.0,0.0,0.5009380906008017,0.5009380897345603,0.08267547201887909,0.0826754722401721,0.5009380906008017,0.5009380897345603,0.0,0.0,0.0,0.0
S1_PRIMARY,LONG_ONLY_FULL,TT,28,0,9,f47dd4fe214d78059c4efadc14788c0c437d0c81bb2360d6e85cb7b37165f094,9470f78f01b82e3d5bc31f822757b9dead712e5375a251145f545b5737adae50,9470f78f01b82e3d5bc31f822757b9dead712e5375a251145f545b5737adae50,600,True,0.013159326162667432,0.013159333446222275,0.08328144922857449,0.08328145047771174,0.05980531886848215,0.05980454394725833,0.1053449079915215,0.10534490852920424,0.9072924783510732,0.907292479227092,0.0,0.0,0.5012241813684951,0.5012241804512687,0.08266692415775752,0.0826669243781068,0.5012241813684951,0.5012241804512687,0.0,0.0,0.0,0.0
S1_PRIMARY,LONG_ONLY_FULL,TT,29,0,9,085f18ee2c5928471fed8073794c6a6458eabd914c7cbadd8caf95a90678d9e3,3e338ef0ba48e8dcc0e203d7487055c9175e147bb449e32a709f51a7dd3dc924,3e338ef0ba48e8dcc0e203d7487055c9175e147bb449e32a709f51a7dd3dc924,600,True,0.013101163477783633,0.0131011707775684,0.083341959499035,0.08334196077153652,0.05990514623549603,0.05990514668412333,0.1053031652455625,0.10530316578205404,0.9072052854065185,0.9072052862807196,0.0,0.0,0.5011421754308493,0.5011421745383097,0.08267221376612449,0.08267221398100782,0.5011421754308493,0.5011421745383097,0.0,0.0,0.0,0.0
S1_PRIMARY,LONG_ONLY_FULL,TT,30,0,9,111ad407cebaced38defbd387ffa68d380f9e4c7aeb34b8f001c06bef0dd75ac,477545b81a6b35962d687884f316b8b3bce7a9eafcf88b6d5f1aa862708e646b,477545b81a6b35962d687884f316b8b3bce7a9eafcf88b6d5f1aa862708e646b,600,True,0.013127190365102816,0.013127197565278819,0.08346280239326569,0.08346280365999145,0.06005780513409538,0.060057805815110735,0.1054240232086105,0.10542402374520263,0.907044028446319,0.90704402931685,0.0,0.0,0.5030877025520901,0.5030877016627548,0.08266846170785128,0.08266846191914055,0.5030877025520901,0.5030877016627548,0.0,0.0,0.0,0.0
S1_PRIMARY,LONG_ONLY_FULL,TT,31,0,9,b42f1577b43026bd5de4b725b324ec6c6bf3983256b4f8b70edfd5b7130dd372,1fbd08d3d9ae72fe8e00b84230e1fef3d430ce41f9d197d881209ab6ad517d68,1fbd08d3d9ae72fe8e00b84230e1fef3d430ce41f9d197d881209ab6ad517d68,600,True,0.013128777663355296,0.01312878501665102,0.08320551304773376,0.08320551430805877,0.05984461117835193,0.05984383245819502,0.10526487914577831,0.10526487968313424,0.9073721985132862,0.9073721993910188,0.0,0.0,0.49988018014781604,0.49988017922940675,0.08266598604922094,0.08266598626964651,0.49988018014781604,0.49988017922940675,0.0,0.0,0.0,0.0
S1_PRIMARY,LONG_ONLY_FULL,TT,32,0,9,ef91df92304d8d2f4913fcd7cef06bb20625ab8a8a1a07ba41345a39248769ef,669fbf704956e4a795d1d341b1018fb0ddf2516a14203220031773a4916b4958,669fbf704956e4a795d1d341b1018fb0ddf2516a14203220031773a4916b4958,600,True,0.013041322606666204,0.013041329837318826,0.08345074469335291,0.08345074599216797,0.060090420606480066,0.060090421064373505,0.10532505988416539,0.10532506041919043,0.9070947077273177,0.9070947085994907,0.0,0.0,0.5015385771559482,0.5015385763038501,0.08266708325924538,0.08266708346998662,0.5015385771559482,0.5015385763038501,0.0,0.0,0.0,0.0
S1_PRIMARY,LONG_ONLY_FULL,TT,33,0,9,becc6121dcc5f1ada8405f224f1e0b727d47951d8207754966fbbedd5748f29a,9f31150ab98ed104806556cf812c62c6b38fe11c90b06b582b8ae28461612caf,9f31150ab98ed104806556cf812c62c6b38fe11c90b06b582b8ae28461612caf,600,True,0.013059746678855408,0.013059753935536565,0.08343789144054217,0.08343789272633298,0.06002870212115808,0.06002870280146833,0.10530889858372933,0.1053088991195187,0.9070871210343026,0.9070871219063222,0.0,0.0,0.5018096780739966,0.5018096772108235,0.08266967942041818,0.08266967963213476,0.5018096780739966,0.5018096772108235,0.0,0.0,0.0,0.0
S1_PRIMARY,LONG_ONLY_FULL,TT,34,0,9,82f69c941251f891aceaca1f1b1222bd69ecb0d21b1422f70073a50c5fa923a0,c8e4eab60a05f5f9035b39e362caff434beb66a872e2f2201efe413d638f0001,c8e4eab60a05f5f9035b39e362caff434beb66a872e2f2201efe413d638f0001,600,True,0.013021334683140812,0.013021341989034506,0.08338708487646931,0.08338708637129595,0.060106656048481845,0.060106651540357194,0.10525685128449336,0.10525685173446382,0.9071717594159306,0.9071717602890893,0.0,0.0,0.5003564502903971,0.5003564494290671,0.08266697155373116,0.08266697176330427,0.5003564502903971,0.5003564494290671,0.0,0.0,0.0,0.0
S1_PRIMARY,LONG_ONLY_FULL,TT,35,0,9,dac52f7c6d8c3dae3562073bef0d3a4517a995aaf1cfc15323d30c40f38b26f3,6c0a0b07abf6cacc6d2815207b5b3030b001d57a4123e219684681e6fd306d35,6c0a0b07abf6cacc6d2815207b5b3030b001d57a4123e219684681e6fd306d35,600,True,0.01315156544849624,0.013151572741061029,0.08327305995232745,0.08327306120506889,0.05984564368090035,0.059844866496523444,0.1053411232067739,0.10534112374401812,0.9073396520117871,0.9073396528880535,0.0,0.0,0.5009179354770826,0.5009179345693039,0.08268016111071763,0.08268016133098961,0.5009179354770826,0.5009179345693039,0.0,0.0,0.0,0.0
S1_PRIMARY,LONG_ONLY_FULL,TT,36,0,9,8c6b1a4de743b2f1f84a68e3839dcd23a527dc0950faa6a41b13573c4f1ded9c,52ba34650c9c863668f3844f4f5a80cdd3f65908f440afa56c8240a1ca1beb60,52ba34650c9c863668f3844f4f5a80cdd3f65908f440afa56c8240a1ca1beb60,600,True,0.013066719828904297,0.013066727131745675,0.08330647679193322,0.08330647807598163,0.059919213075390734,0.05991843241911615,0.10526383491018172,0.10526383536104776,0.9073310542357402,0.9073310551116096,0.0,0.0,0.5000927275700441,0.5000927267019234,0.08266278774491446,0.0826627879630546,0.5000927275700441,0.5000927267019234,0.0,0.0,0.0,0.0
S1_PRIMARY,LONG_ONLY_FULL,TT,37,0,9,79db97d27e50f32fcab4dd69166d1737aaba1463c07030ab5334430b157af1c7,e1df27d91ce640e514323d593653970614cae310eecbf1f3b642582e7746cf86,e1df27d91ce640e514323d593653970614cae310eecbf1f3b642582e7746cf86,600,True,0.013062427402057443,0.013062434626310352,0.08345021355815252,0.08345021483824369,0.05993176844952016,0.059931768904744456,0.10532664249437472,0.10532664303013797,0.9071164818387125,0.9071164827112315,0.0,0.0,0.5019845154014818,0.501984514553334,0.0826668097417582,0.08266680995595385,0.5019845154014818,0.501984514553334,0.0,0.0,0.0,0.0
S1_PRIMARY,LONG_ONLY_FULL,TT,38,0,9,9b6e6f82dc6de665a9d2798617f241393d363389ea677dbd9e779a8df6ba06ee,9bd738ef5053707310fca019337d0642fa82672a2be1afe34b9eeb38afeb4f44,9bd738ef5053707310fca019337d0642fa82672a2be1afe34b9eeb38afeb4f44,600,True,0.013175102637971833,0.013175109866319576,0.08329315358049376,0.08329315482423863,0.05984073243833658,0.05983995756409355,0.10540179378073618,0.10540179431844006,0.9073315658719642,0.9073315667483335,0.0,0.0,0.5014888507304877,0.5014888498223571,0.08267766497360726,0.08267766519653812,0.5014888507304877,0.5014888498223571,0.0,0.0,0.0,0.0
S1_PRIMARY,LONG_ONLY_FULL,TT,39,0,9,179c9b821e31bd946032beca9566151784ab33004d7137d98f084ca2fe6e20ca,57513f7b10af3f25e80f3bee17ec804e2b27b949971708b3d2738e28e6dc954a,57513f7b10af3f25e80f3bee17ec804e2b27b949971708b3d2738e28e6dc954a,600,True,0.013244527254719307,0.013244534489846886,0.08328167800456697,0.08328167922337885,0.05972260958091554,0.05972183891782835,0.10546254075385852,0.1054625412928684,0.907290138783911,0.9072901396591926,0.0,0.0,0.5024782112690531,0.5024782103210155,0.08268181275465522,0.08268181297677307,0.5024782112690531,0.5024782103210155,0.0,0.0,0.0,0.0
S2_CONFIRMATORY_CONSTRAINT,LONG_ONLY_CAP50,TT,0,0,9,6edf30b752c62b6bd0e695606ae9bf0e27c03deb387b6e07215ffcd28b15489d,a3bbe33dd3bfcf746cd26a3a26af4b986cb65d2b8f393f0b5fea24ca82b668e7,a3bbe33dd3bfcf746cd26a3a26af4b986cb65d2b8f393f0b5fea24ca82b668e7,600,True,0.0066396601436516595,0.006639663630364571,0.04143285398565022,0.04143284086390687,0.029469736336617106,0.029469714321742384,0.053760308305503914,0.053760308450179234,0.9523181621471262,0.9523181604838447,0.0,0.0,0.25042324886599676,0.2504232487101564,0.020704439610971164,0.02070443964596054,0.25042324886599676,0.2504232487101564,0.0,0.0,0.0,0.0
S2_CONFIRMATORY_CONSTRAINT,LONG_ONLY_CAP50,TT,1,0,9,51f9dbfff7586569633fd46026fc08f1e4046ce44ba3970c6315f23e40e5eb7c,3b04cccd55bca3ba8a60423a7ccf6edef688d5c429eaab18996caf9d0df1d49c,3b04cccd55bca3ba8a60423a7ccf6edef688d5c429eaab18996caf9d0df1d49c,600,True,0.006669378201077401,0.006669381679952305,0.04138751704314178,0.041387503885307333,0.02944742410474437,0.029447402055053758,0.05370641514826194,0.053706415896657554,0.952401006079155,0.9524010044355423,0.0,0.0,0.25034416909528195,0.25034416893369305,0.02070499774180933,0.02070499777907765,0.25034416909528195,0.25034416893369305,0.0,0.0,0.0,0.0
S2_CONFIRMATORY_CONSTRAINT,LONG_ONLY_CAP50,TT,2,0,9,758c7dd4846627924b9bcadfdee47c500366684de8bc8ee3527b0a7609b9d3c0,68ed765a30cbaaa2ef405b8545df81b44a3264a3b76b61879cc9af02395e3c7c,68ed765a30cbaaa2ef405b8545df81b44a3264a3b76b61879cc9af02395e3c7c,600,True,0.006643967223368025,0.006643970716890219,0.0414111671098628,0.0414111539737699,0.02945809908301393,0.029458077043895067,0.0537397369475784,0.053739737705431875,0.9523009203529741,0.9523009186932501,0.0,0.0,0.25016079713062805,0.25016079696908233,0.02070436594217486,0.020704365977467307,0.25016079713062805,0.25016079696908233,0.0,0.0,0.0,0.0
S2_CONFIRMATORY_CONSTRAINT,LONG_ONLY_CAP50,TT,3,0,9,6fd2fc58547deb63bb3e8e63b1c57eca280e1251cfc31fe666fb295efdd03765,5b70a200bdf342054e6570e474956e7901e9fb142c4d1b4f8d54bcf993f82270,5b70a200bdf342054e6570e474956e7901e9fb142c4d1b4f8d54bcf993f82270,600,True,0.006653107848128067,0.006653111343772243,0.04139980773431033,0.041399794575455076,0.02943940528305628,0.029439383219268277,0.05369040179210054,0.05369040254587816,0.9523529062323114,0.9523529045775285,0.0,0.0,0.25018051106455913,0.250180510903026,0.020705255629177983,0.020705255665224118,0.25018051106455913,0.250180510903026,0.0,0.0,0.0,0.0
S2_CONFIRMATORY_CONSTRAINT,LONG_ONLY_CAP50,TT,4,0,9,f308b15df0894592f4d391bd3171a240cb3a8999f304da22950d010500153a3c,f63e0e2186a2efbb247cee37b2f4202d774e9cc24a94ec4edc13165bc3640de2,f63e0e2186a2efbb247cee37b2f4202d774e9cc24a94ec4edc13165bc3640de2,600,True,0.006652051871405453,0.006652055363312225,0.04140954680750041,0.04140953367967443,0.029456216425127368,0.029456194411247173,0.053757892551500805,0.05375789269697543,0.9524555738201008,0.9524555721771988,0.0,0.0,0.25036053038107997,0.2503605302195154,0.02070343246285803,0.02070343249880044,0.25036053038107997,0.2503605302195154,0.0,0.0,0.0,0.0
S2_CONFIRMATORY_CONSTRAINT,LONG_ONLY_CAP50,TT,5,0,9,d1f3c936a0267e41b3f79fe1e74ecde8a872beea114e539cbe9444f55b5bea97,566165db48dc2395c5ebc850c6fb7f8372bfc3178b3dbf1554a182c45c45bf97,566165db48dc2395c5ebc850c6fb7f8372bfc3178b3dbf1554a182c45c45bf97,600,True,0.006637361095572107,0.006637364584014969,0.04142680979019676,0.04142679665218623,0.029463098793167462,0.029463076750762922,0.05375138680476493,0.05375138694748941,0.9522956787036013,0.9522956770391717,0.0,0.0,0.2502850815587503,0.25028508140347566,0.020704644141907907,0.020704644177031772,0.2502850815587503,0.25028508140347566,0.0,0.0,0.0,0.0
S2_CONFIRMATORY_CONSTRAINT,LONG_ONLY_CAP50,TT,6,0,9,f8c2ca65ea30d315bc43fc73b5eeb81572a34012cf00a84767b47712ed310b84,c4e0a0023ebb14d5612dfa3b4b1b94e8f4690264532c4e7dd3dd8fa49ec1e50a,c4e0a0023ebb14d5612dfa3b4b1b94e8f4690264532c4e7dd3dd8fa49ec1e50a,600,True,0.006663682656965922,0.006663686166976013,0.04134576336533287,0.04134575013493558,0.029392249038997394,0.02939222687370121,0.05353086300104203,0.053530863744911006,0.952458811944578,0.9524588103129287,0.0,0.0,0.2496411193560129,0.24964111919003543,0.02070466682536269,0.020704666863237915,0.2496411193560129,0.24964111919003543,0.0,0.0,0.0,0.0
S2_CONFIRMATORY_CONSTRAINT,LONG_ONLY_CAP50,TT,7,0,9,6566dbc98c7b79976b1c930286ad849011de7bf7b518989f9af1e45bc57993f6,12e47bf219b67feb9541685bb00e70e6bf2ded20e3bbbcb87d410312e966dbe6,12e47bf219b67feb9541685bb00e70e6bf2ded20e3bbbcb87d410312e966dbe6,600,True,0.006634510437740813,0.006634513936464796,0.04140460898003266,0.041404595813965425,0.0294444386303212,0.02944441654308031,0.053724356752952104,0.053724356892653015,0.9523758917268553,0.9523758900775665,0.0,0.0,0.24994038176047897,0.24994038160329768,0.020704171948166546,0.020704171983878895,0.24994038176047897,0.24994038160329768,0.0,0.0,0.0,0.0
S2_CONFIRMATORY_CONSTRAINT,LONG_ONLY_CAP50,TT,8,0,9,1a2918eb0137a01640eb60e189b2a2792e79d2ff6c7ec63e1d17b02b6081b2a0,9507af1b4844942b1a69b7e8c1a416bc89bfa9334cec88ded30bd711aca3ae23,9507af1b4844942b1a69b7e8c1a416bc89bfa9334cec88ded30bd711aca3ae23,600,True,0.006647715772246765,0.006647719280369183,0.04139975124688567,0.041399738058984344,0.029415951852091178,0.02941592974532519,0.05363709998267951,0.05363710073558869,0.952373854245095,0.9523738525874741,0.0,0.0,0.25009923125782096,0.25009923109917026,0.020704977560152018,0.020704977596116732,0.25009923125782096,0.25009923109917026,0.0,0.0,0.0,0.0
S2_CONFIRMATORY_CONSTRAINT,LONG_ONLY_CAP50,TT,9,0,9,76e94cff89ee96db4c4caf990e79c581a1e4f62775562c6fd9558fb00831a654,87c560a951748a1b301ce4edbee5cfd2c8bc3662148471a9936055946dac436c,87c560a951748a1b301ce4edbee5cfd2c8bc3662148471a9936055946dac436c,600,True,0.006638155225011688,0.006638158722844693,0.041396275666803546,0.04139626248515757,0.029438066418577238,0.029438044307786394,0.05368392907825226,0.05368392983119969,0.9523075904525534,0.9523075908999332,0.0,0.0,0.2498655244317239,0.24986552427439285,0.02070419680515297,0.020704196841035135,0.2498655244317239,0.24986552427439285,0.0,0.0,0.0,0.0
S2_CONFIRMATORY_CONSTRAINT,LONG_ONLY_CAP50,TT,10,0,9,e0a144c99f577fa4d1010a376323951c8b420b874e7302e14aae4e802041073c,0a83c92e96ca1f6fc256dead4a20293279644c4bfe26c64116067fe4fbfae08b,0a83c92e96ca1f6fc256dead4a20293279644c4bfe26c64116067fe4fbfae08b,600,True,0.006643873129912673,0.006643876625629773,0.0413931741612504,0.04139316097059666,0.02943136088441727,0.029431338766494362,0.053668996317422224,0.05366899706804486,0.9523266520534671,0.9523266503991488,0.0,0.0,0.2499385742028353,0.24993857404629954,0.020703826141597267,0.020703826177910757,0.2499385742028353,0.24993857404629954,0.0,0.0,0.0,0.0
S2_CONFIRMATORY_CONSTRAINT,LONG_ONLY_CAP50,TT,11,0,9,1bb8eb16c4e7b1fe2ac26039d54921d22aafe33afaa783bdf22c1bacc4e1ce82,c22cf6fa4ebbd7dad2f0fa8b8ccde1e62008ea7095ceaec4e5162016966f18f9,c22cf6fa4ebbd7dad2f0fa8b8ccde1e62008ea7095ceaec4e5162016966f18f9,600,True,0.006646423178138191,0.00664642666377454,0.04141230307428803,0.04141228993164382,0.029460087705694825,0.029460065661183414,0.05375331597508112,0.05375331611738473,0.9523232738052859,0.9523232721482277,0.0,0.0,0.25024924674194954,0.2502492465836973,0.020704412285810842,0.02070441232158349,0.25024924674194954,0.2502492465836973,0.0,0.0,0.0,0.0
S2_CONFIRMATORY_CONSTRAINT,LONG_ONLY_CAP50,TT,12,0,9,3aac4d0a1c79ec77494f8e4452756368cc14db49474cb52bba433105a7a7d5d3,0fdbb2f93a1696e92dff2fbb673a197c8b2631502e30e4efd0167ad9e863246a,0fdbb2f93a1696e92dff2fbb673a197c8b2631502e30e4efd0167ad9e863246a,600,True,0.006645767658784041,0.006645771140373831,0.04142003644180718,0.04142002330957525,0.029466728465887538,0.029466706439052047,0.053763256271236265,0.05376325641481489,0.9523639430443226,0.9523639413905824,0.0,0.0,0.2503610979327559,0.25036109777613386,0.02070491821568228,0.02070491825148172,0.2503610979327559,0.25036109777613386,0.0,0.0,0.0,0.0
S2_CONFIRMATORY_CONSTRAINT,LONG_ONLY_CAP50,TT,13,0,9,2204f08dfc06c55e6b086ae27ab21753ee4fcf2d8e1d6690479fdf4ac7aa3b71,3cd3959f55fa7867e41d980bb50bf2f63d1730d1b02a06999ef13bc6a6a454d2,3cd3959f55fa7867e41d980bb50bf2f63d1730d1b02a06999ef13bc6a6a454d2,600,True,0.006657760129056058,0.006657763612867242,0.041393477498216244,0.04139346434167809,0.029450906012065712,0.029450883952345987,0.05370465738240122,0.05370465813314718,0.9523269562976491,0.9523269546453557,0.0,0.0,0.2501794070419869,0.2501794068805133,0.02070452326997859,0.02070452330649959,0.2501794070419869,0.2501794068805133,0.0,0.0,0.0,0.0
S2_CONFIRMATORY_CONSTRAINT,LONG_ONLY_CAP50,TT,14,0,9,648316d23134f5aa0043d63317b23936e11232556803d966a42fb381520cc37d,3ff057c789ed8166c22e0adde82ea2cb0c8f73d84926e333329e4112faa4eef1,3ff057c789ed8166c22e0adde82ea2cb0c8f73d84926e333329e4112faa4eef1,600,True,0.006632597631538192,0.006632601133677955,0.041414809470857725,0.041414796293595416,0.02943308706429552,0.029433064965842366,0.05372853640317722,0.05372853716051924,0.9524277611404984,0.9524277594903432,0.0,0.0,0.250078268940245,0.2500782687876385,0.020705190626955156,0.020705190662680395,0.250078268940245,0.2500782687876385,0.0,0.0,0.0,0.0
S2_CONFIRMATORY_CONSTRAINT,LONG_ONLY_CAP50,TT,15,0,9,5e801c625fe6d9a61850fa1b47caaa5feff4da3c54e2f2bee3f7a93aeccedc88,2494bda8cf7f0f7feff5c994bb28f9b93c34415fddc768f3e07cc1da2f4802ad,2494bda8cf7f0f7feff5c994bb28f9b93c34415fddc768f3e07cc1da2f4802ad,600,True,0.006623686045552278,0.006623689549442783,0.04142692312424603,0.04142690996636013,0.029447955550881685,0.02944793346812751,0.053722413944908294,0.05372241408533134,0.9522656553139678,0.9522656536440162,0.0,0.0,0.2500205417866099,0.2500205416320092,0.020703990176974243,0.020703990211454776,0.2500205417866099,0.2500205416320092,0.0,0.0,0.0,0.0
S2_CONFIRMATORY_CONSTRAINT,LONG_ONLY_CAP50,TT,16,0,9,d52898c1526b4500f86731f1ed967af4df12e21ea105cd2303fe0422cf6ebc16,0c360b1afe1f42ab08a0d5798bf36d03d91edb4e509d0945ac4f176df311ca11,0c360b1afe1f42ab08a0d5798bf36d03d91edb4e509d0945ac4f176df311ca11,600,True,0.006644080754207253,0.006644084234675574,0.04142867696992776,0.04142866386013471,0.029479673246519872,0.029479651250597413,0.053762604556029846,0.05376260470076599,0.9523244184013965,0.952324416742515,0.0,0.0,0.2504448566037148,0.2504448564458107,0.02070394174181475,0.02070394177703819,0.2504448566037148,0.2504448564458107,0.0,0.0,0.0,0.0
S2_CONFIRMATORY_CONSTRAINT,LONG_ONLY_CAP50,TT,17,0,9,a64b9560e1f5829e7b2e964c33627b4454795cb349dd7e915c83e5bd92625bc1,627274d1c97b6658a7b7e328abf5c3a397c038cb2aab54e2b142f8832858c68d,627274d1c97b6658a7b7e328abf5c3a397c038cb2aab54e2b142f8832858c68d,600,True,0.006656866419270737,0.006656869899254916,0.041407035066589805,0.04140702192520072,0.029459142367797297,0.029459120333927186,0.05375307139693606,0.05375307215026387,0.9523604024683072,0.952360400816049,0.0,0.0,0.25037481490358116,0.25037481474432166,0.02070474196106518,0.020704741997424725,0.25037481490358116,0.25037481474432166,0.0,0.0,0.0,0.0
S2_CONFIRMATORY_CONSTRAINT,LONG_ONLY_CAP50,TT,18,0,9,95230c73b6d57b0f6bd6551c722fa17059957780f4949138c7e1347d2a912ab1,466374ab383ac1867512d59888e5650060375fe465c4a6fe5b56b96b0c6d75d0,466374ab383ac1867512d59888e5650060375fe465c4a6fe5b56b96b0c6d75d0,600,True,0.006638913062347736,0.006638916550918513,0.04142273997046785,0.04142272683330124,0.029462753669661806,0.029462731629836883,0.053749975045349285,0.05374997518811565,0.9523247197106022,0.9523247180511553,0.0,0.0,0.25026660202124534,0.25026660186516175,0.020704415606263758,0.020704415641564788,0.25026660202124534,0.25026660186516175,0.0,0.0,0.0,0.0
S2_CONFIRMATORY_CONSTRAINT,LONG_ONLY_CAP50,TT,19,0,9,9752d16be17cd675875c30146071baa1aea462ec5b88d2f751092f89cd6ec312,52f8ff8d40c44e65a3ed7ef3340225fb5a3bd916fd4ff87c241f17e9040ab3da,52f8ff8d40c44e65a3ed7ef3340225fb5a3bd916fd4ff87c241f17e9040ab3da,600,True,0.006683029149665376,0.006683032632365406,0.04137125038079027,0.04137123722404899,0.029438098182741883,0.02943807614286439,0.053660636337886855,0.05366063708442699,0.9524401321280628,0.9524401304909884,0.0,0.0,0.2503562297538197,0.2503562295858368,0.020704973326901212,0.020704973364637703,0.2503562297538197,0.2503562295858368,0.0,0.0,0.0,0.0
S2_CONFIRMATORY_CONSTRAINT,LONG_ONLY_CAP50,TT,20,0,9,e6bf1f79ea5a53756827d5dec156ef9f51141298d4a23cac0065e6bea9e43391,572229c491e121688c31557f7bfd420ca5131e0827421a568d18957283d7ea45,572229c491e121688c31557f7bfd420ca5131e0827421a568d18957283d7ea45,600,True,0.006642095391319939,0.006642098889746751,0.04140439829051861,0.04140438513500747,0.029445608791784532,0.029445586723810552,0.053711773277261184,0.053711774033807606,0.9523349634441661,0.9523349617887491,0.0,0.0,0.2500465162470964,0.2500465160866673,0.020704374932969248,0.02070437496854097,0.2500465162470964,0.2500465160866673,0.0,0.0,0.0,0.0
S2_CONFIRMATORY_CONSTRAINT,LONG_ONLY_CAP50,TT,21,0,9,fa8c058d8c08746c626f8b9f2a591f05388ef4428892a85bc558d9d6f487a674,59dba04e03221d01fb1efeb8de6941bd0802c6a2fea2f2e943e5cc90811b027b,59dba04e03221d01fb1efeb8de6941bd0802c6a2fea2f2e943e5cc90811b027b,600,True,0.0066512342433543235,0.006651237733753093,0.041407278663382494,0.04140726551025531,0.029445972801057183,0.029445950748889404,0.05373866597524991,0.0537386667303766,0.9524168269198001,0.9524168252715244,0.0,0.0,0.25029556822309995,0.25029556806495884,0.020705153350281905,0.02070515338651924,0.25029556822309995,0.25029556806495884,0.0,0.0,0.0,0.0
S2_CONFIRMATORY_CONSTRAINT,LONG_ONLY_CAP50,TT,22,0,9,3a5a1a68e6f567a236e525709132f109dfa55622a93feabe83088e34d2f7e03e,feb40f323c3adc9b01b4835c903b8cdcca86183d96721b4dbd83c6c7493b62a6,feb40f323c3adc9b01b4835c903b8cdcca86183d96721b4dbd83c6c7493b62a6,600,True,0.006657738057767786,0.006657741542350166,0.04140540657537628,0.04140539343086248,0.029451674717037583,0.029451652682812492,0.053754483308904866,0.05375448406332633,0.9524397308717533,0.9524397292273692,0.0,0.0,0.2504000116955895,0.2504000115365171,0.020704959117809757,0.0207049591543637,0.2504000116955895,0.2504000115365171,0.0,0.0,0.0,0.0
S2_CONFIRMATORY_CONSTRAINT,LONG_ONLY_CAP50,TT,23,0,9,5b22eec30ef475775797eb3775e332b15dd95ad0ff9c83518fb0330aa5a00b29,1c32015134cf8a3f6ec8eae587baa21f0e23da50e2977192bdf0f4bc5f05b933,1c32015134cf8a3f6ec8eae587baa21f0e23da50e2977192bdf0f4bc5f05b933,600,True,0.0066571850539472776,0.006657188541141596,0.041391550835715656,0.041391537672879855,0.029444261238612338,0.029444239171802018,0.05370499666806424,0.05370499741939134,0.9523887252360035,0.9523887235902403,0.0,0.0,0.25016552805191977,0.2501655278912141,0.020705114017301726,0.020705114054030065,0.25016552805191977,0.2501655278912141,0.0,0.0,0.0,0.0
S2_CONFIRMATORY_CONSTRAINT,LONG_ONLY_CAP50,TT,24,0,9,8f9a2956d2431a04a74f6c4945badf3d928b1bd90c843c674ac201058726de9d,b4cfaa93dabb9802994365e0c0f15ae50eeb160f064d177bb8e42693eaea182c,b4cfaa93dabb9802994365e0c0f15ae50eeb160f064d177bb8e42693eaea182c,600,True,0.006646651060431052,0.006646654561560381,0.04139526254953509,0.04139524937501982,0.029429668741725385,0.02942964665561449,0.05370445438976593,0.053704455144874916,0.9524802199192128,0.9524802182804732,0.0,0.0,0.2500708654504891,0.2500708652921972,0.02070429174535197,0.02070429178180661,0.2500708654504891,0.2500708652921972,0.0,0.0,0.0,0.0
S2_CONFIRMATORY_CONSTRAINT,LONG_ONLY_CAP50,TT,25,0,9,4e6692cac162ed0407e5b38e5a0319ab40ecb9ece233e8fa2c596352bdb38909,ac709110ae5d50cf0c3be990bcd56aa1a7ea9228a6c3717559cdbe6c114db62a,ac709110ae5d50cf0c3be990bcd56aa1a7ea9228a6c3717559cdbe6c114db62a,600,True,0.006638067866120773,0.006638071364343989,0.04139941103800868,0.04139939786938822,0.02944180551288128,0.029441783423988985,0.05371852312176455,0.05371852387785047,0.9523888248351409,0.9523888231885188,0.0,0.0,0.24992914780284778,0.24992914764467336,0.020704444377577156,0.020704444413533887,0.24992914780284778,0.24992914764467336,0.0,0.0,0.0,0.0
S2_CONFIRMATORY_CONSTRAINT,LONG_ONLY_CAP50,TT,26,0,9,756bb8358df58abaa3474ff1cee424d0615f6e0e8bc22cdf8c8462a5a97a2c08,fdce86938d3a7d9cb833e095f489bf049d4c2344dc5e04ff10e9c6b42e912e05,fdce86938d3a7d9cb833e095f489bf049d4c2344dc5e04ff10e9c6b42e912e05,600,True,0.006681567762940863,0.00668157124043048,0.04137592064878729,0.0413759075059793,0.02944922242260826,0.02944920040297126,0.05370632140726353,0.05370632215594222,0.9524759127093022,0.9524759110773626,0.0,0.0,0.25040522052721437,0.25040522035955903,0.020705202904699332,0.020705202942477755,0.25040522052721437,0.25040522035955903,0.0,0.0,0.0,0.0
S2_CONFIRMATORY_CONSTRAINT,LONG_ONLY_CAP50,TT,27,0,9,fc535c6bf532cbc2aca51a9789638f9a055e6757954fe5bb98d1a5c04f717d3e,f1a5f857ede56e2d86edfef35d1d16a9758012f022a52595fd4e43fe2ad203b8,f1a5f857ede56e2d86edfef35d1d16a9758012f022a52595fd4e43fe2ad203b8,600,True,0.0066425906484122894,0.006642594144184275,0.04140555600977379,0.04140554282532533,0.029431592471295804,0.029431570367121095,0.05369838720603525,0.05369838795882824,0.9523885924409038,0.9523885907882528,0.0,0.0,0.2501171124184077,0.2501171122645073,0.02070500515469698,0.020705005190938045,0.2501171124184077,0.2501171122645073,0.0,0.0,0.0,0.0
S2_CONFIRMATORY_CONSTRAINT,LONG_ONLY_CAP50,TT,28,0,9,32e14c4cd28cde4ac4d52f8ea4996d2f3d11f6b0cdd4001d06d9490bad4b5fc2,a4b2422e2d34a9f6bc88bda10ae68a38bbff760786e8a429a15d89abfe37a822,a4b2422e2d34a9f6bc88bda10ae68a38bbff760786e8a429a15d89abfe37a822,600,True,0.006651135581053374,0.006651139075199389,0.04140062626357625,0.041400613106482416,0.029442259173305854,0.02944223711237751,0.053712182200113395,0.05371218295482042,0.9523940681718936,0.9523940665227363,0.0,0.0,0.2501811492826264,0.2501811491221496,0.020704637408237258,0.020704637444416144,0.2501811492826264,0.2501811491221496,0.0,0.0,0.0,0.0
S2_CONFIRMATORY_CONSTRAINT,LONG_ONLY_CAP50,TT,29,0,9,b9121c466ee6e47bfc4d23f6285f45a7a5bf07270c87877473f7ff0d39185a6c,4aa5f98971424851a28c56840cbfdd4282fa2986147a0e976235548fb744eebd,4aa5f98971424851a28c56840cbfdd4282fa2986147a0e976235548fb744eebd,600,True,0.006639762723280562,0.006639766220155955,0.041415608491577285,0.04141559534103255,0.029448061214324837,0.029448039155735104,0.05374059191221157,0.05374059267026067,0.9523519652761955,0.9523519636189519,0.0,0.0,0.25017802058943645,0.25017802043191245,0.020704428884744445,0.02070442892015143,0.25017802058943645,0.25017802043191245,0.0,0.0,0.0,0.0
S2_CONFIRMATORY_CONSTRAINT,LONG_ONLY_CAP50,TT,30,0,9,c4b6bd83bb5603ec8c6948e9206f89ec9f9b1cd4c2eac2efa52613e13174a9a2,0276fb135e4c9bac679b4f4ae67aaf2ca61e6fcc44f158b578000f6a70f3697e,0276fb135e4c9bac679b4f4ae67aaf2ca61e6fcc44f158b578000f6a70f3697e,600,True,0.006636097730647619,0.006636101206345188,0.041455762195843314,0.04145574911264792,0.02949840528667954,0.029498383326382317,0.053773887055201516,0.05377388720205723,0.9522597562936138,0.9522597546210447,0.0,0.0,0.2506728469640185,0.2506728468096121,0.02070391229083059,0.020703912325070652,0.2506728469640185,0.2506728468096121,0.0,0.0,0.0,0.0
S2_CONFIRMATORY_CONSTRAINT,LONG_ONLY_CAP50,TT,31,0,9,5878ddbb106c6c0cea90f76aa084b3edc72bd340d44f8a0e8622b2e030bf59b2,355bfb65bf7e0f8a4128786174a935c957ebe5ee6bc7b7d2de47eb82d9ffaf71,355bfb65bf7e0f8a4128786174a935c957ebe5ee6bc7b7d2de47eb82d9ffaf71,600,True,0.00664579468018778,0.006645798188894871,0.041383291051935424,0.041383277861348634,0.02941835324709294,0.029418331132021587,0.05364575095541096,0.053645751708705204,0.9524303879556177,0.9524303863134463,0.0,0.0,0.24985177632770764,0.2498517761666861,0.02070435807167516,0.02070435810807394,0.24985177632770764,0.2498517761666861,0.0,0.0,0.0,0.0
S2_CONFIRMATORY_CONSTRAINT,LONG_ONLY_CAP50,TT,32,0,9,b8fbdf65d6774114371f0770e88625d9b7ece44a01498f527222c9618f0d89bd,9c79fbb2ed68fd330f0f79d28ce6236c5a65c3e9b243c9475e148c4dad55cb03,9c79fbb2ed68fd330f0f79d28ce6236c5a65c3e9b243c9475e148c4dad55cb03,600,True,0.006632560109190931,0.0066325635933669625,0.04143139058477823,0.041431377451162384,0.029471050693525354,0.029471028654867146,0.05375018301970985,0.053750183161885436,0.9523075201858464,0.9523075185243504,0.0,0.0,0.2502714857914075,0.25027148563854107,0.020704960651467496,0.020704960686576204,0.2502714857914075,0.25027148563854107,0.0,0.0,0.0,0.0
S2_CONFIRMATORY_CONSTRAINT,LONG_ONLY_CAP50,TT,33,0,9,98dfa29eb033cf52f5b5ae3ea0938dfa9ff79486c8fc98a6ac1432eb152bf069,901f4b19225ec30e298b61d17908ecc67949dda79582be905a63f3be63bff271,901f4b19225ec30e298b61d17908ecc67949dda79582be905a63f3be63bff271,600,True,0.006640688239395201,0.006640691727226889,0.04142398329004499,0.041423970149609544,0.029459956372795897,0.029459934331135515,0.05375696804886174,0.05375696819218887,0.9523382814821723,0.9523382798228397,0.0,0.0,0.2503249507033537,0.25032495054832127,0.02070470480113031,0.020704704836562157,0.2503249507033537,0.25032495054832127,0.0,0.0,0.0,0.0
S2_CONFIRMATORY_CONSTRAINT,LONG_ONLY_CAP50,TT,34,0,9,4a8de310ddbd6cf007f7572caeab1ce361973c870b3b0a2943fad781b3dc0e78,7d74b7e00043f27eb78ffa60d86499f5c24dc426660a3d78c998eb027783bb4d,7d74b7e00043f27eb78ffa60d86499f5c24dc426660a3d78c998eb027783bb4d,600,True,0.006625360217413884,0.006625363718914345,0.041421758825046444,0.041421745666498574,0.02944964170735003,0.02944961962304806,0.053720255533141296,0.05372025567272322,0.9522638952479334,0.9522638956945786,0.0,0.0,0.2499684618145539,0.24996846165921796,0.020704219803516846,0.020704219838182224,0.2499684618145539,0.24996846165921796,0.0,0.0,0.0,0.0
S2_CONFIRMATORY_CONSTRAINT,LONG_ONLY_CAP50,TT,35,0,9,44ef8c968ea28c16821f5a9f2ff2384b9f541ff31845ff113dc334b9ecc6d78e,4ffc4b13d4c48fefae348c3a90a4094e610d11c2d99880d97b5ecee4e4787b24,4ffc4b13d4c48fefae348c3a90a4094e610d11c2d99880d97b5ecee4e4787b24,600,True,0.006651244481741909,0.006651247976452786,0.04139518793887815,0.041395174770366035,0.02943722187938499,0.029437199800734417,0.0536949394280585,0.05369494018102605,0.9523820527244745,0.9523820510755049,0.0,0.0,0.2501025604224691,0.2501025602626231,0.02070518678123223,0.020705186817582967,0.2501025604224691,0.2501025602626231,0.0,0.0,0.0,0.0
S2_CONFIRMATORY_CONSTRAINT,LONG_ONLY_CAP50,TT,36,0,9,216227f8cafc54c7ab14e074614179f86247212c9f82dd2ff56b4c3c6be61d82,13918036f61f47d3d4a40010f67f44c34260047ce7eb9565e70251dd76f2dcc3,13918036f61f47d3d4a40010f67f44c34260047ce7eb9565e70251dd76f2dcc3,600,True,0.006634470910955163,0.006634474413933113,0.04140353337705606,0.04140352019095116,0.029430736658680703,0.02943071454287242,0.05368500344483657,0.05368500419941787,0.9523468535007275,0.9523468518451254,0.0,0.0,0.24992064097019334,0.24992064081490512,0.02070408058267464,0.020704080618415336,0.24992064097019334,0.24992064081490512,0.0,0.0,0.0,0.0
S2_CONFIRMATORY_CONSTRAINT,LONG_ONLY_CAP50,TT,37,0,9,eb97cce66800d0c38dd6f5f9aeb00698a414b2979f50941f5aba5f0aec71b18d,279a4a118e95463bd9706e85bd0c3929f6f071dbafc9cb5753d7e87612238bc1,279a4a118e95463bd9706e85bd0c3929f6f071dbafc9cb5753d7e87612238bc1,600,True,0.006640529741354264,0.006640533223875053,0.04142650099253127,0.041426487855254615,0.02946573378707147,0.029465711751734326,0.05376355938823146,0.053763559531830075,0.9523684306695914,0.9523684290146869,0.0,0.0,0.2503790292285341,0.2503790290755394,0.02070513458302157,0.02070513461866519,0.2503790292285341,0.2503790290755394,0.0,0.0,0.0,0.0
S2_CONFIRMATORY_CONSTRAINT,LONG_ONLY_CAP50,TT,38,0,9,44faa1a6a4aaddba82a7a09f53650fdaf7e8c3891005b2a2b8fd7e3ece97fbf8,ae98b89d1829135426ddcda85ed09588819079315391e115c6448e42ce48a1fa,ae98b89d1829135426ddcda85ed09588819079315391e115c6448e42ce48a1fa,600,True,0.006663143056818469,0.006663146535968783,0.04139104822596793,0.04139103507195008,0.029452616576771902,0.02945259452631229,0.05372115304981373,0.05372115379983189,0.9523730607103097,0.9523730590643377,0.0,0.0,0.25026088495223214,0.2502608847909762,0.02070526334526899,0.020705263382221614,0.25026088495223214,0.2502608847909762,0.0,0.0,0.0,0.0
S2_CONFIRMATORY_CONSTRAINT,LONG_ONLY_CAP50,TT,39,0,9,265528718b19a1ad200c58b2761d174951acc0854f81182f199bdd4192100ec8,8e06881c47c7a680e8f341ac972b8c5dd0b40b79739c88c2e09794e6590ccb9c,8e06881c47c7a680e8f341ac972b8c5dd0b40b79739c88c2e09794e6590ccb9c,600,True,0.006661519684330158,0.006661523164770697,0.041412156513790856,0.041412143395514474,0.029466850147927177,0.029466828150440147,0.053764382314855835,0.05376438307035555,0.9523397707876506,0.9523397691311811,0.0,0.0,0.250510717002493,0.2505107168396405,0.020705159909294838,0.020705159945250996,0.250510717002493,0.2505107168396405,0.0,0.0,0.0,0.0
